ticker,date,card,disc,hack,insd,phys,port,stat,unkn,effective_303,mat_weak_303,sig_def_303,auto_1,auditor_agrees_303,effective_404,audit_fee,non_audit_fee,tax_fees
A,2008,0,0,0,0,0,1,0,0,1,0,0,0,0,0,6902000,758000,503000
A,2008,0,0,0,0,0,1,0,0,1,0,0,1,0,1,6902000,758000,503000
A,2008,0,0,0,0,0,1,0,0,1,0,0,0,0,0,6902000,758000,503000
A,2008,0,0,0,0,0,1,0,0,1,0,0,0,0,0,6902000,758000,503000
A,2008,0,0,0,0,0,1,0,0,1,0,0,0,0,1,6902000,758000,503000
AAN,2011,0,0,0,0,0,0,1,0,1,0,0,0,0,0,6902000,758000,503000
AAN,2011,0,0,0,0,0,0,1,0,1,0,0,0,0,0,6902000,758000,503000
AAN,2011,0,0,0,0,0,0,1,0,1,0,0,0,0,1,1082050,396391,355891
AAN,2011,0,0,0,0,0,0,1,0,1,0,0,1,0,1,1082050,396391,355891
AAN,2011,0,0,0,0,0,0,1,0,1,0,0,0,0,0,1082050,396391,355891
AAN,2013,0,1,0,0,0,0,0,0,1,0,0,0,0,0,1082050,396391,355891
AAN,2013,0,1,0,0,0,0,0,0,1,0,0,0,0,1,1397948,616315,590567
AAN,2013,0,1,0,0,0,0,0,0,1,0,0,1,0,1,1397948,616315,590567
AAN,2013,0,1,0,0,0,0,0,0,1,0,0,0,0,0,1397948,616315,590567
AAN,2013,0,1,0,0,0,0,0,0,1,0,0,0,0,0,1397948,616315,590567
AAP,2008,0,0,1,0,0,0,0,0,1,0,0,0,0,0,1397948,616315,590567
AAP,2008,0,0,1,0,0,0,0,0,1,0,0,0,0,0,1397948,616315,590567
AAP,2008,0,0,1,0,0,0,0,0,1,0,0,0,0,0,1397948,616315,590567
AAP,2016,0,0,1,0,0,0,0,0,1,0,0,0,0,1,4573000,159000,20000
AAP,2016,0,0,1,0,0,0,0,0,1,0,0,1,1,1,4573000,159000,20000
AAP,2016,0,0,1,0,0,0,0,0,1,0,0,0,0,0,4573000,159000,20000
AAPL,2010,0,0,1,0,0,0,0,0,1,0,0,1,0,1,6626800,590700,263900
AAPL,2010,0,0,1,0,0,0,0,0,1,0,0,0,0,0,6626800,590700,263900
AAPL,2010,0,0,1,0,0,0,0,0,1,0,0,0,0,1,6626800,590700,263900
AAPL,2010,0,0,1,0,0,0,0,0,1,0,0,0,0,0,6626800,590700,263900
AAPL,2010,0,0,1,0,0,0,0,0,1,0,0,0,0,0,6626800,590700,263900
AAPL,2011,0,0,1,0,0,0,0,0,1,0,0,0,0,1,8030400,600700,266800
AAPL,2011,0,0,1,0,0,0,0,0,1,0,0,0,0,0,8030400,600700,266800
AAPL,2011,0,0,1,0,0,0,0,0,1,0,0,0,0,0,8030400,600700,266800
AAPL,2011,0,0,1,0,0,0,0,0,1,0,0,1,0,1,8030400,600700,266800
AAPL,2011,0,0,1,0,0,0,0,0,1,0,0,0,0,0,8030400,600700,266800
AAPL,2012,0,0,1,0,0,0,0,0,1,0,0,1,0,1,7459300,604100,225300
AAPL,2012,0,0,1,0,0,0,0,0,1,0,0,0,0,1,7459300,604100,225300
AAPL,2012,0,0,1,0,0,0,0,0,1,0,0,0,0,0,7459300,604100,225300
AAPL,2012,0,0,1,0,0,0,0,0,1,0,0,0,0,0,7459300,604100,225300
AAPL,2012,0,0,1,0,0,0,0,0,1,0,0,0,0,0,7459300,604100,225300
AAPL,2013,0,0,1,0,0,0,0,0,1,0,0,0,0,1,8880000,958400,495600
AAPL,2013,0,0,1,0,0,0,0,0,1,0,0,0,0,0,8880000,958400,495600
AAPL,2013,0,0,1,0,0,0,0,0,1,0,0,1,0,1,8880000,958400,495600
AAPL,2013,0,0,1,0,0,0,0,0,1,0,0,0,0,0,8880000,958400,495600
AAPL,2013,0,0,1,0,0,0,0,0,1,0,0,0,0,0,8880000,958400,495600
AAPL,2013,0,0,1,0,0,0,0,0,1,0,0,0,0,1,8880000,958400,495600
AAPL,2013,0,0,1,0,0,0,0,0,1,0,0,0,0,0,8880000,958400,495600
AAPL,2013,0,0,1,0,0,0,0,0,1,0,0,1,0,1,8880000,958400,495600
AAPL,2013,0,0,1,0,0,0,0,0,1,0,0,0,0,0,8880000,958400,495600
AAPL,2013,0,0,1,0,0,0,0,0,1,0,0,0,0,0,8880000,958400,495600
AAPL,2014,0,0,1,0,0,0,0,0,1,0,0,1,1,1,10600900,2003400,1689000
AAPL,2014,0,0,1,0,0,0,0,0,1,0,0,0,0,0,10600900,2003400,1689000
AAPL,2014,0,0,1,0,0,0,0,0,1,0,0,0,0,0,10600900,2003400,1689000
AAPL,2014,0,0,1,0,0,0,0,0,1,0,0,0,0,1,10600900,2003400,1689000
AAPL,2014,0,0,1,0,0,0,0,0,1,0,0,0,0,0,10600900,2003400,1689000
AAPL,2014,0,0,1,0,0,0,0,0,1,0,0,1,1,1,10600900,2003400,1689000
AAPL,2014,0,0,1,0,0,0,0,0,1,0,0,0,0,0,10600900,2003400,1689000
AAPL,2014,0,0,1,0,0,0,0,0,1,0,0,0,0,0,10600900,2003400,1689000
AAPL,2014,0,0,1,0,0,0,0,0,1,0,0,0,0,1,10600900,2003400,1689000
AAPL,2014,0,0,1,0,0,0,0,0,1,0,0,0,0,0,10600900,2003400,1689000
ABM,2011,0,0,0,0,0,0,1,0,1,0,1,1,0,1,5409100,840919,407819
ABM,2011,0,0,0,0,0,0,1,0,1,0,1,0,0,0,5409100,840919,407819
ABM,2011,0,0,0,0,0,0,1,0,1,0,1,0,0,1,5409100,840919,407819
ABM,2011,0,0,0,0,0,0,1,0,1,0,1,0,0,0,5409100,840919,407819
ABM,2011,0,0,0,0,0,0,1,0,1,0,1,0,0,0,5409100,840919,407819
ADBE,2012,0,0,1,0,0,0,0,0,1,0,0,0,0,0,5409100,840919,407819
ADBE,2012,0,0,1,0,0,0,0,0,1,0,0,1,0,1,3902144,995115,531231
ADBE,2012,0,0,1,0,0,0,0,0,1,0,0,0,0,1,3902144,995115,531231
ADBE,2012,0,0,1,0,0,0,0,0,1,0,0,0,0,0,3902144,995115,531231
ADBE,2012,0,0,1,0,0,0,0,0,1,0,0,0,0,0,3902144,995115,531231
ADBE,2013,0,0,1,0,0,0,0,0,1,0,0,0,0,0,3902144,995115,531231
ADBE,2013,0,0,1,0,0,0,0,0,1,0,0,0,0,0,3902144,995115,531231
ADBE,2013,0,0,1,0,0,0,0,0,1,0,0,1,0,1,4879926,1883020,675749
ADBE,2013,0,0,1,0,0,0,0,0,1,0,0,0,0,0,4879926,1883020,675749
ADBE,2013,0,0,1,0,0,0,0,0,1,0,0,0,0,1,4879926,1883020,675749
ADBE,2013,0,0,1,0,0,0,0,0,1,0,0,0,0,0,4879926,1883020,675749
ADBE,2013,0,0,1,0,0,0,0,0,1,0,0,0,0,0,4879926,1883020,675749
ADBE,2013,0,0,1,0,0,0,0,0,1,0,0,1,0,1,4879926,1883020,675749
ADBE,2013,0,0,1,0,0,0,0,0,1,0,0,0,0,0,4879926,1883020,675749
ADBE,2013,0,0,1,0,0,0,0,0,1,0,0,0,0,1,4879926,1883020,675749
ADP,2006,0,0,0,0,0,0,0,1,1,0,0,1,1,1,11186000,6386000,1034000
ADP,2006,0,0,0,0,0,0,0,1,1,0,0,0,0,0,11186000,6386000,1034000
ADP,2006,0,0,0,0,0,0,0,1,1,0,0,0,0,1,11186000,6386000,1034000
ADP,2006,0,0,0,0,0,0,0,1,1,0,0,0,0,0,11186000,6386000,1034000
ADP,2006,0,0,0,0,0,0,0,1,1,0,0,0,0,0,11186000,6386000,1034000
ADP,2006,0,1,0,0,0,0,0,0,1,0,0,1,1,1,11186000,6386000,1034000
ADP,2006,0,1,0,0,0,0,0,0,1,0,0,0,0,0,11186000,6386000,1034000
ADP,2006,0,1,0,0,0,0,0,0,1,0,0,0,0,1,11186000,6386000,1034000
ADP,2006,0,1,0,0,0,0,0,0,1,0,0,0,0,0,11186000,6386000,1034000
ADP,2006,0,1,0,0,0,0,0,0,1,0,0,0,0,0,11186000,6386000,1034000
ADP,2011,0,0,0,0,0,1,0,0,1,0,0,0,0,0,11186000,6386000,1034000
ADP,2011,0,0,0,0,0,1,0,0,1,0,1,0,0,1,10012000,5624000,2276000
ADP,2011,0,0,0,0,0,1,0,0,1,0,0,0,0,0,10012000,5624000,2276000
ADP,2011,0,0,0,0,0,1,0,0,1,0,1,1,1,1,10012000,5624000,2276000
ADP,2011,0,0,0,0,0,1,0,0,1,0,0,0,0,0,10012000,5624000,2276000
ADP,2013,0,0,1,0,0,0,0,0,1,0,0,1,1,1,10174000,3567000,1541000
ADP,2013,0,0,1,0,0,0,0,0,1,0,0,0,0,0,10174000,3567000,1541000
ADP,2013,0,0,1,0,0,0,0,0,1,0,0,0,0,1,10174000,3567000,1541000
ADP,2013,0,0,1,0,0,0,0,0,1,0,0,0,0,0,10174000,3567000,1541000
ADP,2013,0,0,1,0,0,0,0,0,1,0,0,0,0,0,10174000,3567000,1541000
AFL,2006,0,0,0,0,0,1,0,0,1,0,0,0,0,0,10174000,3567000,1541000
AFL,2006,0,0,0,0,0,1,0,0,1,0,0,0,0,1,3995474,141154,1300
AFL,2006,0,0,0,0,0,1,0,0,1,0,0,0,0,0,3995474,141154,1300
AFL,2006,0,0,0,0,0,1,0,0,1,0,0,1,1,1,3995474,141154,1300
AFL,2006,0,0,0,0,0,1,0,0,1,0,0,0,0,0,3995474,141154,1300
AFL,2006,0,0,0,0,0,1,0,0,1,0,0,0,0,0,3995474,141154,1300
AFL,2006,0,0,0,0,0,1,0,0,1,0,0,0,0,1,3995474,141154,1300
AFL,2006,0,0,0,0,0,1,0,0,1,0,0,0,0,0,3995474,141154,1300
AFL,2006,0,0,0,0,0,1,0,0,1,0,0,1,1,1,3995474,141154,1300
AFL,2006,0,0,0,0,0,1,0,0,1,0,0,0,0,0,3995474,141154,1300
AFL,2016,0,1,0,0,0,0,0,0,1,0,0,0,0,0,3995474,141154,1300
AIG,2006,0,0,0,0,0,0,1,0,0,1,0,0,0,0,3995474,141154,1300
AIG,2006,0,0,0,0,0,0,1,0,0,1,0,0,0,0,3995474,141154,1300
AIG,2006,0,0,0,0,0,0,1,0,0,1,0,1,1,0,96100000,20000000,11600000
AIG,2006,0,0,0,0,0,0,1,0,0,1,0,0,0,0,96100000,20000000,11600000
AIG,2006,0,0,0,0,0,0,1,0,0,1,0,0,0,0,96100000,20000000,11600000
AIQ,2010,0,0,0,0,0,1,0,0,1,0,0,1,0,1,923000,155000,10000
AIQ,2010,0,0,0,0,0,1,0,0,1,0,0,0,0,0,923000,155000,10000
AIQ,2010,0,0,0,0,0,1,0,0,1,0,0,0,0,0,923000,155000,10000
AIQ,2010,0,0,0,0,0,1,0,0,1,0,0,0,0,0,923000,155000,10000
AIQ,2010,0,0,0,0,0,1,0,0,1,0,0,0,0,1,923000,155000,10000
ALSK,2014,0,0,1,0,0,0,0,0,1,0,1,0,0,0,923000,155000,10000
ALSK,2014,0,0,1,0,0,0,0,0,0,1,0,0,0,0,810827,155000,10000
ALSK,2014,0,0,1,0,0,0,0,0,0,1,0,1,1,0,810827,155000,10000
ALSK,2014,0,0,1,0,0,0,0,0,1,0,0,0,0,0,810827,155000,10000
ALSK,2014,0,0,1,0,0,0,0,0,1,0,0,0,0,0,810827,155000,10000
AMD,2012,0,0,0,1,0,0,0,0,1,0,0,0,0,0,810827,155000,10000
AMD,2012,0,0,0,1,0,0,0,0,1,0,0,0,0,1,3611293,171701,45638
AMD,2012,0,0,0,1,0,0,0,0,1,0,0,0,0,0,3611293,171701,45638
AMD,2012,0,0,0,1,0,0,0,0,1,0,0,1,0,1,3611293,171701,45638
AMD,2012,0,0,0,1,0,0,0,0,1,0,0,0,0,0,3611293,171701,45638
AMD,2013,0,0,0,1,0,0,0,0,1,0,0,0,0,0,3611293,171701,45638
AMD,2013,0,0,0,1,0,0,0,0,1,0,0,0,0,1,4012418,196234,52706
AMD,2013,0,0,0,1,0,0,0,0,1,0,0,0,0,0,4012418,196234,52706
AMD,2013,0,0,0,1,0,0,0,0,1,0,0,1,0,1,4012418,196234,52706
AMD,2013,0,0,0,1,0,0,0,0,1,0,0,0,0,0,4012418,196234,52706
AMED,2015,0,0,1,0,0,0,0,0,1,0,0,0,0,0,4012418,196234,52706
AMED,2015,0,0,1,0,0,0,0,0,1,0,0,0,0,0,4012418,196234,52706
AMED,2015,0,0,1,0,0,0,0,0,1,0,1,0,0,1,1320424,400424,362000
AMED,2015,0,0,1,0,0,0,0,0,1,0,1,0,0,0,1320424,400424,362000
AMED,2015,0,0,1,0,0,0,0,0,1,0,1,1,1,1,1320424,400424,362000
AMP,2005,0,0,0,0,0,1,0,0,1,0,0,0,0,0,1320424,400424,362000
AMP,2005,0,0,0,0,0,1,0,0,1,0,0,0,0,0,1320424,400424,362000
AMTD,2005,0,0,0,0,0,1,0,0,0,1,0,0,0,0,1345976,494638,103546
AMTD,2005,0,0,0,0,0,1,0,0,1,0,0,0,0,0,1345976,494638,103546
AMTD,2005,0,0,0,0,0,1,0,0,1,1,0,0,0,0,1345976,494638,103546
AMTD,2005,0,0,0,0,0,1,0,0,1,0,0,0,0,0,1345976,494638,103546
AMTD,2005,0,0,0,0,0,1,0,0,0,1,0,1,1,0,1345976,494638,103546
AMTD,2006,0,0,0,0,0,1,0,0,1,0,0,1,1,1,2214000,169000,103546
AMTD,2006,0,0,0,0,0,1,0,0,1,0,0,0,0,0,2214000,169000,103546
AMTD,2006,0,0,0,0,0,1,0,0,1,0,0,0,0,1,2214000,169000,103546
AMTD,2006,0,0,0,0,0,1,0,0,1,0,1,0,0,0,2214000,169000,103546
AMTD,2006,0,0,0,0,0,1,0,0,1,0,0,0,0,0,2214000,169000,103546
AMTD,2007,0,0,1,0,0,0,0,0,1,0,0,0,0,0,2214000,169000,103546
AMTD,2007,0,0,1,0,0,0,0,0,1,0,0,1,0,1,2197020,147000,45000
AMTD,2007,0,0,1,0,0,0,0,0,1,0,0,0,0,0,2197020,147000,45000
AMTD,2007,0,0,1,0,0,0,0,0,1,0,0,0,0,1,2197020,147000,45000
AMTD,2007,0,0,1,0,0,0,0,0,1,0,1,0,0,0,2197020,147000,45000
AMZN,2011,0,1,0,0,0,0,0,0,1,0,0,0,0,1,5616000,533000,35000
AMZN,2011,0,1,0,0,0,0,0,0,1,0,0,1,0,1,5616000,533000,35000
AMZN,2011,0,1,0,0,0,0,0,0,1,0,0,0,0,0,5616000,533000,35000
AMZN,2011,0,1,0,0,0,0,0,0,1,0,0,0,0,0,5616000,533000,35000
AMZN,2011,0,1,0,0,0,0,0,0,1,0,0,0,0,0,5616000,533000,35000
ARW,2010,0,0,0,0,0,1,0,0,1,0,0,0,0,0,5616000,533000,35000
ARW,2010,0,0,0,0,0,1,0,0,1,0,1,0,0,1,7466729,1978580,1388230
ARW,2010,0,0,0,0,0,1,0,0,1,0,1,1,0,1,7466729,1978580,1388230
ARW,2010,0,0,0,0,0,1,0,0,1,0,1,0,0,0,7466729,1978580,1388230
ARW,2010,0,0,0,0,0,1,0,0,1,0,1,0,0,0,7466729,1978580,1388230
ARW,2010,0,0,0,0,0,1,0,0,1,0,0,0,0,0,7466729,1978580,1388230
ARW,2010,0,0,0,0,0,1,0,0,1,0,1,0,0,1,7466729,1978580,1388230
ARW,2010,0,0,0,0,0,1,0,0,1,0,1,1,0,1,7466729,1978580,1388230
ARW,2010,0,0,0,0,0,1,0,0,1,0,1,0,0,0,7466729,1978580,1388230
ARW,2010,0,0,0,0,0,1,0,0,1,0,1,0,0,0,7466729,1978580,1388230
AWI,2006,0,0,0,0,0,1,0,0,1,0,0,0,0,0,7466729,1978580,1388230
AWI,2006,0,0,0,0,0,1,0,0,1,0,0,0,0,0,7466729,1978580,1388230
AWI,2006,0,0,0,0,0,1,0,0,1,0,0,0,0,0,7466729,1978580,1388230
AWI,2006,0,0,0,0,0,1,0,0,1,0,0,0,0,0,7466729,1978580,1388230
AXP,2009,0,0,0,1,0,0,0,0,1,0,0,0,0,0,7466729,1978580,1388230
AXP,2009,0,0,0,1,0,0,0,0,1,0,1,0,0,0,7466729,1978580,1388230
AXP,2009,0,0,0,1,0,0,0,0,1,0,0,1,0,1,18900000,2027000,127000
AXP,2009,0,0,0,1,0,0,0,0,1,0,0,0,0,1,18900000,2027000,127000
AXP,2009,0,0,0,1,0,0,0,0,1,0,0,0,0,0,18900000,2027000,127000
AXP,2013,0,0,0,0,0,0,0,1,1,0,0,0,0,0,18900000,2027000,127000
AXP,2013,0,0,0,0,0,0,0,1,1,0,0,1,0,1,24702000,4126000,119000
AXP,2013,0,0,0,0,0,0,0,1,1,0,0,0,0,1,24702000,4126000,119000
AXP,2013,0,0,0,0,0,0,0,1,1,0,0,0,0,0,24702000,4126000,119000
AXP,2013,0,0,0,0,0,0,0,1,1,0,0,0,0,0,24702000,4126000,119000
AXP,2013,0,0,1,0,0,0,0,0,1,0,0,0,0,0,24702000,4126000,119000
AXP,2013,0,0,1,0,0,0,0,0,1,0,0,1,0,1,24702000,4126000,119000
AXP,2013,0,0,1,0,0,0,0,0,1,0,0,0,0,1,24702000,4126000,119000
AXP,2013,0,0,1,0,0,0,0,0,1,0,0,0,0,0,24702000,4126000,119000
AXP,2013,0,0,1,0,0,0,0,0,1,0,0,0,0,0,24702000,4126000,119000
AXP,2014,0,0,1,0,0,0,0,0,1,0,1,0,0,0,24702000,4126000,119000
AXP,2014,0,0,1,0,0,0,0,0,1,0,0,0,0,1,25874000,4755000,137000
AXP,2014,0,0,1,0,0,0,0,0,1,0,0,1,1,1,25874000,4755000,137000
AXP,2014,0,0,1,0,0,0,0,0,1,0,0,0,0,0,25874000,4755000,137000
AXP,2014,0,0,1,0,0,0,0,0,1,0,0,0,0,0,25874000,4755000,137000
AXP,2014,1,0,0,0,0,0,0,0,1,0,1,0,0,0,25874000,4755000,137000
AXP,2014,1,0,0,0,0,0,0,0,1,0,0,0,0,1,25874000,4755000,137000
AXP,2014,1,0,0,0,0,0,0,0,1,0,0,1,1,1,25874000,4755000,137000
AXP,2014,1,0,0,0,0,0,0,0,1,0,0,0,0,0,25874000,4755000,137000
AXP,2014,1,0,0,0,0,0,0,0,1,0,0,0,0,0,25874000,4755000,137000
BA,2005,0,0,0,0,0,1,0,0,1,0,0,1,1,1,28600000,2800000,2500000
BA,2005,0,0,0,0,0,1,0,0,1,0,1,0,0,0,28600000,2800000,2500000
BA,2005,0,0,0,0,0,1,0,0,1,0,0,0,0,0,28600000,2800000,2500000
BA,2005,0,0,0,0,0,1,0,0,1,0,0,0,0,0,28600000,2800000,2500000
BA,2005,0,0,0,0,0,1,0,0,1,0,0,0,0,1,28600000,2800000,2500000
BA,2006,0,0,0,0,0,1,0,0,1,0,0,0,0,0,28600000,2800000,2500000
BA,2006,0,0,0,0,0,1,0,0,1,0,0,0,0,0,28600000,2800000,2500000
BA,2006,0,0,0,0,0,1,0,0,1,0,0,1,1,1,32200000,2700000,2000000
BA,2006,0,0,0,0,0,1,0,0,1,0,0,0,0,1,32200000,2700000,2000000
BA,2006,0,0,0,0,0,1,0,0,1,0,1,0,0,0,32200000,2700000,2000000
BA,2006,0,0,0,0,0,1,0,0,1,0,0,0,0,0,32200000,2700000,2000000
BA,2006,0,0,0,0,0,1,0,0,1,0,0,0,0,0,32200000,2700000,2000000
BA,2006,0,0,0,0,0,1,0,0,1,0,0,1,1,1,32200000,2700000,2000000
BA,2006,0,0,0,0,0,1,0,0,1,0,0,0,0,1,32200000,2700000,2000000
BA,2006,0,0,0,0,0,1,0,0,1,0,1,0,0,0,32200000,2700000,2000000
BA,2006,0,0,0,0,0,1,0,0,1,0,0,0,0,0,32200000,2700000,2000000
BA,2006,0,0,0,0,0,1,0,0,1,0,0,0,0,0,32200000,2700000,2000000
BA,2006,0,0,0,0,0,1,0,0,1,0,0,1,1,1,32200000,2700000,2000000
BA,2006,0,0,0,0,0,1,0,0,1,0,0,0,0,1,32200000,2700000,2000000
BA,2006,0,0,0,0,0,1,0,0,1,0,1,0,0,0,32200000,2700000,2000000
BA,2014,0,0,1,0,0,0,0,0,1,0,0,0,0,1,26500000,200000,100000
BA,2014,0,0,1,0,0,0,0,0,1,0,0,0,0,0,26500000,200000,100000
BA,2014,0,0,1,0,0,0,0,0,1,0,0,1,1,1,26500000,200000,100000
BA,2014,0,0,1,0,0,0,0,0,1,0,0,0,0,0,26500000,200000,100000
BA,2014,0,0,1,0,0,0,0,0,1,0,0,0,0,0,26500000,200000,100000
BAC,2005,0,0,0,0,0,1,0,0,0,1,0,1,1,1,34300000,20400000,13500000
BAC,2005,0,0,0,0,0,1,0,0,0,0,1,0,0,0,34300000,20400000,13500000
BAC,2005,0,0,0,0,0,1,0,0,0,0,1,0,0,0,34300000,20400000,13500000
BAC,2005,0,0,0,0,0,1,0,0,0,1,0,0,0,1,34300000,20400000,13500000
BAC,2005,0,0,0,0,0,1,0,0,0,0,1,0,0,0,34300000,20400000,13500000
BAC,2009,1,0,0,0,0,0,0,0,1,0,0,0,0,0,34300000,20400000,13500000
BAC,2009,1,0,0,0,0,0,0,0,1,0,0,0,0,1,107200000,33200000,20800000
BAC,2009,1,0,0,0,0,0,0,0,1,0,0,0,0,0,107200000,33200000,20800000
BAC,2009,1,0,0,0,0,0,0,0,1,0,0,0,0,0,107200000,33200000,20800000
BAC,2009,1,0,0,0,0,0,0,0,1,0,0,1,0,1,107200000,33200000,20800000
BBY,2011,0,0,1,0,0,0,0,0,1,0,0,0,0,0,107200000,33200000,20800000
BBY,2011,0,0,1,0,0,0,0,0,1,0,0,0,0,0,107200000,33200000,20800000
BBY,2011,0,0,1,0,0,0,0,0,1,0,0,0,0,0,107200000,33200000,20800000
BBY,2011,0,0,1,0,0,0,0,0,1,0,0,1,1,1,6450000,3355000,395000
BBY,2011,0,0,1,0,0,0,0,0,1,0,0,0,0,1,6450000,3355000,395000
BC,2007,0,0,1,0,0,0,0,0,1,0,0,0,0,1,5490000,573000,453000
BC,2007,0,0,1,0,0,0,0,0,1,0,0,0,0,0,5490000,573000,453000
BC,2007,0,0,1,0,0,0,0,0,1,0,0,1,0,1,5490000,573000,453000
BC,2007,0,0,1,0,0,0,0,0,1,0,0,0,0,0,5490000,573000,453000
BC,2007,0,0,1,0,0,0,0,0,1,0,0,0,0,0,5490000,573000,453000
BC,2008,0,0,0,0,0,0,1,0,1,0,0,0,0,0,5490000,573000,453000
BC,2008,0,0,0,0,0,0,1,0,1,0,0,0,0,0,5490000,573000,453000
BC,2008,0,0,0,0,0,0,1,0,1,0,0,0,0,0,5490000,573000,453000
BC,2008,0,0,0,0,0,0,1,0,1,0,1,1,0,1,5486210,705947,580947
BC,2008,0,0,0,0,0,0,1,0,1,0,1,0,0,1,5486210,705947,580947
BKS,2012,1,0,0,0,0,0,0,0,1,0,0,0,0,0,5486210,705947,580947
BKS,2012,1,0,0,0,0,0,0,0,1,0,0,1,0,1,1903885,556272,241967
BKS,2012,1,0,0,0,0,0,0,0,1,0,0,0,0,0,1903885,556272,241967
BKS,2012,1,0,0,0,0,0,0,0,1,0,0,0,0,0,1903885,556272,241967
BKS,2012,1,0,0,0,0,0,0,0,1,0,0,0,0,1,1903885,556272,241967
BLKB,2009,0,0,0,0,0,1,0,0,1,0,0,0,0,1,837069,11620,10000
BLKB,2009,0,0,0,0,0,1,0,0,1,0,0,1,0,1,837069,11620,10000
BLKB,2009,0,0,0,0,0,1,0,0,1,0,1,0,0,0,837069,11620,10000
BLKB,2009,0,0,0,0,0,1,0,0,1,0,1,0,0,0,837069,11620,10000
BLKB,2009,0,0,0,0,0,1,0,0,1,0,1,0,0,0,837069,11620,10000
BOH,2013,0,0,1,0,0,0,0,0,1,0,0,0,0,0,837069,11620,10000
BOH,2013,0,0,1,0,0,0,0,0,1,0,0,0,0,0,837069,11620,10000
BOH,2013,0,0,1,0,0,0,0,0,1,0,0,1,0,1,1494360,232544,38544
BOH,2013,0,0,1,0,0,0,0,0,1,0,0,0,0,1,1494360,232544,38544
BOH,2013,0,0,1,0,0,0,0,0,1,0,0,0,0,0,1494360,232544,38544
BR,2009,0,1,0,0,0,0,0,0,1,0,0,0,0,0,1494360,232544,38544
BR,2009,0,1,0,0,0,0,0,0,1,0,0,0,0,0,1494360,232544,38544
BR,2009,0,1,0,0,0,0,0,0,1,0,0,0,0,0,1494360,232544,38544
BR,2009,0,1,0,0,0,0,0,0,1,0,0,1,0,1,5433000,2007000,157000
BR,2009,0,1,0,0,0,0,0,0,1,0,0,0,0,1,5433000,2007000,157000
BSX,2014,0,0,1,0,0,0,0,0,1,0,0,0,0,0,5433000,2007000,157000
BSX,2014,0,0,1,0,0,0,0,0,1,0,0,0,0,1,14446000,2277000,527000
BSX,2014,0,0,1,0,0,0,0,0,1,0,0,0,0,0,14446000,2277000,527000
BSX,2014,0,0,1,0,0,0,0,0,1,0,0,0,0,0,14446000,2277000,527000
BSX,2014,0,0,1,0,0,0,0,0,1,0,0,1,1,1,14446000,2277000,527000
C,2005,0,0,0,0,0,1,0,0,1,0,0,0,0,1,61800000,15900000,6000000
C,2005,0,0,0,0,0,1,0,0,1,0,0,0,0,0,61800000,15900000,6000000
C,2005,0,0,0,0,0,1,0,0,1,0,0,0,0,0,61800000,15900000,6000000
C,2005,0,0,0,0,0,1,0,0,1,0,0,0,0,0,61800000,15900000,6000000
C,2005,0,0,0,0,0,1,0,0,1,0,0,1,1,1,61800000,15900000,6000000
C,2006,0,0,0,0,0,1,0,0,1,0,0,0,0,0,61800000,15900000,6000000
C,2006,0,0,0,0,0,1,0,0,1,0,0,0,0,0,61800000,15900000,6000000
C,2006,0,0,0,0,0,1,0,0,1,0,0,1,1,1,64500000,15900000,4300000
C,2006,0,0,0,0,0,1,0,0,1,0,0,0,0,1,64500000,15900000,4300000
C,2006,0,0,0,0,0,1,0,0,1,0,0,0,0,0,64500000,15900000,4300000
C,2007,0,1,0,0,0,0,0,0,1,0,0,0,0,0,64500000,15900000,4300000
C,2007,0,1,0,0,0,0,0,0,1,0,0,0,0,0,64500000,15900000,4300000
C,2007,0,1,0,0,0,0,0,0,1,0,0,0,0,0,64500000,15900000,4300000
C,2007,0,1,0,0,0,0,0,0,1,0,0,1,0,1,81700000,24500000,6400000
C,2007,0,1,0,0,0,0,0,0,1,0,0,0,0,1,81700000,24500000,6400000
C,2007,0,0,0,0,0,1,0,0,1,0,0,0,0,0,81700000,24500000,6400000
C,2007,0,0,0,0,0,1,0,0,1,0,0,0,0,0,81700000,24500000,6400000
C,2007,0,0,0,0,0,1,0,0,1,0,0,0,0,0,81700000,24500000,6400000
C,2007,0,0,0,0,0,1,0,0,1,0,0,1,0,1,81700000,24500000,6400000
C,2007,0,0,0,0,0,1,0,0,1,0,0,0,0,1,81700000,24500000,6400000
C,2009,1,0,0,0,0,0,0,0,1,0,0,1,0,1,85900000,28700000,10000000
C,2009,1,0,0,0,0,0,0,0,1,0,0,0,0,0,85900000,28700000,10000000
C,2009,1,0,0,0,0,0,0,0,1,0,0,0,0,0,85900000,28700000,10000000
C,2009,1,0,0,0,0,0,0,0,1,0,0,0,0,1,85900000,28700000,10000000
C,2009,1,0,0,0,0,0,0,0,1,0,0,0,0,0,85900000,28700000,10000000
C,2010,0,1,0,0,0,0,0,0,1,0,0,0,0,0,85900000,28700000,10000000
C,2010,0,1,0,0,0,0,0,0,1,0,0,0,0,0,81700000,24500000,6400000
C,2010,0,1,0,0,0,0,0,0,1,0,0,0,0,1,86700000,26900000,10500000
C,2010,0,1,0,0,0,0,0,0,1,0,0,0,0,0,86700000,26900000,10500000
C,2010,0,1,0,0,0,0,0,0,1,0,0,1,0,1,86700000,26900000,10500000
C,2010,0,1,0,0,0,0,0,0,1,0,0,0,0,0,86700000,26900000,10500000
C,2010,0,1,0,0,0,0,0,0,1,0,0,0,0,0,86700000,26900000,10500000
C,2010,0,1,0,0,0,0,0,0,1,0,0,0,0,1,86700000,26900000,10500000
C,2010,0,1,0,0,0,0,0,0,1,0,0,0,0,0,86700000,26900000,10500000
C,2010,0,1,0,0,0,0,0,0,1,0,0,1,0,1,86700000,26900000,10500000
C,2011,0,0,0,0,0,0,0,1,1,0,0,0,0,0,86700000,26900000,10500000
C,2011,0,0,0,0,0,0,0,1,1,0,0,1,0,1,85500000,25400000,8700000
C,2011,0,0,0,0,0,0,0,1,1,0,0,0,0,1,85500000,25400000,8700000
C,2011,0,0,0,0,0,0,0,1,1,0,0,0,0,0,85500000,25400000,8700000
C,2011,0,0,0,0,0,0,0,1,1,0,0,0,0,0,85500000,25400000,8700000
C,2013,0,1,0,0,0,0,0,0,1,0,0,0,0,0,81700000,24500000,6400000
C,2013,0,1,0,0,0,0,0,0,1,0,0,1,0,1,86000000,27300000,7800000
C,2013,0,1,0,0,0,0,0,0,1,0,0,0,0,0,86000000,27300000,7800000
C,2013,0,1,0,0,0,0,0,0,1,0,0,0,0,0,86000000,27300000,7800000
C,2013,0,1,0,0,0,0,0,0,1,0,0,0,0,1,86000000,27300000,7800000
CAH,2010,0,0,0,0,0,1,0,0,1,0,0,1,0,1,8670760,2672970,1049020
CAH,2010,0,0,0,0,0,1,0,0,1,0,0,0,0,1,8670760,2672970,1049020
CAH,2010,0,0,0,0,0,1,0,0,1,0,0,0,0,0,8670760,2672970,1049020
CAH,2010,0,0,0,0,0,1,0,0,1,0,0,0,0,0,8670760,2672970,1049020
CAH,2010,0,0,0,0,0,1,0,0,1,0,0,0,0,0,81700000,24500000,6400000
CAKE,2010,0,0,0,1,0,0,0,0,1,0,0,1,0,1,534755,16995,16995
CAKE,2010,0,0,0,1,0,0,0,0,1,0,0,0,0,0,534755,16995,16995
CAKE,2010,0,0,0,1,0,0,0,0,1,0,0,0,0,0,534755,16995,16995
CAKE,2010,0,0,0,1,0,0,0,0,1,0,0,0,0,0,81700000,24500000,6400000
CAKE,2010,0,0,0,1,0,0,0,0,1,0,0,0,0,1,534755,16995,16995
CAKE,2010,0,0,0,1,0,0,0,0,1,0,0,1,0,1,534755,16995,16995
CAKE,2010,0,0,0,1,0,0,0,0,1,0,0,0,0,0,534755,16995,16995
CAKE,2010,0,0,0,1,0,0,0,0,1,0,0,0,0,0,534755,16995,16995
CAKE,2010,0,0,0,1,0,0,0,0,1,0,0,0,0,0,81700000,24500000,6400000
CAKE,2010,0,0,0,1,0,0,0,0,1,0,0,0,0,1,534755,16995,16995
CAR,2015,0,1,0,0,0,0,0,0,1,0,0,0,0,0,534755,16995,16995
CAR,2015,0,1,0,0,0,0,0,0,1,0,0,0,0,1,8534000,4037000,2668000
CAR,2015,0,1,0,0,0,0,0,0,1,0,0,0,0,0,8534000,4037000,2668000
CAR,2015,0,1,0,0,0,0,0,0,1,0,0,1,1,1,8534000,4037000,2668000
CAR,2015,0,1,0,0,0,0,0,0,1,0,0,0,0,0,8534000,4037000,2668000
CAT,2007,0,0,0,0,0,1,0,0,1,0,0,0,0,1,26200000,9700000,4900000
CAT,2007,0,0,0,0,0,1,0,0,1,0,0,0,0,1,26200000,9700000,4900000
CAT,2007,0,0,0,0,0,1,0,0,1,0,0,1,0,1,26200000,9700000,4900000
CAT,2007,0,0,0,0,0,1,0,0,1,0,0,0,0,0,26200000,9700000,4900000
CAT,2007,0,0,0,0,0,1,0,0,1,0,0,0,0,0,26200000,9700000,4900000
CAT,2007,0,0,0,0,0,1,0,0,1,0,0,1,0,1,26200000,9700000,4900000
CAT,2007,0,0,0,0,0,1,0,0,1,0,0,0,0,1,26200000,9700000,4900000
CAT,2007,0,0,0,0,0,1,0,0,1,0,0,0,0,0,26200000,9700000,4900000
CAT,2007,0,0,0,0,0,1,0,0,1,0,0,0,0,1,26200000,9700000,4900000
CAT,2007,0,0,0,0,0,1,0,0,1,0,0,0,0,0,26200000,9700000,4900000
CAT,2007,0,0,0,0,0,1,0,0,1,0,0,1,0,1,26200000,9700000,4900000
CAT,2007,0,0,0,0,0,1,0,0,1,0,0,1,0,1,26200000,9700000,4900000
CAT,2007,0,0,0,0,0,1,0,0,1,0,0,0,0,0,26200000,9700000,4900000
CAT,2007,0,0,0,0,0,1,0,0,1,0,0,0,0,0,26200000,9700000,4900000
CCI,2013,0,0,1,0,0,0,0,0,1,0,0,0,0,1,2324000,810000,369000
CCI,2013,0,0,1,0,0,0,0,0,1,0,0,0,0,0,2324000,810000,369000
CCI,2013,0,0,1,0,0,0,0,0,1,0,0,0,0,0,2324000,810000,369000
CCI,2013,0,0,1,0,0,0,0,0,1,0,0,1,0,1,2324000,810000,369000
CCI,2013,0,0,1,0,0,0,0,0,1,0,0,0,0,0,2324000,810000,369000
CELG,2007,0,0,0,0,0,1,0,0,1,0,0,0,0,0,2324000,810000,369000
CELG,2007,0,0,0,0,0,1,0,0,1,0,0,0,0,0,2324000,810000,369000
CELG,2007,0,0,0,0,0,1,0,0,1,0,0,1,0,1,2870000,785000,530000
CELG,2007,0,0,0,0,0,1,0,0,1,0,0,0,0,1,2870000,785000,530000
CELG,2007,0,0,0,0,0,1,0,0,1,0,0,0,0,0,2870000,785000,530000
CHTR,2008,0,0,0,0,0,1,0,0,1,0,0,0,0,0,2870000,785000,530000
CHTR,2008,0,0,0,0,0,1,0,0,1,0,0,0,0,0,2324000,810000,369000
CHTR,2008,0,0,0,0,0,1,0,0,1,0,0,1,0,1,4000000,100000,0
CHTR,2008,0,0,0,0,0,1,0,0,1,0,0,0,0,0,4000000,100000,0
CHTR,2008,0,0,0,0,0,1,0,0,1,0,0,0,0,1,4000000,100000,0
CMCSA,2009,0,1,0,0,0,0,0,0,1,0,0,1,0,1,6500000,1900000,300000
CMCSA,2009,0,1,0,0,0,0,0,0,1,0,0,0,0,0,6500000,1900000,300000
CMCSA,2009,0,1,0,0,0,0,0,0,1,0,0,0,0,1,6500000,1900000,300000
CMCSA,2009,0,1,0,0,0,0,0,0,1,0,0,0,0,0,6500000,1900000,300000
CMCSA,2009,0,1,0,0,0,0,0,0,1,0,0,0,0,0,6500000,1900000,300000
CMCSA,2012,0,0,1,0,0,0,0,0,1,0,0,0,0,0,2324000,810000,369000
CMCSA,2012,0,0,1,0,0,0,0,0,1,0,0,0,0,0,2324000,810000,369000
CMCSA,2012,0,0,1,0,0,0,0,0,1,0,0,0,0,0,2324000,810000,369000
CMCSA,2012,0,0,1,0,0,0,0,0,1,0,0,0,0,1,14500000,2700000,1600000
CMCSA,2012,0,0,1,0,0,0,0,0,1,0,0,1,0,1,14500000,2700000,1600000
CMCSA,2015,0,0,1,0,0,0,0,0,1,0,0,0,0,0,14500000,2700000,1600000
CMCSA,2015,0,0,1,0,0,0,0,0,1,0,1,0,0,1,20400000,4600000,600000
CMCSA,2015,0,0,1,0,0,0,0,0,1,0,0,0,0,0,20400000,4600000,600000
CMCSA,2015,0,0,1,0,0,0,0,0,1,0,1,1,1,1,20400000,4600000,600000
CMCSA,2015,0,0,1,0,0,0,0,0,1,0,0,0,0,0,20400000,4600000,600000
CME,2013,0,0,1,0,0,0,0,0,1,0,0,0,0,0,20400000,4600000,600000
CME,2013,0,0,1,0,0,0,0,0,1,0,0,0,0,0,20400000,4600000,600000
CME,2013,0,0,1,0,0,0,0,0,1,0,0,1,0,1,20400000,4600000,600000
CME,2013,0,0,1,0,0,0,0,0,1,0,0,0,0,1,2291660,928729,888729
CME,2013,0,0,1,0,0,0,0,0,1,0,0,0,0,0,2291660,928729,888729
CPRT,2006,0,0,1,0,0,0,0,0,1,0,0,1,1,1,1813800,26200,26200
CPRT,2006,0,0,1,0,0,0,0,0,1,0,0,0,0,1,1813800,26200,26200
CPRT,2006,0,0,1,0,0,0,0,0,1,0,0,0,0,0,1813800,26200,26200
CPRT,2006,0,0,1,0,0,0,0,0,1,0,0,0,0,0,1813800,26200,26200
CPRT,2006,0,0,1,0,0,0,0,0,1,0,0,0,0,0,1813800,26200,26200
CS,2007,0,1,0,0,0,0,0,0,0,1,0,1,0,0,54392200,17185300,1751900
CS,2007,0,1,0,0,0,0,0,0,0,1,0,0,0,0,54392200,17185300,1751900
CVC,2006,0,0,0,0,0,1,0,0,1,0,0,0,0,0,54392200,17185300,1751900
CVC,2006,0,0,0,0,0,1,0,0,1,0,0,0,0,1,12151000,1144000,101000
CVC,2006,0,0,0,0,0,1,0,0,1,0,0,0,0,0,12151000,1144000,101000
CVC,2006,0,0,0,0,0,1,0,0,1,0,0,1,1,1,12151000,1144000,101000
CVC,2006,0,0,0,0,0,1,0,0,1,0,0,0,0,0,12151000,1144000,101000
CVS,2011,0,0,0,1,0,0,0,0,1,0,0,1,0,1,7589820,2773090,468270
CVS,2011,0,0,0,1,0,0,0,0,1,0,0,0,0,0,7589820,2773090,468270
CVS,2011,0,0,0,1,0,0,0,0,1,0,0,0,0,1,7589820,2773090,468270
CVS,2011,0,0,0,1,0,0,0,0,1,0,0,0,0,0,7589820,2773090,468270
CVS,2011,0,0,0,1,0,0,0,0,1,0,0,0,0,0,7589820,2773090,468270
CVS,2012,0,1,0,0,0,0,0,0,1,0,0,1,0,1,8738190,3149390,884736
CVS,2012,0,1,0,0,0,0,0,0,1,0,0,0,0,0,8738190,3149390,884736
CVS,2012,0,1,0,0,0,0,0,0,1,0,1,0,0,0,8738190,3149390,884736
CVS,2012,0,1,0,0,0,0,0,0,1,0,0,0,0,1,8738190,3149390,884736
CVS,2012,0,1,0,0,0,0,0,0,1,0,0,0,0,0,8738190,3149390,884736
CVS,2012,0,0,0,0,1,0,0,0,1,0,0,1,0,1,8738190,3149390,884736
CVS,2012,0,0,0,0,1,0,0,0,1,0,0,0,0,0,8738190,3149390,884736
CVS,2012,0,0,0,0,1,0,0,0,1,0,1,0,0,0,8738190,3149390,884736
CVS,2012,0,0,0,0,1,0,0,0,1,0,0,0,0,1,8738190,3149390,884736
CVS,2012,0,0,0,0,1,0,0,0,1,0,0,0,0,0,8738190,3149390,884736
CVS,2014,0,1,0,0,0,0,0,0,1,0,0,0,0,1,9555495,2509880,1800550
CVS,2014,0,1,0,0,0,0,0,0,1,0,0,0,0,0,9555495,2509880,1800550
CVS,2014,0,1,0,0,0,0,0,0,1,0,0,0,0,0,9555495,2509880,1800550
CVS,2014,0,1,0,0,0,0,0,0,1,0,0,0,0,0,1813800,26200,26200
CVS,2014,0,1,0,0,0,0,0,0,1,0,0,1,1,1,9555495,2509880,1800550
CYH,2014,0,0,1,0,0,0,0,0,1,0,1,0,0,0,9555495,2509880,1800550
CYH,2014,0,0,1,0,0,0,0,0,1,0,1,0,0,1,11628000,3918000,868000
CYH,2014,0,0,1,0,0,0,0,0,1,0,1,1,1,1,11628000,3918000,868000
CYH,2014,0,0,1,0,0,0,0,0,1,0,1,0,0,0,11628000,3918000,868000
CYH,2014,0,0,1,0,0,0,0,0,1,0,1,0,0,0,11628000,3918000,868000
D,2006,0,0,0,0,0,1,0,0,1,0,0,0,0,1,7420000,790000,80000
D,2006,0,0,0,0,0,1,0,0,1,0,1,0,0,0,7420000,790000,80000
D,2006,0,0,0,0,0,1,0,0,1,0,0,1,1,1,7420000,790000,80000
D,2006,0,0,0,0,0,1,0,0,1,0,1,0,0,0,7420000,790000,80000
D,2006,0,0,0,0,0,1,0,0,1,0,0,0,0,0,7420000,790000,80000
D,2014,0,0,1,0,0,0,0,0,1,0,0,0,0,1,7500000,570000,80000
D,2014,0,0,1,0,0,0,0,0,1,0,0,0,0,0,7500000,570000,80000
D,2014,0,0,1,0,0,0,0,0,1,0,0,0,0,0,7500000,570000,80000
D,2014,0,0,1,0,0,0,0,0,1,0,0,0,0,0,1813800,26200,26200
D,2014,0,0,1,0,0,0,0,0,1,0,0,1,1,1,7500000,570000,80000
DBD,2006,0,0,0,0,0,1,0,0,1,0,1,0,0,0,7500000,570000,80000
DBD,2006,0,0,0,0,0,1,0,0,1,0,0,0,0,1,3495080,1446660,894030
DBD,2006,0,0,0,0,0,1,0,0,1,0,1,0,0,0,3495080,1446660,894030
DBD,2006,0,0,0,0,0,1,0,0,1,0,0,1,1,1,3495080,1446660,894030
DBD,2006,0,0,0,0,0,1,0,0,0,1,0,0,0,0,3495080,1446660,894030
DFS,2012,0,0,0,0,0,0,0,1,1,0,0,0,0,0,3495080,1446660,894030
DFS,2012,0,0,0,0,0,0,0,1,1,0,0,0,0,0,3495080,1446660,894030
DFS,2012,0,0,0,0,0,0,0,1,1,0,1,0,0,0,3495080,1446660,894030
DFS,2012,0,0,0,0,0,0,0,1,1,0,1,1,0,1,6667000,1926000,894030
DFS,2012,0,0,0,0,0,0,0,1,1,0,1,0,0,1,6667000,1926000,894030
DFS,2013,0,0,0,0,0,0,0,1,1,0,0,0,0,1,7956000,1427000,15000
DFS,2013,0,0,0,0,0,0,0,1,1,0,0,0,0,0,7956000,1427000,15000
DFS,2013,0,0,0,0,0,0,0,1,1,0,0,1,0,1,7956000,1427000,15000
DFS,2013,0,0,0,0,0,0,0,1,1,0,0,0,0,0,7956000,1427000,15000
DFS,2013,0,0,0,0,0,0,0,1,1,0,0,0,0,0,7956000,1427000,15000
DFS,2013,0,0,0,0,0,0,0,1,1,0,0,0,0,1,7956000,1427000,15000
DFS,2013,0,0,0,0,0,0,0,1,1,0,0,0,0,0,7956000,1427000,15000
DFS,2013,0,0,0,0,0,0,0,1,1,0,0,1,0,1,7956000,1427000,15000
DFS,2013,0,0,0,0,0,0,0,1,1,0,0,0,0,0,7956000,1427000,15000
DFS,2013,0,0,0,0,0,0,0,1,1,0,0,0,0,0,7956000,1427000,15000
DFS,2014,1,0,0,0,0,0,0,0,1,0,0,0,0,1,7213000,1503000,3000
DFS,2014,1,0,0,0,0,0,0,0,1,0,0,0,0,0,7213000,1503000,3000
DFS,2014,1,0,0,0,0,0,0,0,1,0,0,1,1,1,7213000,1503000,3000
DFS,2014,1,0,0,0,0,0,0,0,1,0,0,0,0,0,7213000,1503000,3000
DFS,2014,1,0,0,0,0,0,0,0,1,0,0,0,0,0,7213000,1503000,3000
DGX,2012,0,0,0,1,0,0,0,0,1,0,0,0,0,0,7213000,1503000,3000
DGX,2012,0,0,0,1,0,0,0,0,1,0,0,1,0,1,3675706,900826,443720
DGX,2012,0,0,0,1,0,0,0,0,1,0,0,0,0,1,3675706,900826,443720
DGX,2012,0,0,0,1,0,0,0,0,1,0,0,0,0,0,3675706,900826,443720
DGX,2012,0,0,0,1,0,0,0,0,1,0,0,0,0,0,3675706,900826,443720
DLTR,2006,0,0,1,0,0,0,0,0,1,0,0,1,1,1,1322000,36000,28000
DLTR,2006,0,0,1,0,0,0,0,0,1,0,0,0,0,0,1322000,36000,28000
DLTR,2006,0,0,1,0,0,0,0,0,1,0,0,0,0,0,1322000,36000,28000
DLTR,2006,0,0,1,0,0,0,0,0,1,0,0,0,0,0,7213000,1503000,3000
DLTR,2006,0,0,1,0,0,0,0,0,1,0,0,0,0,1,1322000,36000,28000
DNB,2013,0,0,1,0,0,0,0,0,1,0,0,0,0,0,1322000,36000,28000
DNB,2013,0,0,1,0,0,0,0,0,1,0,0,0,0,0,1322000,36000,28000
DNB,2013,0,0,1,0,0,0,0,0,1,0,0,0,0,0,7213000,1503000,3000
DNB,2013,0,0,1,0,0,0,0,0,1,0,0,0,0,1,5776000,578000,318000
DNB,2013,0,0,1,0,0,0,0,0,1,0,0,1,0,1,5776000,578000,318000
EBAY,2014,0,0,1,0,0,0,0,0,1,0,0,0,0,0,5776000,578000,318000
EBAY,2014,0,0,1,0,0,0,0,0,1,0,0,1,1,1,15934000,4487000,874000
EBAY,2014,0,0,1,0,0,0,0,0,1,0,0,0,0,1,15934000,4487000,874000
EBAY,2014,0,0,1,0,0,0,0,0,1,0,0,0,0,0,15934000,4487000,874000
EBAY,2014,0,0,1,0,0,0,0,0,1,0,0,0,0,0,15934000,4487000,874000
EFX,2006,0,0,0,0,0,1,0,0,1,0,0,0,0,0,7213000,1503000,3000
EFX,2006,0,0,0,0,0,1,0,0,1,0,0,0,0,0,7213000,1503000,3000
EFX,2006,0,0,0,0,0,1,0,0,1,0,0,0,0,1,3475410,405927,405927
EFX,2006,0,0,0,0,0,1,0,0,1,0,0,1,1,1,3475410,405927,405927
EFX,2006,0,0,0,0,0,1,0,0,1,0,1,0,0,0,3475410,405927,405927
EFX,2010,0,1,0,0,0,0,0,0,1,0,0,0,0,1,3759731,908284,522263
EFX,2010,0,1,0,0,0,0,0,0,1,0,0,0,0,0,3759731,908284,522263
EFX,2010,0,1,0,0,0,0,0,0,1,0,0,0,0,0,3759731,908284,522263
EFX,2010,0,1,0,0,0,0,0,0,1,0,0,0,0,0,7213000,1503000,3000
EFX,2010,0,1,0,0,0,0,0,0,1,0,0,1,0,1,3759731,908284,522263
EFX,2012,0,1,0,0,0,0,0,0,1,0,0,0,0,0,3759731,908284,522263
EFX,2012,0,1,0,0,0,0,0,0,1,0,1,0,0,1,3794735,1832400,1405340
EFX,2012,0,1,0,0,0,0,0,0,1,0,1,1,0,1,3794735,1832400,1405340
EFX,2012,0,1,0,0,0,0,0,0,1,0,0,0,0,0,3794735,1832400,1405340
EFX,2012,0,1,0,0,0,0,0,0,1,0,0,0,0,0,3794735,1832400,1405340
EFX,2016,0,0,1,0,0,0,0,0,1,0,0,0,0,0,7213000,1503000,3000
EMR,2012,0,0,1,0,0,0,0,0,1,0,0,0,0,1,30900000,2500000,600000
EMR,2012,0,0,1,0,0,0,0,0,1,0,0,1,0,1,30900000,2500000,600000
EMR,2012,0,0,1,0,0,0,0,0,1,0,0,0,0,0,30900000,2500000,600000
EMR,2012,0,0,1,0,0,0,0,0,1,0,0,0,0,0,30900000,2500000,600000
EMR,2012,0,0,1,0,0,0,0,0,1,0,0,0,0,0,7213000,1503000,3000
ESRX,2013,0,1,0,0,0,0,0,0,1,0,1,0,0,0,7213000,1503000,3000
ESRX,2013,0,1,0,0,0,0,0,0,1,0,1,0,0,0,7213000,1503000,3000
ESRX,2013,0,1,0,0,0,0,0,0,1,0,1,0,0,1,4622180,1267200,100000
ESRX,2013,0,1,0,0,0,0,0,0,1,0,1,1,0,1,4622180,1267200,100000
ESRX,2013,0,1,0,0,0,0,0,0,1,0,1,0,0,0,4622180,1267200,100000
EXEL,2013,0,0,0,0,0,1,0,0,1,0,0,0,0,0,4622180,1267200,100000
EXEL,2013,0,0,0,0,0,1,0,0,0,0,0,0,0,1,902983,77110,100000
EXEL,2013,0,0,0,0,0,1,0,0,1,0,0,0,0,0,902983,77110,100000
EXEL,2013,0,0,0,0,0,1,0,0,1,0,0,0,0,0,902983,77110,100000
EXEL,2013,0,0,0,0,0,1,0,0,0,0,0,1,0,1,902983,77110,100000
EXEL,2013,0,0,0,0,0,1,0,0,1,0,0,0,0,0,902983,77110,100000
EZPW,2007,0,0,0,0,1,0,0,0,1,0,0,1,1,1,543114,24855,8264
EZPW,2007,0,0,0,0,1,0,0,0,1,0,0,0,0,0,543114,24855,8264
EZPW,2007,0,0,0,0,1,0,0,0,1,0,0,0,0,1,543114,24855,8264
EZPW,2007,0,0,0,0,1,0,0,0,1,0,1,0,0,0,543114,24855,8264
EZPW,2007,0,0,0,0,1,0,0,0,1,0,0,0,0,0,543114,24855,8264
F,2005,0,0,0,0,0,0,1,0,1,0,0,1,1,0,53900000,29100000,16800000
F,2005,0,0,0,0,0,0,1,0,1,0,0,0,0,0,53900000,29100000,16800000
F,2005,0,0,0,0,0,0,1,0,1,0,0,0,0,0,53900000,29100000,16800000
F,2005,0,0,0,0,0,0,1,0,1,0,0,0,0,0,100000,29100000,0
F,2005,0,0,0,0,0,0,1,0,1,0,0,0,0,0,53900000,29100000,16800000
F,2005,0,0,0,0,0,0,1,0,1,0,0,0,0,1,53900000,29100000,16800000
F,2005,0,0,0,0,0,0,1,0,1,0,0,1,1,1,53900000,29100000,16800000
FB,2013,0,1,0,0,0,0,0,0,1,0,0,0,0,1,4793274,4251480,3860520
FB,2013,0,1,0,0,0,0,0,0,1,0,0,0,0,0,4793274,4251480,3860520
FB,2013,0,1,0,0,0,0,0,0,1,0,0,1,0,1,4793274,4251480,3860520
FB,2013,0,1,0,0,0,0,0,0,1,0,0,0,0,0,4793274,4251480,3860520
FB,2013,0,1,0,0,0,0,0,0,1,0,0,0,0,0,4793274,4251480,3860520
FB,2013,0,0,1,0,0,0,0,0,1,0,0,0,0,1,4793274,4251480,3860520
FB,2013,0,0,1,0,0,0,0,0,1,0,0,0,0,0,4793274,4251480,3860520
FB,2013,0,0,1,0,0,0,0,0,1,0,0,1,0,1,4793274,4251480,3860520
FB,2013,0,0,1,0,0,0,0,0,1,0,0,0,0,0,4793274,4251480,3860520
FB,2013,0,0,1,0,0,0,0,0,1,0,0,0,0,0,4793274,4251480,3860520
FDX,2006,0,1,0,0,0,0,0,0,1,0,0,1,1,1,13100000,876000,370000
FDX,2006,0,1,0,0,0,0,0,0,1,0,0,0,0,0,13100000,876000,370000
FDX,2006,0,1,0,0,0,0,0,0,1,0,0,0,0,0,13100000,876000,370000
FDX,2006,0,1,0,0,0,0,0,0,1,0,0,0,0,0,13100000,876000,370000
FDX,2006,0,1,0,0,0,0,0,0,1,0,0,0,0,1,13100000,876000,370000
FEIC,2012,0,0,0,0,0,1,0,0,1,0,0,0,0,0,13100000,876000,370000
FEIC,2012,0,0,0,0,0,1,0,0,1,0,0,1,0,1,1336740,163000,146000
FEIC,2012,0,0,0,0,0,1,0,0,1,0,0,0,0,0,1336740,163000,146000
FEIC,2012,0,0,0,0,0,1,0,0,1,0,0,0,0,1,1336740,163000,146000
FEIC,2012,0,0,0,0,0,1,0,0,1,0,0,0,0,0,1336740,163000,146000
FINL,2013,0,0,0,0,0,1,0,0,1,0,0,1,0,1,481020,69575,37305
FINL,2013,0,0,0,0,0,1,0,0,1,0,0,0,0,0,481020,69575,37305
FINL,2013,0,0,0,0,0,1,0,0,1,0,0,0,0,1,481020,69575,37305
FINL,2013,0,0,0,0,0,1,0,0,1,0,0,0,0,0,481020,69575,37305
FINL,2013,0,0,0,0,0,1,0,0,1,0,0,0,0,0,481020,69575,37305
FNF,2007,0,0,0,1,0,0,0,0,1,0,0,1,0,1,3863000,110000,48000
FNF,2007,0,0,0,1,0,0,0,0,1,0,0,0,0,1,3863000,110000,48000
FNF,2007,0,0,0,1,0,0,0,0,1,0,0,0,0,0,3863000,110000,48000
FNF,2007,0,0,0,1,0,0,0,0,1,0,0,0,0,0,3863000,110000,48000
FNF,2007,0,0,0,1,0,0,0,0,1,0,0,0,0,0,13100000,876000,370000
FNF,2007,0,0,0,0,0,1,0,0,1,0,0,1,0,1,3863000,110000,48000
FNF,2007,0,0,0,0,0,1,0,0,1,0,0,0,0,1,3863000,110000,48000
FNF,2007,0,0,0,0,0,1,0,0,1,0,0,0,0,0,3863000,110000,48000
FNF,2007,0,0,0,0,0,1,0,0,1,0,0,0,0,0,3863000,110000,48000
FNF,2007,0,0,0,0,0,1,0,0,1,0,0,0,0,0,13100000,876000,370000
FNF,2011,0,0,1,0,0,0,0,0,1,0,0,1,0,1,4063000,537000,157000
FNF,2011,0,0,1,0,0,0,0,0,1,0,0,0,0,0,4063000,537000,157000
FNF,2011,0,0,1,0,0,0,0,0,1,0,0,0,0,0,4063000,537000,157000
FNF,2011,0,0,1,0,0,0,0,0,1,0,0,0,0,1,4063000,537000,157000
FNF,2011,0,0,1,0,0,0,0,0,1,0,0,0,0,0,4063000,537000,157000
FORR,2007,0,0,0,0,0,1,0,0,0,1,0,0,0,0,4063000,537000,157000
FORR,2007,0,0,0,0,0,1,0,0,0,1,0,0,0,0,13100000,876000,370000
FORR,2007,0,0,0,0,0,1,0,0,1,0,0,1,0,1,1739158,190229,7411
FORR,2007,0,0,0,0,0,1,0,0,0,1,0,0,0,0,1739158,190229,7411
FORR,2007,0,0,0,0,0,1,0,0,1,0,0,0,0,1,1739158,190229,7411
FRP,2009,0,0,0,0,0,1,0,0,1,0,1,0,0,0,1739158,190229,7411
FRP,2009,0,0,0,0,0,1,0,0,1,0,1,0,0,0,1739158,190229,7411
FRP,2009,0,0,0,0,0,1,0,0,0,1,0,1,0,0,5687000,288000,246000
FRP,2009,0,0,0,0,0,1,0,0,0,1,0,0,0,0,5687000,288000,246000
FRP,2009,0,0,0,0,0,1,0,0,1,0,1,0,0,0,5687000,288000,246000
GCO,2010,0,0,1,0,0,0,0,0,1,0,0,0,0,0,5687000,288000,246000
GCO,2010,0,0,1,0,0,0,0,0,1,0,0,0,0,0,13100000,876000,370000
GCO,2010,0,0,1,0,0,0,0,0,1,0,0,0,0,0,13100000,876000,370000
GCO,2010,0,0,1,0,0,0,0,0,1,0,0,1,0,1,1227741,605970,522229
GCO,2010,0,0,1,0,0,0,0,0,1,0,0,0,0,1,1227741,605970,522229
GE,2006,0,0,0,0,0,1,0,0,0,1,0,1,1,0,106400000,29600000,9000000
GE,2006,0,0,0,0,0,1,0,0,0,1,0,0,0,0,106400000,29600000,9000000
GE,2006,0,0,0,0,0,1,0,0,1,0,0,0,0,0,106400000,29600000,9000000
GE,2006,0,0,0,0,0,1,0,0,1,0,0,0,0,0,106400000,29600000,9000000
GE,2006,0,0,0,0,0,1,0,0,1,0,0,0,0,0,13100000,876000,370000
GE,2007,0,0,0,0,0,1,0,0,1,0,0,0,0,0,13100000,876000,370000
GE,2007,0,0,0,0,0,1,0,0,1,0,1,0,0,0,13100000,876000,370000
GE,2007,0,0,0,0,0,1,0,0,1,0,0,0,0,0,13100000,876000,370000
GE,2007,0,0,0,0,0,1,0,0,1,0,0,0,0,1,112200000,41100000,10300000
GE,2007,0,0,0,0,0,1,0,0,1,0,0,1,0,1,112200000,41100000,10300000
GM,2010,0,1,0,0,0,0,0,0,1,0,1,0,0,1,50000000,14000000,5000000
GM,2010,0,1,0,0,0,0,0,0,0,1,0,0,0,0,50000000,14000000,5000000
GM,2010,0,1,0,0,0,0,0,0,1,0,1,1,0,1,50000000,14000000,5000000
GM,2010,0,1,0,0,0,0,0,0,0,1,0,0,0,0,50000000,14000000,5000000
GM,2010,0,1,0,0,0,0,0,0,0,1,0,0,0,0,50000000,14000000,5000000
GM,2012,0,0,0,1,0,0,0,0,1,0,0,0,0,1,42000000,11000000,5000000
GM,2012,0,0,0,1,0,0,0,0,1,0,0,0,0,0,42000000,11000000,5000000
GM,2012,0,0,0,1,0,0,0,0,1,0,0,0,0,0,42000000,11000000,5000000
GM,2012,0,0,0,1,0,0,0,0,1,0,0,0,0,0,13100000,876000,370000
GM,2012,0,0,0,1,0,0,0,0,1,0,0,1,0,1,42000000,11000000,5000000
GNCMA,2012,0,0,0,1,0,0,0,0,1,0,0,0,0,0,42000000,11000000,5000000
GNCMA,2012,0,0,0,1,0,0,0,0,1,0,0,1,0,1,1660910,84810,54964
GNCMA,2012,0,0,0,1,0,0,0,0,1,0,0,0,0,0,1660910,84810,54964
GNCMA,2012,0,0,0,1,0,0,0,0,1,0,0,0,0,1,1660910,84810,54964
GNCMA,2012,0,0,0,1,0,0,0,0,1,0,0,0,0,0,1660910,84810,54964
GNW,2015,0,1,0,0,0,0,0,0,0,1,0,0,0,0,1660910,84810,54964
GNW,2015,0,1,0,0,0,0,0,0,0,1,0,0,0,0,13100000,876000,370000
GNW,2015,0,1,0,0,0,0,0,0,0,1,0,0,0,0,13100000,876000,370000
GNW,2015,0,1,0,0,0,0,0,0,1,0,1,0,0,1,10600000,2400000,200000
GNW,2015,0,1,0,0,0,0,0,0,1,0,1,1,1,1,10600000,2400000,200000
GOOG,2016,0,1,0,0,0,0,0,0,1,0,0,0,0,0,10600000,2400000,200000
GPI,2006,0,0,0,0,0,1,0,0,1,0,0,0,0,1,2124670,59500,59500
GPI,2006,0,0,0,0,0,1,0,0,1,0,0,1,1,1,2124670,59500,59500
GPI,2006,0,0,0,0,0,1,0,0,1,0,0,0,0,0,2124670,59500,59500
GPI,2006,0,0,0,0,0,1,0,0,1,0,0,0,0,0,2124670,59500,59500
GPI,2006,0,0,0,0,0,1,0,0,1,0,0,0,0,0,13100000,876000,370000
GPN,2012,1,0,0,0,0,0,0,0,1,0,0,0,0,1,2925230,400000,400000
GPN,2012,1,0,0,0,0,0,0,0,1,0,0,0,0,0,2925230,400000,400000
GPN,2012,1,0,0,0,0,0,0,0,1,0,0,0,0,0,2925230,400000,400000
GPN,2012,1,0,0,0,0,0,0,0,1,0,0,1,1,1,2925230,400000,400000
GPN,2012,1,0,0,0,0,0,0,0,1,0,0,0,0,0,2925230,400000,400000
GPS,2007,0,0,0,0,0,1,0,0,1,0,0,0,0,0,2925230,400000,400000
GPS,2007,0,0,0,0,0,1,0,0,1,0,0,0,0,0,13100000,876000,370000
GPS,2007,0,0,0,0,0,1,0,0,1,0,0,0,0,0,13100000,876000,370000
GPS,2007,0,0,0,0,0,1,0,0,0,0,0,1,1,1,4385000,200000,65000
GPS,2007,0,0,0,0,0,1,0,0,0,0,0,0,0,1,4385000,200000,65000
GPS,2007,0,0,0,0,0,1,0,0,1,0,0,0,0,0,4385000,200000,65000
GPS,2010,0,0,0,1,0,0,0,0,1,0,0,0,0,0,4385000,200000,65000
GPS,2010,0,0,0,1,0,0,0,0,1,0,0,0,0,0,13100000,876000,370000
GPS,2010,0,0,0,1,0,0,0,0,1,0,0,0,0,0,13100000,876000,370000
GPS,2010,0,0,0,1,0,0,0,0,1,0,0,1,1,1,4389000,296000,123000
GPS,2010,0,0,0,1,0,0,0,0,1,0,0,0,0,1,4389000,296000,123000
GPS,2013,0,1,0,0,0,0,0,0,1,0,0,0,0,0,4389000,296000,123000
GPS,2013,0,1,0,0,0,0,0,0,1,0,0,0,0,0,4389000,296000,123000
GPS,2013,0,1,0,0,0,0,0,0,1,0,0,0,0,1,4908000,391000,13000
GPS,2013,0,1,0,0,0,0,0,0,1,0,0,0,0,0,4908000,391000,13000
GPS,2013,0,1,0,0,0,0,0,0,1,0,0,1,1,1,4908000,391000,13000
GRPN,2012,0,1,0,0,0,0,0,0,1,0,1,1,0,1,7773490,1624990,1621000
GRPN,2012,0,1,0,0,0,0,0,0,0,1,0,0,0,0,7773490,1624990,1621000
GRPN,2012,0,1,0,0,0,0,0,0,1,0,1,0,0,1,7773490,1624990,1621000
GRPN,2012,0,1,0,0,0,0,0,0,0,1,0,0,0,0,7773490,1624990,1621000
GRPN,2012,0,1,0,0,0,0,0,0,0,1,0,0,0,0,7773490,1624990,1621000
GS,2013,0,1,0,0,0,0,0,0,1,0,0,0,0,0,13100000,876000,370000
GS,2013,0,1,0,0,0,0,0,0,1,0,0,0,0,1,59800000,9800000,2200000
GS,2013,0,1,0,0,0,0,0,0,1,0,0,1,0,1,59800000,9800000,2200000
GS,2013,0,1,0,0,0,0,0,0,1,0,0,0,0,0,59800000,9800000,2200000
GS,2013,0,1,0,0,0,0,0,0,1,0,0,0,0,0,59800000,9800000,2200000
GS,2013,0,1,0,0,0,0,0,0,1,0,0,0,0,1,59800000,9800000,2200000
GS,2013,0,1,0,0,0,0,0,0,1,0,0,0,0,0,59800000,9800000,2200000
GS,2013,0,1,0,0,0,0,0,0,1,0,0,0,0,1,59800000,9800000,2200000
GS,2013,0,1,0,0,0,0,0,0,1,0,0,1,0,1,59800000,9800000,2200000
GS,2013,0,1,0,0,0,0,0,0,1,0,0,1,0,1,59800000,9800000,2200000
GS,2013,0,1,0,0,0,0,0,0,1,0,0,0,0,0,59800000,9800000,2200000
GS,2013,0,1,0,0,0,0,0,0,1,0,0,0,0,0,59800000,9800000,2200000
GS,2013,0,1,0,0,0,0,0,0,1,0,0,1,0,1,59800000,9800000,2200000
GS,2013,0,1,0,0,0,0,0,0,1,0,0,0,0,1,59800000,9800000,2200000
GS,2014,0,1,0,0,0,0,0,0,1,0,0,0,0,0,59800000,9800000,2200000
GS,2014,0,1,0,0,0,0,0,0,1,0,0,0,0,1,62000000,10200000,1700000
GS,2014,0,1,0,0,0,0,0,0,1,0,0,0,0,1,62000000,10200000,1700000
GS,2014,0,1,0,0,0,0,0,0,1,0,0,0,0,0,62000000,10200000,1700000
GS,2014,0,1,0,0,0,0,0,0,1,0,0,1,1,1,62000000,10200000,1700000
GS,2014,0,1,0,0,0,0,0,0,1,0,0,0,0,0,62000000,10200000,1700000
GS,2014,0,1,0,0,0,0,0,0,1,0,0,1,1,1,62000000,10200000,1700000
GS,2014,0,1,0,0,0,0,0,0,1,0,0,0,0,0,62000000,10200000,1700000
GS,2014,0,1,0,0,0,0,0,0,1,0,0,0,0,1,62000000,10200000,1700000
GS,2014,0,1,0,0,0,0,0,0,1,0,0,0,0,0,62000000,10200000,1700000
GS,2014,0,1,0,0,0,0,0,0,1,0,0,0,0,1,62000000,10200000,1700000
GS,2014,0,1,0,0,0,0,0,0,1,0,0,1,1,1,62000000,10200000,1700000
GS,2014,0,1,0,0,0,0,0,0,1,0,0,0,0,0,62000000,10200000,1700000
GS,2014,0,1,0,0,0,0,0,0,1,0,0,1,1,1,62000000,10200000,1700000
H,2016,0,0,1,0,0,0,0,0,1,0,0,0,0,0,62000000,10200000,1700000
HD,2007,0,0,0,0,0,1,0,0,1,0,0,1,1,1,6720000,1481000,212000
HD,2007,0,0,0,0,0,1,0,0,1,0,0,0,0,1,6720000,1481000,212000
HD,2007,0,0,0,0,0,1,0,0,1,0,0,0,0,0,6720000,1481000,212000
HD,2007,0,0,0,0,0,1,0,0,1,0,0,0,0,0,6720000,1481000,212000
HD,2007,0,0,0,0,0,1,0,0,1,0,0,0,0,0,13100000,876000,370000
HD,2007,0,0,0,0,0,1,0,0,1,0,0,1,1,1,6720000,1481000,212000
HD,2007,0,0,0,0,0,1,0,0,1,0,0,0,0,1,6720000,1481000,212000
HD,2007,0,0,0,0,0,1,0,0,1,0,0,0,0,0,6720000,1481000,212000
HD,2007,0,0,0,0,0,1,0,0,1,0,0,0,0,0,6720000,1481000,212000
HD,2007,0,0,0,0,0,1,0,0,1,0,0,0,0,0,13100000,876000,370000
HD,2007,0,0,0,0,0,1,0,0,1,0,0,1,1,1,6720000,1481000,212000
HD,2007,0,0,0,0,0,1,0,0,1,0,0,0,0,1,6720000,1481000,212000
HD,2007,0,0,0,0,0,1,0,0,1,0,0,0,0,0,6720000,1481000,212000
HD,2007,0,0,0,0,0,1,0,0,1,0,0,0,0,0,6720000,1481000,212000
HD,2007,0,0,0,0,0,1,0,0,1,0,0,0,0,0,13100000,876000,370000
HD,2010,0,0,0,1,0,0,0,0,1,0,0,0,0,0,13100000,876000,370000
HD,2010,0,0,0,1,0,0,0,0,1,0,0,1,0,1,4809000,464000,264000
HD,2010,0,0,0,1,0,0,0,0,1,0,0,0,0,0,4809000,464000,264000
HD,2010,0,0,0,1,0,0,0,0,1,0,0,0,0,1,4809000,464000,264000
HD,2010,0,0,0,1,0,0,0,0,1,0,0,0,0,0,4809000,464000,264000
HD,2012,0,0,0,1,0,0,0,0,1,0,0,0,0,0,4809000,464000,264000
HD,2012,0,0,0,1,0,0,0,0,1,0,0,0,0,1,4925000,363000,188000
HD,2012,0,0,0,1,0,0,0,0,1,0,0,0,0,0,4925000,363000,188000
HD,2012,0,0,0,1,0,0,0,0,1,0,0,1,0,1,4925000,363000,188000
HD,2012,0,0,0,1,0,0,0,0,1,0,0,0,0,0,4925000,363000,188000
HD,2014,0,0,0,1,0,0,0,0,1,0,0,1,1,1,5530000,1068000,653000
HD,2014,0,0,0,1,0,0,0,0,1,0,0,0,0,0,5530000,1068000,653000
HD,2014,0,0,0,1,0,0,0,0,1,0,0,0,0,0,5530000,1068000,653000
HD,2014,0,0,0,1,0,0,0,0,1,0,0,0,0,0,13100000,876000,370000
HD,2014,0,0,0,1,0,0,0,0,1,0,0,0,0,1,5530000,1068000,653000
HD,2014,0,0,1,0,0,0,0,0,1,0,0,1,1,1,5530000,1068000,653000
HD,2014,0,0,1,0,0,0,0,0,1,0,0,0,0,0,5530000,1068000,653000
HD,2014,0,0,1,0,0,0,0,0,1,0,0,0,0,0,5530000,1068000,653000
HD,2014,0,0,1,0,0,0,0,0,1,0,0,0,0,0,13100000,876000,370000
HD,2014,0,0,1,0,0,0,0,0,1,0,0,0,0,1,5530000,1068000,653000
HIG,2007,0,0,0,0,0,1,0,0,1,0,0,0,0,1,18298212,1407900,123193
HIG,2007,0,0,0,0,0,1,0,0,1,0,0,1,0,1,18298212,1407900,123193
HIG,2007,0,0,0,0,0,1,0,0,1,0,0,0,0,0,18298212,1407900,123193
HIG,2007,0,0,0,0,0,1,0,0,1,0,0,0,0,0,18298212,1407900,123193
HIG,2007,0,0,0,0,0,1,0,0,1,0,0,0,0,0,13100000,876000,370000
HNT,2008,0,0,0,0,0,1,0,0,1,0,0,0,0,0,13100000,876000,370000
HNT,2008,0,0,0,0,0,1,0,0,1,0,0,0,0,0,13100000,876000,370000
HNT,2008,0,0,0,0,0,1,0,0,1,0,0,0,0,0,13100000,876000,370000
HNT,2008,0,0,0,0,0,1,0,0,1,0,0,0,0,1,8600000,788000,28000
HNT,2008,0,0,0,0,0,1,0,0,1,0,0,1,0,1,8600000,788000,28000
HNT,2008,0,1,0,0,0,0,0,0,1,0,0,0,0,0,8600000,788000,28000
HNT,2008,0,1,0,0,0,0,0,0,1,0,0,0,0,0,8600000,788000,28000
HNT,2008,0,1,0,0,0,0,0,0,1,0,0,0,0,0,13100000,876000,370000
HNT,2008,0,1,0,0,0,0,0,0,1,0,0,0,0,1,8600000,788000,28000
HNT,2008,0,1,0,0,0,0,0,0,1,0,0,1,0,1,8600000,788000,28000
HNT,2009,0,0,0,0,0,1,0,0,1,0,1,0,0,0,8600000,788000,28000
HNT,2009,0,0,0,0,0,1,0,0,1,0,1,1,0,1,9855000,2392000,177000
HNT,2009,0,0,0,0,0,1,0,0,1,0,1,0,0,0,9855000,2392000,177000
HNT,2009,0,0,0,0,0,1,0,0,1,0,1,0,0,1,9855000,2392000,177000
HNT,2009,0,0,0,0,0,1,0,0,1,0,1,0,0,0,9855000,2392000,177000
HNT,2010,0,0,0,0,0,0,0,1,1,0,0,0,0,0,9855000,2392000,177000
HNT,2010,0,0,0,0,0,0,0,1,1,0,0,0,0,1,8163000,1009000,198000
HNT,2010,0,0,0,0,0,0,0,1,1,0,0,1,0,1,8163000,1009000,198000
HNT,2010,0,0,0,0,0,0,0,1,1,0,0,0,0,0,8163000,1009000,198000
HNT,2010,0,0,0,0,0,0,0,1,1,0,0,0,0,0,8163000,1009000,198000
HNT,2011,0,0,0,0,0,1,0,0,1,0,0,0,0,1,10039000,4068000,1191000
HNT,2011,0,0,0,0,0,1,0,0,1,0,0,1,0,1,10039000,4068000,1191000
HNT,2011,0,0,0,0,0,1,0,0,1,0,0,0,0,0,10039000,4068000,1191000
HNT,2011,0,0,0,0,0,1,0,0,1,0,0,0,0,0,10039000,4068000,1191000
HNT,2011,0,0,0,0,0,1,0,0,1,0,0,0,0,0,13100000,876000,370000
HNT,2013,0,1,0,0,0,0,0,0,1,0,0,0,0,1,8036000,2216000,1224000
HNT,2013,0,1,0,0,0,0,0,0,1,0,0,0,0,0,8036000,2216000,1224000
HNT,2013,0,1,0,0,0,0,0,0,1,0,0,1,0,1,8036000,2216000,1224000
HNT,2013,0,1,0,0,0,0,0,0,1,0,0,0,0,0,8036000,2216000,1224000
HNT,2013,0,1,0,0,0,0,0,0,1,0,0,0,0,0,8036000,2216000,1224000
HON,2006,0,0,0,0,0,0,0,1,1,0,0,0,0,0,13100000,876000,370000
HON,2006,0,0,0,0,0,0,0,1,1,0,0,0,0,1,27600000,8100000,6100000
HON,2006,0,0,0,0,0,0,0,1,1,0,0,0,0,0,27600000,8100000,6100000
HON,2006,0,0,0,0,0,0,0,1,1,0,0,1,1,1,27600000,8100000,6100000
HON,2006,0,0,0,0,0,0,0,1,1,0,0,0,0,0,27600000,8100000,6100000
HON,2007,0,0,0,0,0,1,0,0,1,0,0,0,0,0,27600000,8100000,6100000
HON,2007,0,0,0,0,0,1,0,0,1,0,0,1,0,1,27200000,7300000,5700000
HON,2007,0,0,0,0,0,1,0,0,1,0,0,0,0,0,27200000,7300000,5700000
HON,2007,0,0,0,0,0,1,0,0,1,0,0,0,0,1,27200000,7300000,5700000
HON,2007,0,0,0,0,0,1,0,0,1,0,0,0,0,0,27200000,7300000,5700000
HRB,2005,0,1,0,0,0,0,0,0,0,1,0,0,0,0,27200000,7300000,5700000
HRB,2005,0,1,0,0,0,0,0,0,0,1,0,0,0,0,13100000,876000,370000
HRB,2005,0,1,0,0,0,0,0,0,0,1,0,1,1,0,3847992,563858,252186
HRB,2005,0,1,0,0,0,0,0,0,0,0,1,0,0,0,3847992,563858,252186
HRB,2005,0,1,0,0,0,0,0,0,0,1,0,0,0,0,3847992,563858,252186
HRB,2006,0,1,0,0,0,0,0,0,1,0,0,0,0,1,4725433,612163,252186
HRB,2006,0,1,0,0,0,0,0,0,1,0,0,1,1,1,4725433,612163,252186
HRB,2006,0,1,0,0,0,0,0,0,1,0,0,0,0,0,4725433,612163,0
HRB,2006,0,1,0,0,0,0,0,0,0,1,0,0,0,0,4725433,612163,0
HRB,2006,0,1,0,0,0,0,0,0,1,0,0,0,0,0,13100000,876000,370000
HRB,2010,0,0,0,1,0,0,0,0,1,0,0,1,0,1,3799865,369377,249572
HRB,2010,0,0,0,1,0,0,0,0,1,0,0,0,0,0,3799865,369377,249572
HRB,2010,0,0,0,1,0,0,0,0,1,0,0,0,0,0,3799865,369377,249572
HRB,2010,0,0,0,1,0,0,0,0,1,0,0,0,0,1,3799865,369377,249572
HRB,2010,0,0,0,1,0,0,0,0,1,0,0,0,0,0,3799865,369377,249572
HRB,2010,0,0,0,1,0,0,0,0,1,0,0,1,0,1,3799865,369377,249572
HRB,2010,0,0,0,1,0,0,0,0,1,0,0,0,0,0,3799865,369377,249572
HRB,2010,0,0,0,1,0,0,0,0,1,0,0,0,0,0,3799865,369377,249572
HRB,2010,0,0,0,1,0,0,0,0,1,0,0,0,0,1,3799865,369377,249572
HRB,2010,0,0,0,1,0,0,0,0,1,0,0,0,0,0,3799865,369377,249572
HRB,2012,0,0,0,1,0,0,0,0,1,0,0,0,0,0,3799865,369377,249572
HRB,2012,0,0,0,1,0,0,0,0,1,0,0,0,0,0,13100000,876000,370000
HRB,2012,0,0,0,1,0,0,0,0,1,0,0,0,0,0,13100000,876000,370000
HRB,2012,0,0,0,1,0,0,0,0,1,0,0,1,1,1,3023055,477686,369061
HRB,2012,0,0,0,1,0,0,0,0,1,0,0,0,0,1,3023055,477686,369061
HSIC,2007,0,0,0,0,0,1,0,0,1,0,0,0,0,0,3023055,477686,369061
HSIC,2007,0,0,0,0,0,1,0,0,1,0,1,0,0,0,3023055,477686,369061
HSIC,2007,0,0,0,0,0,1,0,0,1,0,1,0,0,1,4139410,1385180,1340610
HSIC,2007,0,0,0,0,0,1,0,0,1,0,1,1,0,1,4139410,1385180,1340610
HSIC,2007,0,0,0,0,0,1,0,0,1,0,0,0,0,0,4139410,1385180,1340610
HTZ,2006,0,0,0,1,0,0,0,0,1,0,0,1,1,1,9427000,1415000,774000
HTZ,2006,0,0,0,1,0,0,0,0,1,0,0,0,0,1,9427000,1415000,774000
HUM,2006,0,1,0,0,0,0,0,0,1,0,0,0,0,0,9427000,1415000,774000
HUM,2006,0,1,0,0,0,0,0,0,1,0,0,0,0,1,4853842,194268,35046
HUM,2006,0,1,0,0,0,0,0,0,1,0,0,0,0,0,4853842,194268,35046
HUM,2006,0,1,0,0,0,0,0,0,1,0,0,1,1,1,4853842,194268,35046
HUM,2006,0,1,0,0,0,0,0,0,1,0,0,0,0,0,4853842,194268,35046
HUM,2010,0,0,0,1,0,0,0,0,1,0,0,0,0,0,4853842,194268,35046
HUM,2010,0,0,0,1,0,0,0,0,1,0,1,0,0,1,5334200,1099140,93140
HUM,2010,0,0,0,1,0,0,0,0,1,0,0,0,0,0,5334200,1099140,93140
HUM,2010,0,0,0,1,0,0,0,0,1,0,1,1,0,1,5334200,1099140,93140
HUM,2010,0,0,0,1,0,0,0,0,1,0,0,0,0,0,5334200,1099140,93140
HUM,2010,0,0,0,0,1,0,0,0,1,0,0,0,0,0,5334200,1099140,93140
HUM,2010,0,0,0,0,1,0,0,0,1,0,1,0,0,1,5334200,1099140,93140
HUM,2010,0,0,0,0,1,0,0,0,1,0,0,0,0,0,5334200,1099140,93140
HUM,2010,0,0,0,0,1,0,0,0,1,0,1,1,0,1,5334200,1099140,93140
HUM,2010,0,0,0,0,1,0,0,0,1,0,0,0,0,0,5334200,1099140,93140
HUM,2014,0,0,0,0,0,1,0,0,1,0,0,1,1,1,8305132,1839880,386253
HUM,2014,0,0,0,0,0,1,0,0,1,0,0,0,0,0,8305132,1839880,386253
HUM,2014,0,0,0,0,0,1,0,0,1,0,0,0,0,0,8305132,1839880,386253
HUM,2014,0,0,0,0,0,1,0,0,1,0,0,1,1,1,8305132,1839880,386253
HUM,2014,0,0,0,0,0,1,0,0,1,0,0,0,0,1,8305132,1839880,386253
HUM,2014,0,0,0,0,0,1,0,0,1,0,0,0,0,0,8305132,1839880,386253
HUM,2015,0,0,0,0,0,1,0,0,1,0,0,0,0,0,8305132,1839880,386253
HUM,2015,0,0,0,0,0,1,0,0,1,0,0,0,0,0,13100000,876000,370000
HUM,2015,0,0,0,0,0,1,0,0,1,0,0,1,1,1,6822600,1656120,262520
HUM,2015,0,0,0,0,0,1,0,0,1,0,0,0,0,0,6822600,1656120,262520
HUM,2015,0,0,0,0,0,1,0,0,1,0,0,0,0,1,6822600,1656120,262520
IBM,2007,0,0,0,0,0,1,0,0,1,0,0,1,0,1,59400000,39500000,10200000
IBM,2007,0,0,0,0,0,1,0,0,1,0,0,0,0,0,59400000,39500000,10200000
IBM,2007,0,0,0,0,0,1,0,0,1,0,0,0,0,0,59400000,39500000,10200000
IBM,2007,0,0,0,0,0,1,0,0,1,0,0,0,0,0,13100000,876000,370000
IBM,2007,0,0,0,0,0,1,0,0,1,0,0,0,0,1,59400000,39500000,10200000
INTC,2012,0,0,1,0,0,0,0,0,1,0,0,0,0,0,59400000,39500000,10200000
INTC,2012,0,0,1,0,0,0,0,0,1,0,0,0,0,1,19581000,3318000,2360000
INTC,2012,0,0,1,0,0,0,0,0,1,0,0,1,0,1,19581000,3318000,2360000
INTC,2012,0,0,1,0,0,0,0,0,1,0,1,0,0,0,19581000,3318000,2360000
INTC,2012,0,0,1,0,0,0,0,0,1,0,0,0,0,0,19581000,3318000,2360000
INTU,2015,0,0,0,0,0,0,0,1,1,0,0,0,0,0,13100000,876000,370000
INTU,2015,0,0,0,0,0,0,0,1,1,0,0,0,0,1,4189000,142000,51000
INTU,2015,0,0,0,0,0,0,0,1,1,0,0,1,1,1,4189000,142000,51000
INTU,2015,0,0,0,0,0,0,0,1,1,0,0,0,0,0,4189000,142000,51000
INTU,2015,0,0,0,0,0,0,0,1,1,0,0,0,0,0,4189000,142000,51000
JACK,2011,0,0,0,1,0,0,0,0,1,0,0,0,0,1,1010000,30000,30000
JACK,2011,0,0,0,1,0,0,0,0,1,0,0,0,0,0,1010000,30000,30000
JACK,2011,0,0,0,1,0,0,0,0,1,0,0,0,0,0,1010000,30000,30000
JACK,2011,0,0,0,1,0,0,0,0,1,0,0,1,0,1,1010000,30000,30000
JACK,2011,0,0,0,1,0,0,0,0,1,0,0,0,0,0,1010000,30000,30000
JLL,2010,0,0,0,0,0,1,0,0,1,0,0,0,0,1,5518000,1998000,1184000
JLL,2010,0,0,0,0,0,1,0,0,1,0,0,0,0,0,5518000,1998000,1184000
JLL,2010,0,0,0,0,0,1,0,0,1,0,0,0,0,0,5518000,1998000,1184000
JLL,2010,0,0,0,0,0,1,0,0,1,0,0,0,0,0,13100000,876000,370000
JLL,2010,0,0,0,0,0,1,0,0,1,0,0,1,0,1,5518000,1998000,1184000
JWN,2013,1,0,0,0,0,0,0,0,1,0,0,0,0,0,5518000,1998000,1184000
JWN,2013,1,0,0,0,0,0,0,0,1,0,0,1,0,1,2357784,385784,75000
JWN,2013,1,0,0,0,0,0,0,0,1,0,0,0,0,0,2357784,385784,75000
JWN,2013,1,0,0,0,0,0,0,0,1,0,0,0,0,0,2357784,385784,75000
JWN,2013,1,0,0,0,0,0,0,0,1,0,0,0,0,1,2357784,385784,75000
KBH,2007,0,0,0,0,0,0,1,0,1,0,0,0,0,0,2357784,385784,75000
KBH,2007,0,0,0,0,0,0,1,0,1,0,0,0,0,0,2357784,385784,75000
KBH,2007,0,0,0,0,0,0,1,0,1,0,0,0,0,1,1348000,56000,25000
KBH,2007,0,0,0,0,0,0,1,0,1,0,0,1,0,1,1348000,56000,25000
KBH,2007,0,0,0,0,0,0,1,0,1,0,0,0,0,0,1348000,56000,25000
KBR,2011,0,0,0,0,0,1,0,0,1,0,0,0,0,0,1348000,56000,25000
KBR,2011,0,0,0,0,0,1,0,0,1,0,0,0,0,0,13100000,876000,370000
KBR,2011,0,0,0,0,0,1,0,0,1,0,0,0,0,1,7144000,551000,500000
KBR,2011,0,0,0,0,0,1,0,0,1,0,0,0,0,0,7144000,551000,500000
KBR,2011,0,0,0,0,0,1,0,0,1,0,0,1,0,1,7144000,551000,500000
KEY,2006,0,0,0,0,0,1,0,0,1,0,0,0,0,0,7144000,551000,500000
KEY,2006,0,0,0,0,0,1,0,0,1,0,0,1,1,1,7168000,2558000,1161000
KEY,2006,0,0,0,0,0,1,0,0,1,0,0,0,0,1,7168000,2558000,1161000
KEY,2006,0,0,0,0,0,1,0,0,1,0,0,0,0,0,7168000,2558000,1161000
KEY,2006,0,0,0,0,0,1,0,0,1,0,0,0,0,0,7168000,2558000,1161000
KEY,2006,0,1,0,0,0,0,0,0,1,0,0,0,0,0,13100000,876000,370000
KEY,2006,0,1,0,0,0,0,0,0,1,0,0,1,1,1,7168000,2558000,1161000
KEY,2006,0,1,0,0,0,0,0,0,1,0,0,0,0,1,7168000,2558000,1161000
KEY,2006,0,1,0,0,0,0,0,0,1,0,0,0,0,0,7168000,2558000,1161000
KEY,2006,0,1,0,0,0,0,0,0,1,0,0,0,0,0,7168000,2558000,1161000
KND,2012,0,0,0,0,1,0,0,0,1,0,0,0,0,0,13100000,876000,370000
KND,2012,0,0,0,0,1,0,0,0,1,0,0,0,0,0,13100000,876000,370000
KND,2012,0,0,0,0,1,0,0,0,1,0,0,0,0,1,3327324,307794,0
KND,2012,0,0,0,0,1,0,0,0,1,0,0,1,0,1,3327324,307794,0
KND,2012,0,0,0,0,1,0,0,0,1,0,0,0,0,0,3327324,307794,0
KODK,2005,0,0,0,0,0,1,0,0,0,1,0,1,1,0,17800000,2900000,2600000
KODK,2005,0,0,0,0,0,1,0,0,0,1,0,0,0,0,17800000,2900000,2600000
KODK,2005,0,0,0,0,0,1,0,0,0,1,0,0,0,0,17800000,2900000,2600000
KODK,2005,0,0,0,0,0,1,0,0,0,1,0,0,0,0,17800000,2900000,2600000
KODK,2005,0,0,0,0,0,1,0,0,0,1,0,0,0,0,13100000,876000,370000
LMT,2011,0,0,1,0,0,0,0,0,1,0,0,0,0,1,17250000,3535000,2275000
LMT,2011,0,0,1,0,0,0,0,0,1,0,0,0,0,0,17250000,3535000,2275000
LMT,2011,0,0,1,0,0,0,0,0,1,0,0,0,0,0,17250000,3535000,2275000
LMT,2011,0,0,1,0,0,0,0,0,1,0,0,0,0,0,13100000,876000,370000
LMT,2011,0,0,1,0,0,0,0,0,1,0,0,1,0,1,17250000,3535000,2275000
LMT,2014,0,0,1,0,0,0,0,0,1,0,0,1,1,1,18775000,4415000,2545000
LMT,2014,0,0,1,0,0,0,0,0,1,0,0,0,0,1,18775000,4415000,2545000
LMT,2014,0,0,1,0,0,0,0,0,1,0,0,0,0,0,18775000,4415000,2545000
LMT,2014,0,0,1,0,0,0,0,0,1,0,0,0,0,0,18775000,4415000,2545000
LMT,2014,0,0,1,0,0,0,0,0,1,0,0,0,0,0,13100000,876000,370000
LNKD,2012,0,0,1,0,0,0,0,0,1,0,0,0,0,1,2589000,1361000,1311000
LNKD,2012,0,0,1,0,0,0,0,0,1,0,0,0,0,0,2589000,1361000,1311000
LNKD,2012,0,0,1,0,0,0,0,0,1,0,0,0,0,0,2589000,1361000,1311000
LNKD,2012,0,0,1,0,0,0,0,0,1,0,0,1,0,1,2589000,1361000,1311000
LNKD,2012,0,0,1,0,0,0,0,0,1,0,0,0,0,0,2589000,1361000,1311000
LPLA,2007,0,0,1,0,0,0,0,0,1,0,0,0,0,0,2589000,1361000,1311000
LPLA,2007,0,0,1,0,0,0,0,0,1,0,0,0,0,0,13100000,876000,370000
LPLA,2007,0,0,1,0,0,0,0,0,1,0,0,0,0,0,13100000,876000,370000
LPLA,2008,0,0,1,0,0,0,0,0,1,0,0,0,0,0,13100000,876000,370000
LPLA,2008,0,0,1,0,0,0,0,0,1,0,0,0,0,0,13100000,876000,370000
LPLA,2008,0,0,1,0,0,0,0,0,1,0,0,0,0,1,13100000,876000,370000
LPLA,2008,0,0,1,0,0,0,0,0,1,0,0,0,0,0,13100000,876000,370000
LPLA,2010,0,1,0,0,0,0,0,0,1,0,0,0,0,0,13100000,876000,370000
LPLA,2010,0,1,0,0,0,0,0,0,1,0,0,0,0,0,13100000,876000,370000
LPLA,2010,0,1,0,0,0,0,0,0,1,0,0,0,0,0,13100000,876000,370000
LPLA,2010,0,1,0,0,0,0,0,0,1,0,0,1,0,1,3900380,1749490,239850
LPLA,2010,0,1,0,0,0,0,0,0,1,0,0,0,0,1,3900380,1749490,239850
LPLA,2010,0,0,0,0,0,1,0,0,1,0,0,0,0,0,3900380,1749490,239850
LPLA,2010,0,0,0,0,0,1,0,0,1,0,0,0,0,0,3900380,1749490,239850
LPLA,2010,0,0,0,0,0,1,0,0,1,0,0,0,0,0,13100000,876000,370000
LPLA,2010,0,0,0,0,0,1,0,0,1,0,0,1,0,1,3900380,1749490,239850
LPLA,2010,0,0,0,0,0,1,0,0,1,0,0,0,0,1,3900380,1749490,239850
LRCX,2010,0,0,0,0,0,1,0,0,1,0,0,0,0,0,3900380,1749490,239850
LRCX,2010,0,0,0,0,0,1,0,0,1,0,0,0,0,0,3900380,1749490,239850
LRCX,2010,0,0,0,0,0,1,0,0,1,0,0,0,0,1,2350500,84500,0
LRCX,2010,0,0,0,0,0,1,0,0,1,0,0,1,0,1,2350500,84500,0
LRCX,2010,0,0,0,0,0,1,0,0,1,0,0,0,0,0,2350500,84500,0
LXK,2008,0,1,0,0,0,0,0,0,1,0,1,0,0,0,2350500,84500,0
LXK,2008,0,1,0,0,0,0,0,0,1,0,1,1,0,1,4926000,73000,20000
LXK,2008,0,1,0,0,0,0,0,0,1,0,1,0,0,1,4926000,73000,20000
LXK,2008,0,1,0,0,0,0,0,0,1,0,0,0,0,0,4926000,73000,20000
LXK,2008,0,1,0,0,0,0,0,0,1,0,1,0,0,0,4926000,73000,20000
MAR,2005,0,0,0,0,0,1,0,0,1,0,0,0,0,0,13100000,876000,370000
MAR,2005,0,0,0,0,0,1,0,0,1,0,0,0,0,0,13100000,876000,370000
MAR,2005,0,0,0,0,0,1,0,0,1,0,0,0,0,0,13100000,876000,370000
MAR,2005,0,0,0,0,0,1,0,0,1,0,0,1,1,1,9111820,2615930,721133
MAR,2005,0,0,0,0,0,1,0,0,1,0,0,0,0,1,9111820,2615930,721133
MET,2011,0,0,0,0,1,0,0,0,1,0,0,1,0,1,82700000,17900000,6100000
MET,2011,0,0,0,0,1,0,0,0,1,0,0,0,0,1,82700000,17900000,6100000
MET,2011,0,0,0,0,1,0,0,0,1,0,0,0,0,0,82700000,17900000,6100000
MET,2011,0,0,0,0,1,0,0,0,1,0,0,0,0,0,82700000,17900000,6100000
MET,2011,0,0,0,0,1,0,0,0,1,0,0,0,0,0,13100000,876000,370000
MGI,2007,0,0,1,0,0,0,0,0,1,0,0,0,0,1,2395000,551000,0
MGI,2007,0,0,1,0,0,0,0,0,1,0,0,0,0,0,2395000,551000,0
MGI,2007,0,0,1,0,0,0,0,0,1,0,0,1,0,1,2395000,551000,0
MGI,2007,0,0,1,0,0,0,0,0,1,0,0,0,0,0,2395000,551000,0
MGI,2007,0,0,1,0,0,0,0,0,1,0,0,0,0,0,2395000,551000,0
MOH,2012,0,1,0,0,0,0,0,0,1,0,0,1,0,1,3237698,977808,268200
MOH,2012,0,1,0,0,0,0,0,0,1,0,0,0,0,0,3237698,977808,268200
MOH,2012,0,1,0,0,0,0,0,0,1,0,0,0,0,0,3237698,977808,268200
MOH,2012,0,1,0,0,0,0,0,0,1,0,0,0,0,1,3237698,977808,268200
MOH,2012,0,1,0,0,0,0,0,0,1,0,0,0,0,0,3237698,977808,268200
MOH,2014,0,0,0,0,1,0,0,0,1,0,0,0,0,1,3665849,889389,297560
MOH,2014,0,0,0,0,1,0,0,0,1,0,0,1,1,1,3665849,889389,297560
MOH,2014,0,0,0,0,1,0,0,0,1,0,0,0,0,0,3665849,889389,297560
MOH,2014,0,0,0,0,1,0,0,0,1,0,0,0,0,0,3665849,889389,297560
MOH,2014,0,0,0,0,1,0,0,0,1,0,0,0,0,0,13100000,876000,370000
MSFT,2013,0,0,1,0,0,0,0,0,1,0,0,0,0,0,13100000,876000,370000
MSFT,2013,0,0,1,0,0,0,0,0,1,0,0,0,0,1,37267000,14249000,57000
MSFT,2013,0,0,1,0,0,0,0,0,1,0,0,0,0,0,37267000,14249000,57000
MSFT,2013,0,0,1,0,0,0,0,0,1,0,0,1,1,1,37267000,14249000,57000
MSFT,2013,0,0,1,0,0,0,0,0,1,0,0,0,0,0,37267000,14249000,57000
MSFT,2014,0,0,1,0,0,0,0,0,1,0,1,0,0,1,46220000,18093000,51000
MSFT,2014,0,0,1,0,0,0,0,0,1,0,0,0,0,0,46220000,18093000,51000
MSFT,2014,0,0,1,0,0,0,0,0,1,0,0,0,0,0,46220000,18093000,51000
MSFT,2014,0,0,1,0,0,0,0,0,1,0,1,1,1,1,46220000,18093000,51000
MSFT,2014,0,0,1,0,0,0,0,0,1,0,0,0,0,0,46220000,18093000,51000
MSFT,2015,0,0,1,0,0,0,0,0,1,0,0,0,0,1,54984000,20190000,828000
MSFT,2015,0,0,1,0,0,0,0,0,1,0,0,0,0,0,54984000,20190000,828000
MSFT,2015,0,0,1,0,0,0,0,0,1,0,0,1,1,1,54984000,20190000,828000
MSFT,2015,0,0,1,0,0,0,0,0,1,0,0,0,0,0,54984000,20190000,828000
MSFT,2015,0,0,1,0,0,0,0,0,1,0,0,0,0,0,54984000,20190000,828000
MSI,2005,0,0,0,0,0,0,1,0,1,0,0,0,0,0,13100000,876000,370000
MSI,2005,0,0,0,0,0,0,1,0,1,0,0,0,0,0,13100000,876000,370000
MSI,2005,0,0,0,0,0,0,1,0,1,0,0,0,0,0,13100000,876000,370000
MSI,2005,0,0,0,0,0,0,1,0,1,0,0,1,1,1,13100000,876000,370000
MSI,2005,0,0,0,0,0,0,1,0,1,0,0,0,0,1,13400000,2400000,1000000
MSI,2012,0,1,0,0,0,0,0,0,1,0,1,0,0,0,13400000,2400000,1000000
MSI,2012,0,1,0,0,0,0,0,0,1,0,1,0,0,0,13400000,2400000,1000000
MSI,2012,0,1,0,0,0,0,0,0,1,0,1,0,0,1,6000000,1300000,400000
MSI,2012,0,1,0,0,0,0,0,0,1,0,0,0,0,0,6000000,1300000,400000
MSI,2012,0,1,0,0,0,0,0,0,1,0,1,1,0,1,6000000,1300000,400000
MUSA,2013,1,0,0,0,0,0,0,0,1,0,0,0,0,0,6000000,1300000,400000
MUSA,2013,1,0,0,0,0,0,0,0,1,0,0,0,0,0,6000000,1300000,400000
NDAQ,2013,0,0,0,1,0,0,0,0,1,0,1,0,0,0,13100000,876000,370000
NDAQ,2013,0,0,0,1,0,0,0,0,1,0,1,0,0,1,7390755,786395,0
NDAQ,2013,0,0,0,1,0,0,0,0,1,0,1,0,0,0,7390755,786395,0
NDAQ,2013,0,0,0,1,0,0,0,0,1,0,0,0,0,0,7390755,786395,0
NDAQ,2013,0,0,0,1,0,0,0,0,1,0,1,1,0,1,7390755,786395,0
NDAQ,2013,0,0,1,0,0,0,0,0,1,0,1,0,0,0,7390755,786395,0
NDAQ,2013,0,0,1,0,0,0,0,0,1,0,1,0,0,1,7390755,786395,0
NDAQ,2013,0,0,1,0,0,0,0,0,1,0,1,0,0,0,7390755,786395,0
NDAQ,2013,0,0,1,0,0,0,0,0,1,0,0,0,0,0,7390755,786395,0
NDAQ,2013,0,0,1,0,0,0,0,0,1,0,1,1,0,1,7390755,786395,0
NFLX,2010,0,0,0,0,0,0,0,1,1,0,0,0,0,1,2012570,118342,88652
NFLX,2010,0,0,0,0,0,0,0,1,1,0,0,0,0,0,2012570,118342,88652
NFLX,2010,0,0,0,0,0,0,0,1,1,0,0,1,0,1,2012570,118342,88652
NFLX,2010,0,0,0,0,0,0,0,1,1,0,0,0,0,0,2012570,118342,88652
NFLX,2010,0,0,0,0,0,0,0,1,1,0,0,0,0,0,2012570,118342,88652
NFLX,2011,0,0,0,1,0,0,0,0,1,0,0,0,0,0,13100000,876000,370000
NFLX,2011,0,0,0,1,0,0,0,0,1,0,0,0,0,0,13100000,876000,370000
NFLX,2011,0,0,0,1,0,0,0,0,1,0,0,1,0,1,2570000,364000,94000
NFLX,2011,0,0,0,1,0,0,0,0,1,0,0,0,0,0,2570000,364000,94000
NFLX,2011,0,0,0,1,0,0,0,0,1,0,0,0,0,1,2570000,364000,94000
NGVC,2015,0,0,1,0,0,0,0,0,1,0,0,0,0,1,2570000,364000,94000
NGVC,2015,0,0,1,0,0,0,0,0,1,0,0,0,0,0,2570000,364000,94000
NGVC,2015,0,0,1,0,0,0,0,0,1,0,0,0,0,0,13100000,876000,370000
NGVC,2015,0,0,1,0,0,0,0,0,1,0,0,0,0,0,13100000,876000,370000
NLSN,2014,0,0,0,1,0,0,0,0,1,0,0,0,0,0,13100000,876000,370000
NLSN,2014,0,0,0,1,0,0,0,0,1,0,0,0,0,0,13100000,876000,370000
NLSN,2014,0,0,0,1,0,0,0,0,1,0,0,0,0,0,13100000,876000,370000
NLSN,2014,0,0,0,1,0,0,0,0,1,0,0,1,1,1,8419000,776000,370000
NLSN,2014,0,0,0,1,0,0,0,0,1,0,0,0,0,1,8419000,776000,370000
NNI,2006,0,0,0,0,0,1,0,0,1,0,0,0,0,0,8419000,776000,370000
NNI,2006,0,0,0,0,0,1,0,0,1,0,0,0,0,0,8419000,776000,370000
NNI,2006,0,0,0,0,0,1,0,0,1,0,0,0,0,0,13100000,876000,370000
NNI,2006,0,0,0,0,0,1,0,0,1,0,0,0,0,1,1635947,1226650,341099
NNI,2006,0,0,0,0,0,1,0,0,1,0,0,1,1,1,1635947,1226650,341099
NSM,2015,0,1,0,0,0,0,0,0,1,0,0,0,0,1,6247200,1178000,98000
NSM,2015,0,1,0,0,0,0,0,0,1,0,0,0,0,0,6247200,1178000,98000
NSM,2015,0,1,0,0,0,0,0,0,1,0,0,0,0,0,6247200,1178000,98000
NSM,2015,0,1,0,0,0,0,0,0,1,0,0,1,1,1,6247200,1178000,98000
NSM,2015,0,1,0,0,0,0,0,0,1,0,0,0,0,0,6247200,1178000,98000
NUAN,2010,0,0,0,0,0,1,0,0,1,0,1,0,0,1,3243265,108235,6200
NUAN,2010,0,0,0,0,0,1,0,0,1,0,0,0,0,0,3243265,108235,6200
NUAN,2010,0,0,0,0,0,1,0,0,1,0,1,1,0,1,3243265,108235,6200
NUAN,2010,0,0,0,0,0,1,0,0,1,0,0,0,0,0,3243265,108235,6200
NUAN,2010,0,0,0,0,0,1,0,0,1,0,0,0,0,0,3243265,108235,6200
NVDA,2012,0,0,1,0,0,0,0,0,1,0,0,0,0,0,13100000,876000,370000
NVDA,2012,0,0,1,0,0,0,0,0,1,0,0,0,0,0,13100000,876000,370000
NVDA,2012,0,0,1,0,0,0,0,0,1,0,0,1,0,1,3473340,365220,361620
NVDA,2012,0,0,1,0,0,0,0,0,1,0,0,0,0,0,3473340,365220,361620
NVDA,2012,0,0,1,0,0,0,0,0,1,0,0,0,0,1,3473340,365220,361620
NVDA,2015,0,0,1,0,0,0,0,0,1,0,0,0,0,0,3473340,365220,361620
NVDA,2015,0,0,1,0,0,0,0,0,1,0,0,1,1,1,4165140,265371,261771
NVDA,2015,0,0,1,0,0,0,0,0,1,0,0,0,0,0,4165140,265371,261771
NVDA,2015,0,0,1,0,0,0,0,0,1,0,0,0,0,1,4165140,265371,261771
NVDA,2015,0,0,1,0,0,0,0,0,1,0,0,0,0,0,4165140,265371,261771
NYT,2013,0,0,1,0,0,0,0,0,1,0,0,0,0,0,4165140,265371,261771
NYT,2013,0,0,1,0,0,0,0,0,1,0,0,1,0,1,2806000,299000,298000
NYT,2013,0,0,1,0,0,0,0,0,1,0,0,0,0,0,2806000,299000,298000
NYT,2013,0,0,1,0,0,0,0,0,1,0,0,0,0,0,2806000,299000,298000
NYT,2013,0,0,1,0,0,0,0,0,1,0,0,0,0,1,2806000,299000,298000
NYT,2013,0,0,1,0,0,0,0,0,1,0,0,0,0,0,2806000,299000,298000
NYT,2013,0,0,1,0,0,0,0,0,1,0,0,1,0,1,2806000,299000,298000
NYT,2013,0,0,1,0,0,0,0,0,1,0,0,0,0,0,2806000,299000,298000
NYT,2013,0,0,1,0,0,0,0,0,1,0,0,0,0,0,2806000,299000,298000
NYT,2013,0,0,1,0,0,0,0,0,1,0,0,0,0,1,2806000,299000,298000
ORCL,2007,0,0,0,0,0,0,1,0,1,0,0,0,0,0,2806000,299000,298000
ORCL,2007,0,0,0,0,0,0,1,0,1,0,0,1,1,1,13426065,1279960,944000
ORCL,2007,0,0,0,0,0,0,1,0,1,0,0,1,1,1,13426065,1279960,944000
ORCL,2007,0,0,0,0,0,0,1,0,1,0,0,0,0,0,13426065,1279960,944000
ORCL,2007,0,0,0,0,0,0,1,0,1,0,0,0,0,0,13426065,1279960,944000
ORCL,2007,0,0,0,0,0,0,1,0,1,0,0,1,1,1,13426065,1279960,944000
ORCL,2007,0,0,0,0,0,0,1,0,1,0,0,0,0,1,13426065,1279960,944000
ORCL,2007,0,0,0,0,0,0,1,0,1,0,0,0,0,0,13426065,1279960,944000
ORCL,2007,0,0,0,0,0,0,1,0,1,0,0,1,1,1,13426065,1279960,944000
ORCL,2007,0,0,0,0,0,0,1,0,1,0,0,0,0,1,13426065,1279960,944000
ORCL,2007,0,0,0,0,0,0,1,0,1,0,0,0,0,1,13426065,1279960,944000
ORCL,2007,0,0,0,0,0,0,1,0,1,0,0,0,0,1,13426065,1279960,944000
ORCL,2007,0,0,0,0,0,0,1,0,1,0,0,0,0,0,13426065,1279960,944000
ORCL,2007,0,0,0,0,0,0,1,0,1,0,0,0,0,0,13426065,1279960,944000
PACB,2014,0,0,0,0,0,1,0,0,1,0,0,0,0,1,768000,0,0
PACB,2014,0,0,0,0,0,1,0,0,1,0,0,1,1,1,768000,0,0
PACB,2014,0,0,0,0,0,1,0,0,1,0,0,0,0,0,768000,0,0
PACB,2014,0,0,0,0,0,1,0,0,1,0,0,0,0,0,768000,0,0
PACB,2014,0,0,0,0,0,1,0,0,1,0,0,0,0,0,13100000,876000,370000
PBI,2007,0,0,0,0,0,1,0,0,1,0,0,0,0,0,13100000,876000,370000
PBI,2007,0,0,0,0,0,1,0,0,1,0,0,0,0,1,9700000,2600000,900000
PBI,2007,0,0,0,0,0,1,0,0,1,0,0,0,0,0,9700000,2600000,900000
PBI,2007,0,0,0,0,0,1,0,0,1,0,0,1,0,1,9700000,2600000,900000
PBI,2007,0,0,0,0,0,1,0,0,1,0,0,0,0,0,9700000,2600000,900000
PFE,2007,0,0,0,1,0,0,0,0,1,0,1,1,0,1,24206000,5095000,4014000
PFE,2007,0,0,0,1,0,0,0,0,1,0,1,0,0,0,24206000,5095000,4014000
PFE,2007,0,0,0,1,0,0,0,0,1,0,1,0,0,0,24206000,5095000,4014000
PFE,2007,0,0,0,1,0,0,0,0,1,0,1,0,0,0,13100000,876000,370000
PFE,2007,0,0,0,1,0,0,0,0,1,0,1,0,0,1,24206000,5095000,4014000
PFE,2007,0,0,0,0,0,1,0,0,1,0,1,1,0,1,24206000,5095000,4014000
PFE,2007,0,0,0,0,0,1,0,0,1,0,1,0,0,0,24206000,5095000,4014000
PFE,2007,0,0,0,0,0,1,0,0,1,0,1,0,0,0,24206000,5095000,4014000
PFE,2007,0,0,0,0,0,1,0,0,1,0,1,0,0,0,13100000,876000,370000
PFE,2007,0,0,0,0,0,1,0,0,1,0,1,0,0,1,24206000,5095000,4014000
PFE,2007,0,1,0,0,0,0,0,0,1,0,1,1,0,1,24206000,5095000,4014000
PFE,2007,0,1,0,0,0,0,0,0,1,0,1,0,0,0,24206000,5095000,4014000
PFE,2007,0,1,0,0,0,0,0,0,1,0,1,0,0,0,24206000,5095000,4014000
PFE,2007,0,1,0,0,0,0,0,0,1,0,1,0,0,0,13100000,876000,370000
PFE,2007,0,1,0,0,0,0,0,0,1,0,1,0,0,1,24206000,5095000,4014000
PFE,2007,0,0,0,1,0,0,0,0,1,0,1,1,0,1,24206000,5095000,4014000
PFE,2007,0,0,0,1,0,0,0,0,1,0,1,0,0,0,24206000,5095000,4014000
PFE,2007,0,0,0,1,0,0,0,0,1,0,1,0,0,0,24206000,5095000,4014000
PFE,2007,0,0,0,1,0,0,0,0,1,0,1,0,0,0,13100000,876000,370000
PFE,2007,0,0,0,1,0,0,0,0,1,0,1,0,0,1,24206000,5095000,4014000
PFE,2008,0,0,0,0,0,1,0,0,1,0,1,0,0,1,23806000,5471000,3929000
PFE,2008,0,0,0,0,0,1,0,0,1,0,1,0,0,0,23806000,5471000,3929000
PFE,2008,0,0,0,0,0,1,0,0,1,0,1,0,0,0,23806000,5471000,3929000
PFE,2008,0,0,0,0,0,1,0,0,1,0,1,1,0,1,23806000,5471000,3929000
PFE,2008,0,0,0,0,0,1,0,0,1,0,1,0,0,0,23806000,5471000,3929000
PFE,2008,0,0,0,0,0,1,0,0,1,0,1,0,0,1,23806000,5471000,3929000
PFE,2008,0,0,0,0,0,1,0,0,1,0,1,0,0,0,23806000,5471000,3929000
PFE,2008,0,0,0,0,0,1,0,0,1,0,1,0,0,0,23806000,5471000,3929000
PFE,2008,0,0,0,0,0,1,0,0,1,0,1,1,0,1,23806000,5471000,3929000
PFE,2008,0,0,0,0,0,1,0,0,1,0,1,0,0,0,23806000,5471000,3929000
PFG,2010,0,0,1,0,0,0,0,0,1,0,0,0,0,0,23806000,5471000,3929000
PFG,2010,0,0,1,0,0,0,0,0,1,0,0,0,0,0,13100000,876000,370000
PFG,2010,0,0,1,0,0,0,0,0,1,0,0,1,0,1,7753360,1155330,34273
PFG,2010,0,0,1,0,0,0,0,0,1,0,0,0,0,0,7753360,1155330,34273
PFG,2010,0,0,1,0,0,0,0,0,1,0,0,0,0,1,7753360,1155330,34273
PKI,2016,0,0,1,0,0,0,0,0,1,0,0,0,0,0,7753360,1155330,34273
PKI,2016,0,0,1,0,0,0,0,0,1,0,0,1,1,1,3943000,645000,564000
PKI,2016,0,0,1,0,0,0,0,0,1,0,0,0,0,1,3943000,645000,564000
PNC,2010,1,0,0,0,0,0,0,0,1,0,0,0,0,0,3943000,645000,564000
PNC,2010,1,0,0,0,0,0,0,0,1,0,0,1,0,1,19000000,3300000,300000
PNC,2010,1,0,0,0,0,0,0,0,1,0,0,0,0,0,19000000,3300000,300000
PNC,2010,1,0,0,0,0,0,0,0,1,0,0,0,0,1,19000000,3300000,300000
PNC,2010,1,0,0,0,0,0,0,0,1,0,0,0,0,0,19000000,3300000,300000
PRSC,2006,0,0,0,0,0,1,0,0,1,0,0,0,0,1,799000,207000,300000
PRSC,2006,0,0,0,0,0,1,0,0,1,0,0,0,0,0,799000,207000,0
PRSC,2006,0,0,0,0,0,1,0,0,1,0,0,1,1,1,799000,207000,0
PRSC,2006,0,0,0,0,0,1,0,0,1,0,0,0,0,0,799000,207000,0
PRSC,2006,0,0,0,0,0,1,0,0,1,0,0,0,0,0,799000,207000,0
PRSC,2007,0,0,0,0,0,1,0,0,1,0,0,0,0,0,13100000,876000,370000
PRSC,2007,0,0,0,0,0,1,0,0,1,0,0,0,0,0,13100000,876000,370000
PRSC,2007,0,0,0,0,0,1,0,0,1,0,0,0,0,0,13100000,876000,370000
PRSC,2007,0,0,0,0,0,1,0,0,1,0,0,1,0,1,1245000,269000,0
PRSC,2007,0,0,0,0,0,1,0,0,1,0,0,0,0,1,1245000,269000,0
PRSC,2009,0,1,0,0,0,0,0,0,1,0,0,0,0,0,1245000,269000,0
PRSC,2009,0,1,0,0,0,0,0,0,1,0,0,0,0,0,1245000,269000,0
PRSC,2009,0,1,0,0,0,0,0,0,1,0,0,1,0,1,1289240,26178,26178
PRSC,2009,0,1,0,0,0,0,0,0,1,0,0,0,0,0,1289240,26178,26178
PRSC,2009,0,1,0,0,0,0,0,0,1,0,0,0,0,1,1289240,26178,26178
PRSC,2010,0,0,0,0,0,1,0,0,1,0,0,0,0,0,1289240,26178,26178
PRSC,2010,0,0,0,0,0,1,0,0,1,0,0,1,0,1,1115850,9091,9091
PRSC,2010,0,0,0,0,0,1,0,0,1,0,0,0,0,1,1115850,9091,9091
PRSC,2010,0,0,0,0,0,1,0,0,1,0,0,0,0,0,1115850,9091,9091
PRSC,2010,0,0,0,0,0,1,0,0,1,0,0,0,0,0,1115850,9091,9091
PRSC,2011,0,0,1,0,0,0,0,0,1,0,0,0,0,0,13100000,876000,370000
PRSC,2011,0,0,1,0,0,0,0,0,1,0,0,0,0,0,13100000,876000,370000
PRSC,2011,0,0,1,0,0,0,0,0,1,0,0,1,0,1,1257582,103709,7167
PRSC,2011,0,0,1,0,0,0,0,0,1,0,0,0,0,1,1257582,103709,7167
PRSC,2011,0,0,1,0,0,0,0,0,1,0,0,0,0,0,1257582,103709,7167
PRU,2006,0,1,0,0,0,0,0,0,1,0,0,1,1,1,35500000,5400000,1700000
PRU,2006,0,1,0,0,0,0,0,0,1,0,0,0,0,1,35500000,5400000,1700000
PRU,2006,0,1,0,0,0,0,0,0,1,0,0,0,0,0,35500000,5400000,1700000
PRU,2006,0,1,0,0,0,0,0,0,1,0,0,0,0,0,35500000,5400000,1700000
PRU,2006,0,1,0,0,0,0,0,0,1,0,0,0,0,0,13100000,876000,370000
PRU,2007,0,0,0,1,0,0,0,0,1,0,0,0,0,0,13100000,876000,370000
PRU,2007,0,0,0,1,0,0,0,0,1,0,0,0,0,1,37000000,5000000,1000000
PRU,2007,0,0,0,1,0,0,0,0,1,0,0,0,0,0,37000000,5000000,1000000
PRU,2007,0,0,0,1,0,0,0,0,1,0,0,1,0,1,37000000,5000000,1000000
PRU,2007,0,0,0,1,0,0,0,0,1,0,0,0,0,0,37000000,5000000,1000000
PSA,2007,0,0,1,0,0,0,0,0,1,0,0,1,0,1,1606000,1722000,1686000
PSA,2007,0,0,1,0,0,0,0,0,1,0,0,0,0,0,1606000,1722000,1686000
PSA,2007,0,0,1,0,0,0,0,0,1,0,0,0,0,1,1606000,1722000,1686000
PSA,2007,0,0,1,0,0,0,0,0,1,0,0,0,0,0,1606000,1722000,1686000
RAD,2010,0,0,0,0,1,0,0,0,1,0,0,0,0,0,1606000,1722000,1686000
RAD,2010,0,0,0,0,1,0,0,0,1,0,0,1,1,1,2600000,300000,100000
RAD,2010,0,0,0,0,1,0,0,0,1,0,0,0,0,1,2600000,300000,100000
RAD,2010,0,0,0,0,1,0,0,0,1,0,0,0,0,0,2600000,300000,100000
RAD,2010,0,0,0,0,1,0,0,0,1,0,0,0,0,0,2600000,300000,100000
RAD,2012,0,0,0,0,1,0,0,0,1,0,0,0,0,0,13100000,876000,370000
RAD,2012,0,0,0,0,1,0,0,0,1,0,0,1,1,1,2600000,300000,0
RAD,2012,0,0,0,0,1,0,0,0,1,0,0,0,0,0,2600000,300000,0
RAD,2012,0,0,0,0,1,0,0,0,1,0,0,0,0,0,2600000,300000,0
RAD,2012,0,0,0,0,1,0,0,0,1,0,0,0,0,1,2600000,300000,0
RAD,2012,0,1,0,0,0,0,0,0,1,0,0,0,0,0,2600000,300000,0
RAD,2012,0,1,0,0,0,0,0,0,1,0,0,1,1,1,2600000,300000,0
RAD,2012,0,1,0,0,0,0,0,0,1,0,0,0,0,0,2600000,300000,0
RAD,2012,0,1,0,0,0,0,0,0,1,0,0,0,0,0,2600000,300000,0
RAD,2012,0,1,0,0,0,0,0,0,1,0,0,0,0,1,2600000,300000,0
RAD,2014,0,0,0,0,1,0,0,0,1,0,1,1,1,1,2800000,500000,100000
RAD,2014,0,0,0,0,1,0,0,0,1,0,1,0,0,1,2800000,500000,100000
RAD,2014,0,0,0,0,1,0,0,0,1,0,0,0,0,0,2800000,500000,100000
RAD,2014,0,0,0,0,1,0,0,0,1,0,0,0,0,0,2800000,500000,100000
RAD,2014,0,0,0,0,1,0,0,0,1,0,0,0,0,0,13100000,876000,370000
RAD,2016,0,0,1,0,0,0,0,0,1,0,1,0,0,1,3400000,300000,100000
RAD,2016,0,0,1,0,0,0,0,0,1,0,1,1,1,1,3400000,300000,100000
RF,2012,0,0,0,0,0,1,0,0,1,0,0,0,0,0,3400000,300000,100000
RF,2012,0,0,0,0,0,1,0,0,1,0,0,0,0,0,3400000,300000,100000
RF,2012,0,0,0,0,0,1,0,0,1,0,0,0,0,0,13100000,876000,370000
RF,2012,0,0,0,0,0,1,0,0,1,0,0,1,0,1,7819729,2311950,597968
RF,2012,0,0,0,0,0,1,0,0,1,0,0,0,0,1,7819729,2311950,597968
ROL,2013,0,1,0,0,0,0,0,0,1,0,0,0,0,1,1254840,2311950,597968
ROL,2013,0,1,0,0,0,0,0,0,1,0,0,0,0,0,1254840,2311950,597968
ROL,2013,0,1,0,0,0,0,0,0,1,0,0,0,0,0,1254840,0,0
ROL,2013,0,1,0,0,0,0,0,0,1,0,0,1,0,1,1254840,0,0
ROL,2013,0,1,0,0,0,0,0,0,1,0,0,0,0,0,1254840,0,0
ROST,2010,0,0,0,0,1,0,0,0,1,0,0,0,0,1,1183000,346000,222000
ROST,2010,0,0,0,0,1,0,0,0,1,0,0,0,0,0,1183000,346000,222000
ROST,2010,0,0,0,0,1,0,0,0,1,0,0,0,0,0,1183000,346000,222000
ROST,2010,0,0,0,0,1,0,0,0,1,0,0,1,1,1,1183000,346000,222000
ROST,2010,0,0,0,0,1,0,0,0,1,0,0,0,0,0,1183000,346000,222000
RSG,2013,0,0,0,0,0,1,0,0,1,0,0,0,0,0,1183000,346000,222000
RSG,2013,0,0,0,0,0,1,0,0,1,0,0,0,0,0,13100000,876000,370000
RSG,2013,0,0,0,0,0,1,0,0,1,0,0,1,0,1,2436950,525377,525377
RSG,2013,0,0,0,0,0,1,0,0,1,0,0,0,0,0,2436950,525377,525377
RSG,2013,0,0,0,0,0,1,0,0,1,0,0,0,0,1,2436950,525377,525377
S,2009,0,0,0,1,0,0,0,0,1,0,0,0,0,1,16200000,1000000,100000
S,2009,0,0,0,1,0,0,0,0,1,0,0,0,0,0,16200000,1000000,100000
S,2009,0,0,0,1,0,0,0,0,1,0,0,0,0,0,16200000,1000000,100000
S,2009,0,0,0,1,0,0,0,0,1,0,1,0,0,0,13100000,876000,370000
S,2009,0,0,0,1,0,0,0,0,1,0,0,1,0,1,16200000,1000000,100000
S,2010,0,0,0,1,0,0,0,0,1,0,0,0,0,1,16107000,824000,217000
S,2010,0,0,0,1,0,0,0,0,1,0,0,0,0,0,16107000,824000,217000
S,2010,0,0,0,1,0,0,0,0,1,0,0,0,0,0,16107000,824000,217000
S,2010,0,0,0,1,0,0,0,0,1,0,0,0,0,0,13100000,876000,370000
S,2010,0,0,0,1,0,0,0,0,1,0,0,1,0,1,16107000,824000,217000
SBUX,2006,0,0,0,0,0,1,0,0,1,0,0,0,0,1,4941000,206000,93000
SBUX,2006,0,0,0,0,0,1,0,0,1,0,0,0,0,0,4941000,206000,93000
SBUX,2006,0,0,0,0,0,1,0,0,1,0,0,1,1,1,4941000,206000,93000
SBUX,2006,0,0,0,0,0,1,0,0,1,0,0,0,0,0,4941000,206000,93000
SBUX,2006,0,0,0,0,0,1,0,0,1,0,0,0,0,0,4941000,206000,93000
SBUX,2006,0,0,0,0,0,1,0,0,1,0,0,0,0,0,13100000,876000,370000
SBUX,2008,0,0,0,0,0,1,0,0,1,0,0,0,0,0,13100000,876000,370000
SBUX,2008,0,0,0,0,0,1,0,0,1,0,0,0,0,0,13100000,876000,370000
SBUX,2008,0,0,0,0,0,1,0,0,1,0,0,1,0,1,5039000,268000,156000
SBUX,2008,0,0,0,0,0,1,0,0,1,0,0,0,0,1,5039000,268000,156000
SBUX,2008,0,0,0,0,0,1,0,0,1,0,0,0,0,0,5039000,268000,156000
SBUX,2015,0,0,1,0,0,0,0,0,1,0,0,0,0,0,5039000,268000,156000
SBUX,2015,0,0,1,0,0,0,0,0,1,0,1,0,0,0,13100000,876000,370000
SBUX,2015,0,0,1,0,0,0,0,0,1,0,1,0,0,1,6670000,676000,522000
SBUX,2015,0,0,1,0,0,0,0,0,1,0,1,0,0,0,6670000,676000,522000
SBUX,2015,0,0,1,0,0,0,0,0,1,0,1,1,1,1,6670000,676000,522000
SCOR,2013,0,1,0,0,0,0,0,0,1,0,0,0,0,0,6670000,676000,522000
SCOR,2013,0,1,0,0,0,0,0,0,1,0,0,0,0,1,1768500,676000,522000
SCOR,2013,0,1,0,0,0,0,0,0,1,0,0,0,0,0,1768500,0,0
SCOR,2013,0,1,0,0,0,0,0,0,1,0,0,0,0,0,1768500,0,0
SCOR,2013,0,1,0,0,0,0,0,0,1,0,0,1,0,1,1768500,0,0
SCOR,2013,0,1,0,0,0,0,0,0,1,0,0,0,0,0,1768500,0,0
SCOR,2013,0,1,0,0,0,0,0,0,1,0,0,0,0,1,1768500,0,0
SCOR,2013,0,1,0,0,0,0,0,0,1,0,0,0,0,0,1768500,0,0
SCOR,2013,0,1,0,0,0,0,0,0,1,0,0,0,0,0,1768500,0,0
SCOR,2013,0,1,0,0,0,0,0,0,1,0,0,1,0,1,1768500,0,0
SEAC,2010,0,0,0,1,0,0,0,0,1,0,0,0,0,0,1768500,0,0
SEAC,2010,0,0,0,1,0,0,0,0,1,0,0,0,0,0,1768500,0,0
SEAC,2010,0,0,0,1,0,0,0,0,1,0,0,1,0,1,1010330,6864,6864
SEAC,2010,0,0,0,1,0,0,0,0,1,0,0,0,0,0,1010330,6864,6864
SEAC,2010,0,0,0,1,0,0,0,0,1,0,0,0,0,1,1010330,6864,6864
SFM,2016,0,0,1,0,0,0,0,0,1,0,0,1,1,1,1407110,1800,6864
SFM,2016,0,0,1,0,0,0,0,0,1,0,0,0,0,1,1407110,1800,6864
SFM,2016,0,0,1,0,0,0,0,0,1,0,0,0,0,0,1407110,1800,0
SHLD,2006,0,0,0,0,0,1,0,0,1,0,0,1,1,1,7030000,2842000,1384000
SHLD,2006,0,0,0,0,0,1,0,0,1,0,0,0,0,0,7030000,2842000,1384000
SHLD,2006,0,0,0,0,0,1,0,0,1,0,0,0,0,0,7030000,2842000,1384000
SHLD,2006,0,0,0,0,0,1,0,0,1,0,0,0,0,1,7030000,2842000,1384000
SHLD,2006,0,0,0,0,0,1,0,0,1,0,0,0,0,0,7030000,2842000,1384000
SHLD,2008,0,1,0,0,0,0,0,0,1,0,0,0,0,0,7030000,2842000,1384000
SHLD,2008,0,1,0,0,0,0,0,0,1,0,0,0,0,1,7636000,2439000,1060000
SHLD,2008,0,1,0,0,0,0,0,0,1,0,0,1,1,1,7636000,2439000,1060000
SHLD,2008,0,1,0,0,0,0,0,0,1,0,0,0,0,0,7636000,2439000,1060000
SHLD,2008,0,1,0,0,0,0,0,0,1,0,0,0,0,0,7636000,2439000,1060000
SHLD,2014,0,0,1,0,0,0,0,0,1,0,0,1,1,1,11683000,4801000,635000
SHLD,2014,0,0,1,0,0,0,0,0,1,0,0,0,0,0,11683000,4801000,635000
SHLD,2014,0,0,1,0,0,0,0,0,1,0,0,0,0,1,11683000,4801000,635000
SHLD,2014,0,0,1,0,0,0,0,0,1,0,0,0,0,0,11683000,4801000,635000
SHLD,2014,0,0,1,0,0,0,0,0,1,0,0,0,0,0,11683000,4801000,635000
SHLD,2014,0,0,1,0,0,0,0,0,1,0,0,1,1,1,11683000,4801000,635000
SHLD,2014,0,0,1,0,0,0,0,0,1,0,0,0,0,0,11683000,4801000,635000
SHLD,2014,0,0,1,0,0,0,0,0,1,0,0,0,0,1,11683000,4801000,635000
SHLD,2014,0,0,1,0,0,0,0,0,1,0,0,0,0,0,11683000,4801000,635000
SHLD,2014,0,0,1,0,0,0,0,0,1,0,0,0,0,0,11683000,4801000,635000
SMMF,2015,0,1,0,0,0,0,0,0,1,0,0,0,0,1,242400,73060,10000
SMMF,2015,0,1,0,0,0,0,0,0,1,0,0,0,0,0,242400,73060,10000
SMMF,2015,0,1,0,0,0,0,0,0,1,0,0,0,0,0,242400,73060,10000
SMMF,2015,0,1,0,0,0,0,0,0,1,0,0,0,0,0,13100000,876000,370000
SMMF,2015,0,1,0,0,0,0,0,0,1,0,0,1,1,1,242400,73060,10000
SMTC,2007,0,0,0,0,0,1,0,0,1,0,0,0,0,0,242400,73060,10000
SMTC,2007,0,0,0,0,0,1,0,0,1,0,0,0,0,0,242400,73060,10000
SMTC,2007,0,0,0,0,0,1,0,0,1,0,1,1,1,1,3172170,0,0
SMTC,2007,0,0,0,0,0,1,0,0,1,0,1,0,0,1,3172170,0,0
SMTC,2007,0,0,0,0,0,1,0,0,1,0,0,0,0,0,3172170,0,0
SNE,2011,0,0,1,0,0,0,0,0,1,0,0,1,0,1,50354530,3882420,23388
SNE,2011,0,0,1,0,0,0,0,0,1,0,0,0,0,1,50354530,3882420,23388
SNE,2011,0,0,1,0,0,0,0,0,1,0,0,1,0,1,50354530,3882420,23388
SNE,2011,0,0,1,0,0,0,0,0,1,0,0,0,0,1,50354530,3882420,23388
SNE,2014,0,0,1,0,0,0,0,0,1,0,0,0,0,1,44709388,1817540,39946
SNE,2014,0,0,1,0,0,0,0,0,1,0,0,1,1,1,44709388,1817540,39946
SNE,2014,0,0,1,0,0,0,0,0,1,0,0,0,0,1,44709388,1817540,39946
SNE,2014,0,0,1,0,0,0,0,0,1,0,0,1,1,1,44709388,1817540,39946
SNI,2015,0,0,1,0,0,0,0,0,1,0,1,0,0,0,44709388,1817540,39946
SNI,2015,0,0,1,0,0,0,0,0,1,0,1,1,1,1,3068100,993100,184000
SNI,2015,0,0,1,0,0,0,0,0,1,0,0,0,0,0,3068100,993100,184000
SNI,2015,0,0,1,0,0,0,0,0,1,0,0,0,0,0,3068100,993100,184000
SNI,2015,0,0,1,0,0,0,0,0,1,0,1,0,0,1,3068100,993100,184000
SPLS,2012,0,0,0,1,0,0,0,0,1,0,0,0,0,0,3068100,993100,184000
SPLS,2012,0,0,0,1,0,0,0,0,1,0,0,0,0,1,7559000,2959000,2600000
SPLS,2012,0,0,0,1,0,0,0,0,1,0,0,1,0,1,7559000,2959000,2600000
SPLS,2012,0,0,0,1,0,0,0,0,1,0,0,0,0,0,7559000,2959000,2600000
SPLS,2012,0,0,0,1,0,0,0,0,1,0,0,0,0,0,7559000,2959000,2600000
SPLS,2014,0,0,1,0,0,0,0,0,1,0,0,0,0,0,13100000,876000,370000
SPLS,2014,0,0,1,0,0,0,0,0,1,0,0,1,1,1,8520000,2220000,1900000
SPLS,2014,0,0,1,0,0,0,0,0,1,0,0,0,0,0,8520000,2220000,1900000
SPLS,2014,0,0,1,0,0,0,0,0,1,0,0,0,0,1,8520000,2220000,1900000
SPLS,2014,0,0,1,0,0,0,0,0,1,0,0,0,0,0,8520000,2220000,1900000
SRI,2015,0,0,1,0,0,0,0,0,1,0,0,0,0,1,1496520,193662,193662
SRI,2015,0,0,1,0,0,0,0,0,1,0,0,0,0,0,1496520,193662,193662
SRI,2015,0,0,1,0,0,0,0,0,1,0,0,1,1,1,1496520,193662,193662
SRI,2015,0,0,1,0,0,0,0,0,1,0,0,0,0,0,1496520,193662,193662
SRI,2015,0,0,1,0,0,0,0,0,1,0,0,0,0,0,1496520,193662,193662
STI,2010,1,0,0,0,0,0,0,0,1,0,0,1,0,1,7110000,640000,210000
STI,2010,1,0,0,0,0,0,0,0,1,0,0,0,0,1,7110000,640000,210000
STI,2010,1,0,0,0,0,0,0,0,1,0,0,0,0,0,7110000,640000,210000
STI,2010,1,0,0,0,0,0,0,0,1,0,0,0,0,0,7110000,640000,210000
STI,2010,1,0,0,0,0,0,0,0,1,0,0,0,0,0,13100000,876000,370000
STI,2011,0,0,0,1,0,0,0,0,1,0,0,0,0,0,13100000,876000,370000
STI,2011,0,0,0,1,0,0,0,0,1,0,0,0,0,1,9090000,2480000,350000
STI,2011,0,0,0,1,0,0,0,0,1,0,0,1,0,1,9090000,2480000,350000
STI,2011,0,0,0,1,0,0,0,0,1,0,0,0,0,0,9090000,2480000,350000
STI,2011,0,0,0,1,0,0,0,0,1,0,0,0,0,0,9090000,2480000,350000
STT,2008,0,0,0,0,0,0,1,0,1,0,0,1,0,1,15800000,8000000,5000000
STT,2008,0,0,0,0,0,0,1,0,1,0,0,0,0,1,15800000,8000000,5000000
STT,2008,0,0,0,0,0,0,1,0,1,0,0,0,0,0,15800000,8000000,5000000
STT,2008,0,0,0,0,0,0,1,0,1,0,0,0,0,0,15800000,8000000,5000000
STT,2008,0,0,0,0,0,0,1,0,1,0,0,0,0,0,13100000,876000,370000
STX,2016,0,0,1,0,0,0,0,0,1,0,0,0,0,0,13100000,876000,370000
STX,2016,0,0,1,0,0,0,0,0,1,0,0,0,0,0,13100000,876000,370000
SWK,2013,0,0,0,0,0,1,0,0,1,0,1,0,0,0,13100000,876000,370000
SWK,2013,0,0,0,0,0,1,0,0,1,0,1,0,0,1,14065500,7147000,6815000
SWK,2013,0,0,0,0,0,1,0,0,1,0,1,0,0,0,14065500,7147000,6815000
SWK,2013,0,0,0,0,0,1,0,0,1,0,1,0,0,0,14065500,7147000,6815000
SWK,2013,0,0,0,0,0,1,0,0,1,0,1,1,0,1,14065500,7147000,6815000
SYMC,2009,0,0,0,1,0,0,0,0,1,0,0,0,0,0,14065500,7147000,6815000
SYMC,2009,0,0,0,1,0,0,0,0,1,0,0,1,0,1,11010131,231464,229133
SYMC,2009,0,0,0,1,0,0,0,0,1,0,0,0,0,0,11010131,231464,229133
SYMC,2009,0,0,0,1,0,0,0,0,1,0,0,0,0,1,11010131,231464,229133
SYMC,2009,0,0,0,1,0,0,0,0,1,0,0,0,0,0,11010131,231464,229133
SYMC,2012,0,0,1,0,0,0,0,0,1,0,0,0,0,0,11010131,231464,229133
SYMC,2012,0,0,1,0,0,0,0,0,1,0,1,0,0,1,10177806,1059650,122734
SYMC,2012,0,0,1,0,0,0,0,0,1,0,0,0,0,0,10177806,1059650,122734
SYMC,2012,0,0,1,0,0,0,0,0,1,0,0,0,0,0,10177806,1059650,122734
SYMC,2012,0,0,1,0,0,0,0,0,1,0,1,1,0,1,10177806,1059650,122734
T,2007,0,0,0,0,0,1,0,0,1,0,0,0,0,1,29500000,6600000,4300000
T,2007,0,0,0,0,0,1,0,0,1,0,0,0,0,0,29500000,6600000,4300000
T,2007,0,0,0,0,0,1,0,0,1,0,0,1,0,1,29500000,6600000,4300000
T,2007,0,0,0,0,0,1,0,0,1,0,0,0,0,0,29500000,6600000,4300000
T,2007,0,0,0,0,0,1,0,0,1,0,0,0,0,0,29500000,6600000,4300000
T,2008,0,0,0,0,0,1,0,0,1,0,0,0,0,0,13100000,876000,370000
T,2008,0,0,0,0,0,1,0,0,1,0,0,0,0,1,24300000,9500000,7500000
T,2008,0,0,0,0,0,1,0,0,1,0,0,0,0,0,24300000,9500000,7500000
T,2008,0,0,0,0,0,1,0,0,1,0,0,0,0,0,24300000,9500000,7500000
T,2008,0,0,0,0,0,1,0,0,1,0,0,1,0,1,24300000,9500000,7500000
T,2009,0,0,0,1,0,0,0,0,1,0,0,0,0,1,24600000,9100000,6600000
T,2009,0,0,0,1,0,0,0,0,1,0,0,0,0,0,24600000,9100000,6600000
T,2009,0,0,0,1,0,0,0,0,1,0,0,0,0,0,24600000,9100000,6600000
T,2009,0,0,0,1,0,0,0,0,1,0,0,1,0,1,24600000,9100000,6600000
T,2009,0,0,0,1,0,0,0,0,1,0,0,0,0,0,24600000,9100000,6600000
T,2010,0,0,0,1,0,0,0,0,1,0,0,0,0,1,24400000,7200000,4400000
T,2010,0,0,0,1,0,0,0,0,1,0,0,0,0,0,24400000,7200000,4400000
T,2010,0,0,0,1,0,0,0,0,1,0,0,1,0,1,24400000,7200000,4400000
T,2010,0,0,0,1,0,0,0,0,1,0,0,0,0,0,24400000,7200000,4400000
T,2010,0,0,0,1,0,0,0,0,1,0,0,0,0,0,24400000,7200000,4400000
T,2010,0,1,0,0,0,0,0,0,1,0,0,0,0,1,24400000,7200000,4400000
T,2010,0,1,0,0,0,0,0,0,1,0,0,0,0,0,24400000,7200000,4400000
T,2010,0,1,0,0,0,0,0,0,1,0,0,1,0,1,24400000,7200000,4400000
T,2010,0,1,0,0,0,0,0,0,1,0,0,0,0,0,24400000,7200000,4400000
T,2010,0,1,0,0,0,0,0,0,1,0,0,0,0,0,24400000,7200000,4400000
T,2011,0,0,1,0,0,0,0,0,1,0,0,0,0,0,13100000,876000,370000
T,2011,0,0,1,0,0,0,0,0,1,0,0,0,0,0,13100000,876000,370000
T,2011,0,0,1,0,0,0,0,0,1,0,0,0,0,1,13100000,876000,370000
T,2011,0,0,1,0,0,0,0,0,1,0,0,1,0,1,25700000,8600000,6200000
T,2011,0,0,1,0,0,0,0,0,1,0,0,0,0,0,25700000,8600000,6200000
T,2014,0,0,0,1,0,0,0,0,1,0,0,0,0,1,27700000,12400000,8000000
T,2014,0,0,0,1,0,0,0,0,1,0,0,0,0,0,27700000,12400000,8000000
T,2014,0,0,0,1,0,0,0,0,1,0,0,0,0,0,27700000,12400000,8000000
T,2014,0,0,0,1,0,0,0,0,1,0,0,1,1,1,27700000,12400000,8000000
T,2014,0,0,0,1,0,0,0,0,1,0,0,0,0,0,27700000,12400000,8000000
T,2015,0,0,0,1,0,0,0,0,1,0,1,0,0,0,27700000,12400000,8000000
T,2015,0,0,0,1,0,0,0,0,1,0,0,0,0,0,13100000,876000,370000
T,2015,0,0,0,1,0,0,0,0,1,0,1,0,0,1,34800000,15700000,10500000
T,2015,0,0,0,1,0,0,0,0,1,0,1,1,1,1,34800000,15700000,10500000
T,2015,0,0,0,1,0,0,0,0,1,0,0,0,0,0,34800000,15700000,10500000
TGT,2013,0,0,1,0,0,0,0,0,1,0,0,0,0,0,34800000,15700000,10500000
TGT,2013,0,0,1,0,0,0,0,0,1,0,0,0,0,1,3847000,3700000,3519000
TGT,2013,0,0,1,0,0,0,0,0,1,0,0,1,0,1,3847000,3700000,3519000
TGT,2013,0,0,1,0,0,0,0,0,1,0,0,0,0,0,3847000,3700000,3519000
TGT,2013,0,0,1,0,0,0,0,0,1,0,1,0,0,0,3847000,3700000,3519000
THC,2008,0,0,0,1,0,0,0,0,1,0,0,0,0,0,13100000,876000,370000
THC,2008,0,0,0,1,0,0,0,0,1,0,0,1,0,1,4508400,1376100,0
THC,2008,0,0,0,1,0,0,0,0,1,0,0,0,0,0,4508400,1376100,0
THC,2008,0,0,0,1,0,0,0,0,1,0,0,0,0,0,4508400,1376100,0
THC,2008,0,0,0,1,0,0,0,0,1,0,0,0,0,1,4508400,1376100,0
TRI,2010,0,0,0,1,0,0,0,0,0,0,0,0,0,1,23600000,12500000,9200000
TRI,2010,0,0,0,1,0,0,0,0,0,0,0,1,0,1,23600000,12500000,9200000
TRIP,2011,0,0,1,0,0,0,0,0,1,0,0,0,0,0,23600000,12500000,9200000
TRIP,2011,0,0,1,0,0,0,0,0,1,0,0,0,0,0,23600000,12500000,9200000
TTEC,2010,0,0,0,0,0,0,0,1,1,0,0,0,0,0,13100000,876000,370000
TTEC,2010,0,0,0,0,0,0,0,1,1,0,0,1,0,1,3276000,770000,70000
TTEC,2010,0,0,0,0,0,0,0,1,1,0,0,0,0,0,3276000,770000,70000
TTEC,2010,0,0,0,0,0,0,0,1,1,0,0,0,0,1,3276000,770000,70000
TTEC,2010,0,0,0,0,0,0,0,1,1,0,0,0,0,0,3276000,770000,70000
TWTR,2013,0,0,1,0,0,0,0,0,1,0,0,0,0,0,3276000,770000,70000
TWTR,2016,0,0,1,0,0,0,0,0,1,0,0,0,0,0,13100000,876000,370000
TWX,2005,0,0,0,0,0,1,0,0,1,0,1,1,1,1,28939000,7545000,2877000
TWX,2005,0,0,0,0,0,1,0,0,1,0,1,0,0,0,28939000,7545000,2877000
TWX,2005,0,0,0,0,0,1,0,0,1,0,1,0,0,1,28939000,7545000,2877000
TWX,2005,0,0,0,0,0,1,0,0,1,0,1,0,0,0,28939000,7545000,2877000
TWX,2005,0,0,0,0,0,1,0,0,1,0,1,0,0,0,28939000,7545000,2877000
TXT,2007,0,0,0,0,0,1,0,0,1,0,0,0,0,1,11777000,3304000,1156000
TXT,2007,0,0,0,0,0,1,0,0,1,0,0,0,0,0,11777000,3304000,1156000
TXT,2007,0,0,0,0,0,1,0,0,1,0,0,0,0,0,11777000,3304000,1156000
TXT,2007,0,0,0,0,0,1,0,0,1,0,0,0,0,0,13100000,876000,370000
TXT,2007,0,0,0,0,0,1,0,0,1,0,0,1,0,1,11777000,3304000,1156000
UBNT,2015,0,0,1,0,0,0,0,0,0,1,0,0,0,0,11777000,3304000,1156000
UBNT,2015,0,0,1,0,0,0,0,0,0,1,0,1,1,0,1790801,186801,31000
UBNT,2015,0,0,1,0,0,0,0,0,1,0,0,0,0,0,1790801,186801,31000
UBNT,2015,0,0,1,0,0,0,0,0,0,1,0,0,0,0,1790801,186801,31000
UBNT,2015,0,0,1,0,0,0,0,0,0,1,0,0,0,0,1790801,186801,31000
UNH,2007,0,1,0,0,0,0,0,0,1,0,0,0,0,0,1790801,186801,31000
UNH,2007,0,1,0,0,0,0,0,0,1,0,0,0,0,0,1790801,186801,31000
UNH,2007,0,1,0,0,0,0,0,0,1,0,0,1,0,1,24575000,3575000,1650000
UNH,2007,0,1,0,0,0,0,0,0,1,0,0,0,0,0,24575000,3575000,1650000
UNH,2007,0,1,0,0,0,0,0,0,1,0,0,0,0,1,24575000,3575000,1650000
UNH,2007,0,0,0,1,0,0,0,0,1,0,0,0,0,0,24575000,3575000,1650000
UNH,2007,0,0,0,1,0,0,0,0,1,0,0,0,0,0,24575000,3575000,1650000
UNH,2007,0,0,0,1,0,0,0,0,1,0,0,1,0,1,24575000,3575000,1650000
UNH,2007,0,0,0,1,0,0,0,0,1,0,0,0,0,0,24575000,3575000,1650000
UNH,2007,0,0,0,1,0,0,0,0,1,0,0,0,0,1,24575000,3575000,1650000
UNH,2010,0,1,0,0,0,0,0,0,1,0,0,0,0,0,24575000,3575000,1650000
UNH,2010,0,1,0,0,0,0,0,0,1,0,0,1,0,1,19108000,3312000,625000
UNH,2010,0,1,0,0,0,0,0,0,1,0,0,0,0,0,19108000,3312000,625000
UNH,2010,0,1,0,0,0,0,0,0,1,0,0,0,0,1,19108000,3312000,625000
UNH,2010,0,1,0,0,0,0,0,0,1,0,0,0,0,0,19108000,3312000,625000
UNH,2010,0,0,0,0,1,0,0,0,1,0,0,0,0,0,19108000,3312000,625000
UNH,2010,0,0,0,0,1,0,0,0,1,0,0,1,0,1,19108000,3312000,625000
UNH,2010,0,0,0,0,1,0,0,0,1,0,0,0,0,0,19108000,3312000,625000
UNH,2010,0,0,0,0,1,0,0,0,1,0,0,0,0,1,19108000,3312000,625000
UNH,2010,0,0,0,0,1,0,0,0,1,0,0,0,0,0,19108000,3312000,625000
UNH,2010,0,0,0,0,1,0,0,0,1,0,0,0,0,0,19108000,3312000,625000
UNH,2010,0,0,0,0,1,0,0,0,1,0,0,1,0,1,19108000,3312000,625000
UNH,2010,0,0,0,0,1,0,0,0,1,0,0,0,0,0,19108000,3312000,625000
UNH,2010,0,0,0,0,1,0,0,0,1,0,0,0,0,1,19108000,3312000,625000
UNH,2010,0,0,0,0,1,0,0,0,1,0,0,0,0,0,19108000,3312000,625000
UNH,2010,0,0,0,0,1,0,0,0,1,0,0,0,0,0,19108000,3312000,625000
UNH,2010,0,0,0,0,1,0,0,0,1,0,0,1,0,1,19108000,3312000,625000
UNH,2010,0,0,0,0,1,0,0,0,1,0,0,0,0,0,19108000,3312000,625000
UNH,2010,0,0,0,0,1,0,0,0,1,0,0,0,0,1,19108000,3312000,625000
UNH,2010,0,0,0,0,1,0,0,0,1,0,0,0,0,0,19108000,3312000,625000
UNH,2011,0,0,0,0,0,0,0,1,1,0,0,0,0,0,13100000,876000,370000
UNH,2011,0,0,0,0,0,0,0,1,1,0,0,0,0,0,13100000,876000,370000
UNH,2011,0,0,0,0,0,0,0,1,1,0,0,0,0,0,13100000,876000,370000
UNH,2011,0,0,0,0,0,0,0,1,1,0,0,0,0,1,20394000,3980000,504000
UNH,2011,0,0,0,0,0,0,0,1,1,0,0,1,0,1,20394000,3980000,504000
UNH,2011,0,0,0,0,0,1,0,0,1,0,0,0,0,0,20394000,3980000,504000
UNH,2011,0,0,0,0,0,1,0,0,1,0,0,0,0,0,20394000,3980000,504000
UNH,2011,0,0,0,0,0,1,0,0,1,0,0,0,0,0,13100000,876000,370000
UNH,2011,0,0,0,0,0,1,0,0,1,0,0,0,0,1,20394000,3980000,504000
UNH,2011,0,0,0,0,0,1,0,0,1,0,0,1,0,1,20394000,3980000,504000
UNH,2012,0,0,0,1,0,0,0,0,1,0,0,0,0,0,20394000,3980000,504000
UNH,2012,0,0,0,1,0,0,0,0,1,0,1,0,0,1,27071000,10719000,998000
UNH,2012,0,0,0,1,0,0,0,0,1,0,0,0,0,0,27071000,10719000,998000
UNH,2012,0,0,0,1,0,0,0,0,1,0,0,0,0,0,27071000,10719000,998000
UNH,2012,0,0,0,1,0,0,0,0,1,0,1,1,0,1,27071000,10719000,998000
UNH,2016,0,1,0,0,0,0,0,0,1,0,0,0,0,0,27071000,10719000,998000
UNP,2006,0,0,0,0,0,1,0,0,1,0,0,0,0,0,27071000,10719000,998000
UNP,2006,0,0,0,0,0,1,0,0,1,0,0,0,0,0,13100000,876000,370000
UNP,2006,0,0,0,0,0,1,0,0,1,0,0,0,0,1,3272630,563861,23161
UNP,2006,0,0,0,0,0,1,0,0,1,0,0,0,0,0,3272630,563861,23161
UNP,2006,0,0,0,0,0,1,0,0,1,0,0,1,1,1,3272630,563861,23161
VRSN,2007,0,0,0,0,0,1,0,0,0,1,0,0,0,0,7255660,1869460,41749
VRSN,2007,0,0,0,0,0,1,0,0,1,0,0,0,0,0,7255660,1869460,41749
VRSN,2007,0,0,0,0,0,1,0,0,0,1,0,0,0,0,7255660,1869460,41749
VRSN,2007,0,0,0,0,0,1,0,0,0,1,0,0,0,0,13100000,876000,370000
VRSN,2007,0,0,0,0,0,1,0,0,0,1,0,1,0,0,7255660,1869460,41749
VRSN,2012,0,0,1,0,0,0,0,0,1,0,0,0,0,0,7255660,1869460,41749
VRSN,2012,0,0,1,0,0,0,0,0,1,0,0,1,0,1,2284219,840849,250000
VRSN,2012,0,0,1,0,0,0,0,0,1,0,0,0,0,0,2284219,840849,250000
VRSN,2012,0,0,1,0,0,0,0,0,1,0,0,0,0,1,2284219,840849,250000
VRSN,2012,0,0,1,0,0,0,0,0,1,0,0,0,0,0,2284219,840849,250000
VZ,2006,0,0,0,0,0,1,0,0,1,0,0,0,0,0,2284219,840849,250000
VZ,2006,0,0,0,0,0,1,0,0,1,0,0,0,0,0,13100000,876000,370000
VZ,2006,0,0,0,0,0,1,0,0,1,0,0,0,0,0,13100000,876000,370000
VZ,2006,0,0,0,0,0,1,0,0,1,0,0,1,1,1,33600000,8300000,2900000
VZ,2006,0,0,0,0,0,1,0,0,1,0,0,0,0,1,33600000,8300000,2900000
WASH,2008,0,0,1,0,0,0,0,0,1,0,0,0,0,0,33600000,8300000,2900000
WASH,2008,0,0,1,0,0,0,0,0,1,0,0,1,0,1,585000,47900,47900
WASH,2008,0,0,1,0,0,0,0,0,1,0,0,0,0,1,585000,47900,47900
WASH,2008,0,0,1,0,0,0,0,0,1,0,0,0,0,0,585000,47900,47900
WASH,2008,0,0,1,0,0,0,0,0,1,0,0,0,0,0,585000,47900,47900
WCC,2006,1,0,0,0,0,0,0,0,1,0,0,0,0,1,1567670,262213,218713
WCC,2006,1,0,0,0,0,0,0,0,1,0,0,1,1,1,1567670,262213,218713
WCC,2006,1,0,0,0,0,0,0,0,1,0,0,0,0,0,1567670,262213,218713
WCC,2006,1,0,0,0,0,0,0,0,1,0,0,0,0,0,1567670,262213,218713
WCC,2006,1,0,0,0,0,0,0,0,1,0,0,0,0,0,13100000,876000,370000
WCG,2008,0,1,0,0,0,0,0,0,1,0,0,0,0,0,13100000,876000,370000
WCG,2008,0,1,0,0,0,0,0,0,1,0,1,0,0,1,12147604,129104,0
WCG,2008,0,1,0,0,0,0,0,0,1,0,1,1,0,1,12147604,129104,0
WCG,2008,0,1,0,0,0,0,0,0,1,0,0,0,0,0,12147604,129104,0
WCG,2008,0,1,0,0,0,0,0,0,1,0,1,0,0,0,12147604,129104,0
WCG,2014,0,1,0,0,0,0,0,0,1,0,1,0,0,1,3901020,0,0
WCG,2014,0,1,0,0,0,0,0,0,1,0,1,1,1,1,3901020,0,0
WCG,2014,0,1,0,0,0,0,0,0,1,0,0,0,0,0,3901020,0,0
WCG,2014,0,1,0,0,0,0,0,0,1,0,0,0,0,0,3901020,0,0
WCG,2014,0,1,0,0,0,0,0,0,1,0,0,0,0,0,13100000,876000,370000
WEN,2010,0,0,0,1,0,0,0,0,1,0,0,0,0,0,13100000,876000,370000
WEN,2010,0,0,0,1,0,0,0,0,1,0,1,0,0,0,13100000,876000,370000
WEN,2010,0,0,0,1,0,0,0,0,1,0,1,1,0,1,3645400,677400,67000
WEN,2010,0,0,0,1,0,0,0,0,1,0,1,0,0,1,3645400,677400,67000
WEN,2010,0,0,0,1,0,0,0,0,1,0,0,0,0,0,3645400,677400,67000
WEN,2016,0,0,1,0,0,0,0,0,1,0,0,0,0,0,3645400,677400,67000
WEN,2016,0,0,1,0,0,0,0,0,1,0,0,1,1,1,2766835,49680,39905
WEN,2016,0,0,1,0,0,0,0,0,1,0,0,0,0,1,2766835,49680,39905
WIN,2012,0,0,0,1,0,0,0,0,1,0,0,0,0,1,3264000,361000,298000
WIN,2012,0,0,0,1,0,0,0,0,1,0,0,1,0,1,3264000,361000,298000
WIN,2012,0,0,0,1,0,0,0,0,1,0,0,0,0,0,3264000,361000,298000
WIN,2012,0,0,0,1,0,0,0,0,1,0,0,0,0,0,3264000,361000,298000
WIN,2012,0,0,0,1,0,0,0,0,1,0,0,0,0,0,13100000,876000,370000
WM,2007,0,0,0,0,0,1,0,0,1,0,0,1,0,1,8900000,1200000,0
WM,2007,0,0,0,0,0,1,0,0,1,0,0,0,0,0,8900000,1200000,0
WM,2007,0,0,0,0,0,1,0,0,1,0,0,0,0,1,8900000,1200000,0
WM,2007,0,0,0,0,0,1,0,0,1,0,0,0,0,0,8900000,1200000,0
WM,2007,0,0,0,0,0,1,0,0,1,0,0,0,0,0,8900000,1200000,0
WM,2007,0,0,0,1,0,0,0,0,1,0,0,1,0,1,8900000,1200000,0
WM,2007,0,0,0,1,0,0,0,0,1,0,0,0,0,0,8900000,1200000,0
WM,2007,0,0,0,1,0,0,0,0,1,0,0,0,0,1,8900000,1200000,0
WM,2007,0,0,0,1,0,0,0,0,1,0,0,0,0,0,8900000,1200000,0
WM,2007,0,0,0,1,0,0,0,0,1,0,0,0,0,0,8900000,1200000,0
WU,2007,0,0,1,0,0,0,0,0,1,0,0,1,0,1,4800000,1700000,400000
WU,2007,0,0,1,0,0,0,0,0,1,0,0,0,0,1,4800000,1700000,400000
WU,2007,0,0,1,0,0,0,0,0,1,0,0,0,0,0,4800000,1700000,400000
WU,2007,0,0,1,0,0,0,0,0,1,0,0,0,0,0,4800000,1700000,400000
WU,2007,0,0,1,0,0,0,0,0,1,0,0,0,0,0,13100000,876000,370000
WY,2006,0,0,0,0,1,0,0,0,1,0,0,0,0,0,13100000,876000,370000
WY,2006,0,0,0,0,1,0,0,0,1,0,0,0,0,0,13100000,876000,370000
WY,2006,0,0,0,0,1,0,0,0,1,0,0,0,0,0,13100000,876000,370000
WY,2006,0,0,0,0,1,0,0,0,1,0,0,1,1,1,16092800,615500,72900
WY,2006,0,0,0,0,1,0,0,0,1,0,0,0,0,1,16092800,615500,72900
XRX,2007,0,0,0,0,0,1,0,0,1,0,0,0,0,0,16092800,615500,72900
XRX,2007,0,0,0,0,0,1,0,0,1,0,0,0,0,0,16092800,615500,72900
XRX,2007,0,0,0,0,0,1,0,0,1,0,0,0,0,0,13100000,876000,370000
XRX,2007,0,0,0,0,0,1,0,0,1,0,0,1,0,1,24700000,3300000,1300000
XRX,2007,0,0,0,0,0,1,0,0,1,0,0,0,0,1,24700000,3300000,1300000
YHOO,2012,0,0,1,0,0,0,0,0,1,0,0,0,0,0,24700000,3300000,1300000
YHOO,2012,0,0,1,0,0,0,0,0,1,0,0,0,0,0,24700000,3300000,1300000
YHOO,2012,0,0,1,0,0,0,0,0,1,0,0,0,0,0,13100000,876000,370000
YHOO,2012,0,0,1,0,0,0,0,0,1,0,0,0,0,1,8700000,3100000,1900000
YHOO,2012,0,0,1,0,0,0,0,0,1,0,0,1,0,1,8700000,3100000,1900000
,,,,,,,,,,,,,,,,,,
,,card,,,,,,,,,,,,,,,,
