ticker,employees,income,sales,capitalization,fiscal_year
GE,319,20829,160854,382421,2006
GE,319,20829,160854,382421,2006
GE,327,22208,169719,370240,2007
GE,327,22208,169719,370240,2007
GE,316,16711,148559,367474,2005
GE,316,16711,148559,367474,2005
GE,333,-6127,115158,292165,2015
GE,333,-6127,115158,292165,2015
GE,307,13060,141024,282006,2013
GE,307,13060,141024,282006,2013
GE,305,15233,146156,254150,2014
GE,305,15233,146156,254150,2014
BAC,203,21133,115689,238021,2006
BAC,203,21133,115689,238021,2006
GE,305,13641,144796,218414,2012
GE,305,13641,144796,218414,2012
IBM,434,16604,104507,214032,2012
IBM,433,15855,106916,213886,2011
IBM,431,16483,99751,197772,2013
GE,287,11644,149060,194155,2010
GE,287,11644,149060,194155,2010
GE,301,14151,141547,189363,2011
GE,301,14151,141547,189363,2011
BAC,224,4833,95181,188141,2014
BAC,224,4833,95181,188141,2014
BAC,177,16465,85064,184586,2005
BAC,177,16465,85064,184586,2005
BAC,210,14982,119190,183107,2007
BAC,210,14982,119190,183107,2007
IBM,427,14833,99871,180220,2010
BAC,213,15888,93056,174700,2015
BAC,213,15888,93056,174700,2015
IBM,399,13425,95758,170869,2009
GE,323,17410,180929,170698,2008
GE,323,17410,180929,170698,2008
BAC,242,11431,101697,164914,2013
BAC,242,11431,101697,164914,2013
GE,304,11025,155777,161332,2009
GE,304,11025,155777,161332,2009
IBM,380,12022,92793,158920,2014
C,251,13673,92543,157854,2013
C,251,13673,92543,157854,2013
C,251,13673,92543,157854,2013
C,251,13673,92543,157854,2013
C,251,13673,92543,157854,2013
C,251,13673,92543,157854,2013
C,251,13673,92543,157854,2013
C,251,13673,92543,157854,2013
C,251,13673,92543,157854,2013
HD,385,7009,88519,157452,2015
HD,385,7009,88519,157452,2015
HD,385,7009,88519,157452,2015
HD,385,7009,88519,157452,2015
HD,385,7009,88519,157452,2015
HD,385,7009,88519,157452,2015
HD,385,7009,88519,157452,2015
C,231,17242,88275,152832,2015
C,231,17242,88275,152832,2015
C,231,17242,88275,152832,2015
C,231,17242,88275,152832,2015
C,231,17242,88275,152832,2015
C,231,17242,88275,152832,2015
C,231,17242,88275,152832,2015
C,231,17242,88275,152832,2015
C,231,17242,88275,152832,2015
IBM,387,10418,98786,149744,2007
IBM,356,9492,91424,146355,2006
HD,371,6345,83176,136477,2014
HD,371,6345,83176,136477,2014
HD,371,6345,83176,136477,2014
HD,371,6345,83176,136477,2014
HD,371,6345,83176,136477,2014
HD,371,6345,83176,136477,2014
HD,371,6345,83176,136477,2014
BAC,288,-2238,134194,134536,2010
BAC,288,-2238,134194,134536,2010
IBM,378,13190,81741,132904,2015
BAC,284,6276,150450,130273,2009
BAC,284,6276,150450,130273,2009
IBM,329,7934,91134,129381,2005
BAC,267,4188,99708,125136,2012
BAC,267,4188,99708,125136,2012
IBM,398,12334,103630,112698,2008
MDT,98,3538,28833,110732,2015
MDT,98,3538,28833,110732,2015
CVS,218,4644,139367,109793,2014
CVS,218,4644,139367,109793,2014
CVS,218,4644,139367,109793,2014
CVS,218,4644,139367,109793,2014
CVS,243,5237,153290,107645,2015
CVS,243,5237,153290,107645,2015
CVS,243,5237,153290,107645,2015
CVS,243,5237,153290,107645,2015
HD,365,5385,78812,106053,2013
HD,365,5385,78812,106053,2013
HD,365,5385,78812,106053,2013
HD,365,5385,78812,106053,2013
HD,365,5385,78812,106053,2013
HD,365,5385,78812,106053,2013
HD,365,5385,78812,106053,2013
MDT,93,2675,20261,105842,2014
MDT,93,2675,20261,105842,2014
BA,168,4585,86623,102010,2013
BA,168,4585,86623,102010,2013
BA,168,4585,86623,102010,2013
BA,168,4585,86623,102010,2013
BA,168,4585,86623,102010,2013
GS,31,11599,87968,99495,2007
GS,31,11599,87968,99495,2007
HD,340,4535,74754,99309,2012
HD,340,4535,74754,99309,2012
HD,340,4535,74754,99309,2012
HD,340,4535,74754,99309,2012
HD,340,4535,74754,99309,2012
HD,340,4535,74754,99309,2012
HD,340,4535,74754,99309,2012
AXP,63,5359,34932,96537,2013
AXP,63,5359,34932,96537,2013
AXP,63,5359,34932,96537,2013
AXP,63,5359,34932,96537,2013
AXP,63,5359,34932,96537,2013
BA,161,5176,96114,96387,2015
BA,161,5176,96114,96387,2015
BA,161,5176,96114,96387,2015
BA,161,5176,96114,96387,2015
BA,161,5176,96114,96387,2015
GS,36,8354,45967,91967,2010
GS,36,8354,45967,91967,2010
BA,166,5446,90762,91861,2014
BA,166,5446,90762,91861,2014
BA,166,5446,90762,91861,2014
BA,166,5446,90762,91861,2014
BA,166,5446,90762,91861,2014
GS,33,13385,51673,91629,2009
GS,33,13385,51673,91629,2009
HD,323,5001,73094,90153,2004
HD,323,5001,73094,90153,2004
HD,323,5001,73094,90153,2004
HD,323,5001,73094,90153,2004
HD,323,5001,73094,90153,2004
HD,323,5001,73094,90153,2004
HD,323,5001,73094,90153,2004
GS,26,9537,69353,87679,2006
GS,26,9537,69353,87679,2006
HD,345,5838,81511,86128,2005
HD,345,5838,81511,86128,2005
HD,345,5838,81511,86128,2005
HD,345,5838,81511,86128,2005
HD,345,5838,81511,86128,2005
HD,345,5838,81511,86128,2005
HD,345,5838,81511,86128,2005
CVS,208,4592,126761,84453,2013
CVS,208,4592,126761,84453,2013
CVS,208,4592,126761,84453,2013
CVS,208,4592,126761,84453,2013
GS,33,8040,40663,82851,2013
GS,33,8040,40663,82851,2013
HD,364,5761,90837,80258,2006
HD,364,5761,90837,80258,2006
HD,364,5761,90837,80258,2006
HD,364,5761,90837,80258,2006
HD,364,5761,90837,80258,2006
HD,364,5761,90837,80258,2006
HD,364,5761,90837,80258,2006
HON,129,4768,38581,79790,2015
HON,129,4768,38581,79790,2015
HON,127,4239,40306,78157,2014
HON,127,4239,40306,78157,2014
AIG,65,7529,63004,77066,2014
AIG,66,2196,57817,73987,2015
AXP,65,3707,28710,72743,2006
AXP,65,3707,28710,72743,2006
AXP,65,3707,28710,72743,2006
AXP,65,3707,28710,72743,2006
AXP,65,3707,28710,72743,2006
HON,131,3924,39055,71616,2013
HON,131,3924,39055,71616,2013
BAC,243,4008,113106,70645,2008
BAC,243,4008,113106,70645,2008
HD,331,3883,70395,68227,2011
HD,331,3883,70395,68227,2011
HD,331,3883,70395,68227,2011
HD,331,3883,70395,68227,2011
HD,331,3883,70395,68227,2011
HD,331,3883,70395,68227,2011
HD,331,3883,70395,68227,2011
BA,154,2215,61530,67326,2006
BA,154,2215,61530,67326,2006
BA,154,2215,61530,67326,2006
BA,154,2215,61530,67326,2006
BA,154,2215,61530,67326,2006
LMT,126,3605,46132,65796,2015
LMT,126,3605,46132,65796,2015
BA,159,4074,66387,64430,2007
BA,159,4074,66387,64430,2007
BA,159,4074,66387,64430,2007
BA,159,4074,66387,64430,2007
BA,159,4074,66387,64430,2007
AXP,66,3734,25457,63862,2005
AXP,66,3734,25457,63862,2005
AXP,66,3734,25457,63862,2005
AXP,66,3734,25457,63862,2005
AXP,66,3734,25457,63862,2005
MDT,33,1803.9,10054.6,63777,2004
MDT,33,1803.9,10054.6,63777,2004
F,164,6561,128954,63512,2010
F,187,3187,144077,61317,2014
GM,219,5346,155427,61305,2013
GM,219,5346,155427,61305,2013
GM,219,5346,155427,61305,2013
GS,32,7475,41170,61293,2012
GS,32,7475,41170,61293,2012
F,181,7155,146917,60853,2013
MDT,38,2802,12299,60521,2006
MDT,38,2802,12299,60521,2006
LMT,112,3614,45600,60467,2014
LMT,112,3614,45600,60467,2014
AXP,68,4012,31634,60239,2007
AXP,68,4012,31634,60239,2007
AXP,68,4012,31634,60239,2007
AXP,68,4012,31634,60239,2007
AXP,68,4012,31634,60239,2007
CAT,104,2700,42588,59832,2010
HD,321,3338,67997,59678,2010
HD,321,3338,67997,59678,2010
HD,321,3338,67997,59678,2010
HD,321,3338,67997,59678,2010
HD,321,3338,67997,59678,2010
HD,321,3338,67997,59678,2010
HD,321,3338,67997,59678,2010
CVS,203,3877,123133,59519,2012
CVS,203,3877,123133,59519,2012
CVS,203,3877,123133,59519,2012
CVS,203,3877,123133,59519,2012
GS,22,5626,43391,59373,2005
GS,22,5626,43391,59373,2005
MDT,49,3065,17005,58761,2013
MDT,49,3065,17005,58761,2013
CAT,125,5681,65875,58698,2012
CAT,125,4928,60138,58666,2011
BAC,282,1446,129913,58580,2011
BAC,282,1446,129913,58580,2011
CAT,119,3789,55656,57921,2013
MDT,36,2546.7,11292,57900,2005
MDT,36,2546.7,11292,57900,2005
BA,174,3900,81698,56944,2012
BA,174,3900,81698,56944,2012
BA,174,3900,81698,56944,2012
BA,174,3900,81698,56944,2012
BA,174,3900,81698,56944,2012
CVS,200,2637,76329.5,56733,2007
CVS,200,2637,76329.5,56733,2007
CVS,200,2637,76329.5,56733,2007
CVS,200,2637,76329.5,56733,2007
MSI,69,4578,36843,56500,2005
MSI,69,4578,36843,56500,2005
F,199,7373,149558,55930,2015
GM,216,3949,155929,55856,2014
GM,216,3949,155929,55856,2014
GM,216,3949,155929,55856,2014
CAT,114,3695,55184,55482,2014
GM,202,6172,135592,55295,2010
GM,202,6172,135592,55295,2010
GM,202,6172,135592,55295,2010
MDT,40,2231,13515,54761,2007
MDT,40,2231,13515,54761,2007
BA,172,4018,68735,54624,2011
BA,172,4018,68735,54624,2011
BA,172,4018,68735,54624,2011
BA,172,4018,68735,54624,2011
BA,172,4018,68735,54624,2011
BA,153,2572,54845,53423,2005
BA,153,2572,54845,53423,2005
BA,153,2572,54845,53423,2005
BA,153,2572,54845,53423,2005
BA,153,2572,54845,53423,2005
MET,69,5310,69905,52936,2015
CVS,202,3461,107100,52932,2011
CVS,202,3461,107100,52932,2011
CVS,202,3461,107100,52932,2011
CVS,202,3461,107100,52932,2011
HD,331,4395,77349,51782,2007
HD,331,4395,77349,51782,2007
HD,331,4395,77349,51782,2007
HD,331,4395,77349,51782,2007
HD,331,4395,77349,51782,2007
HD,331,4395,77349,51782,2007
HD,331,4395,77349,51782,2007
GM,215,9687,152356,51015,2015
GM,215,9687,152356,51015,2015
GM,215,9687,152356,51015,2015
F,171,5665,134252,50793,2012
HON,132,2926,37665,49684,2012
HON,132,2926,37665,49684,2012
MSI,66,3661,42879,49291,2006
MSI,66,3661,42879,49291,2006
FDX,312,1050,47453,49002,2014
AXP,58,2130,26519,48300,2009
AXP,58,2130,26519,48300,2009
AXP,58,2130,26519,48300,2009
AXP,58,2130,26519,48300,2009
AXP,58,2130,26519,48300,2009
BA,161,3307,64306,47983,2010
BA,161,3307,64306,47983,2010
BA,161,3307,64306,47983,2010
BA,161,3307,64306,47983,2010
BA,161,3307,64306,47983,2010
MDT,43,3099,15835,47943,2009
MDT,43,3099,15835,47943,2009
HD,317,2661,65955,47561,2009
HD,317,2661,65955,47561,2009
HD,317,2661,65955,47561,2009
HD,317,2661,65955,47561,2009
HD,317,2661,65955,47561,2009
HD,317,2661,65955,47561,2009
HD,317,2661,65955,47561,2009
MDT,47,3467,16590,47428,2012
MDT,47,3467,16590,47428,2012
LMT,115,2981,45358,47423,2013
LMT,115,2981,45358,47423,2013
CVS,201,3427,96413,47392,2010
CVS,201,3427,96413,47392,2010
CVS,201,3427,96413,47392,2010
CVS,201,3427,96413,47392,2010
GS,33,4442,36793,46689,2011
GS,33,4442,36793,46689,2011
HON,122,2444,34589,45965,2007
HON,122,2444,34589,45965,2007
EMR,132,2004,24669,45721,2013
CAT,101,3541,44958,45276,2007
D,14,1310,12436,44987,2014
D,14,1310,12436,44987,2014
CVS,211,3696,98729,44804,2009
CVS,211,3696,98729,44804,2009
CVS,211,3696,98729,44804,2009
CVS,211,3696,98729,44804,2009
MDT,45,3096,15933,44679,2010
MDT,45,3096,15933,44679,2010
AIG,57,17798,64353,44006,2011
FDX,390,1820,50365,43987,2015
EMR,115,2147,24537,43594,2014
LMT,140,3033,41862,43093,2007
LMT,140,3033,41862,43093,2007
HON,132,2067,36529,42105,2011
HON,132,2067,36529,42105,2011
EMR,138,2136,22572,41960,2007
HON,130,2022,33370,41624,2010
HON,130,2022,33370,41624,2010
FDX,294,2097,45567,41426,2013
CVS,215,3212.1,87471.9,41301,2008
CVS,215,3212.1,87471.9,41301,2008
CVS,215,3212.1,87471.9,41301,2008
CVS,215,3212.1,87471.9,41301,2008
F,164,20213,136264,40896,2011
D,15,1899,11683,40313,2015
D,15,1899,11683,40313,2015
EMR,128,2164,21039,39637,2010
MDT,45,3617,16184,39621,2011
MDT,45,3617,16184,39621,2011
CAT,95,3537,41517,39607,2006
CAT,106,2102,47011,39575,2015
GM,213,6188,152256,39393,2012
GM,213,6188,152256,39393,2012
GM,213,6188,152256,39393,2012
BA,157,1312,68281,39314,2009
BA,157,1312,68281,39314,2009
BA,157,1312,68281,39314,2009
BA,157,1312,68281,39314,2009
BA,157,1312,68281,39314,2009
LMT,140,2529,39620,38789,2006
LMT,140,2529,39620,38789,2006
CAT,85,2854,36339,38756,2005
GS,30,2322,53579,38342,2008
GS,30,2322,53579,38342,2008
D,15,1697,13120,37585,2013
D,15,1697,13120,37585,2013
HD,322,2260,71288,36515,2008
HD,322,2260,71288,36515,2008
HD,322,2260,71288,36515,2008
HD,322,2260,71288,36515,2008
HD,322,2260,71288,36515,2008
HD,322,2260,71288,36515,2008
HD,322,2260,71288,36515,2008
MSI,66,-49,36622,36300,2007
MSI,66,-49,36622,36300,2007
HON,118,2083,31367,36219,2006
HON,118,2083,31367,36219,2006
MDT,41,2169,14599,35812,2008
MDT,41,2169,14599,35812,2008
CAT,94,895,32396,35603,2009
EMR,75,1635,14522,35039,2016
EMR,135,1968,24412,34953,2012
FDX,267,2016,35214,34357,2006
EMR,128,1845,20133,33741,2006
F,198,2717,118308,33683,2009
FDX,244,1806,32294,33426,2005
LMT,146,3217,42731,33043,2008
LMT,146,3217,42731,33043,2008
GM,207,9190,150276,31717,2011
GM,207,9190,150276,31717,2011
GM,207,9190,150276,31717,2011
EMR,141,2412,24807,31458,2008
HON,116,1655,27653,30898,2005
HON,116,1655,27653,30898,2005
FDX,293,1561,44287,30594,2012
EMR,133,2480,24222,30523,2011
D,16,1408,14379,30256,2011
D,16,1408,14379,30256,2011
EMR,129,1724,20915,30135,2009
HON,122,2153,30908,29957,2009
HON,122,2153,30908,29957,2009
D,16,302,13093,29837,2012
D,16,302,13093,29837,2012
BA,162,2672,60909,29790,2008
BA,162,2672,60909,29790,2008
BA,162,2672,60909,29790,2008
BA,162,2672,60909,29790,2008
BA,162,2672,60909,29790,2008
LNKD,9,-166.144,2990.911,29722,2015
FDX,270,1452,39304,29686,2010
LMT,120,2745,47182,29625,2012
LMT,120,2745,47182,29625,2012
EMR,114,1422,17305,29485,2005
DFS,15,2323,9789,29417,2014
DFS,15,2323,9789,29417,2014
DFS,15,2323,9789,29417,2014
DFS,15,2323,9789,29417,2014
D,18,1396,16482,29260,2006
D,18,1396,16482,29260,2006
EMR,111,2710,22304,28914,2015
CCI,3,1520.992,3663.851,28855,2015
LNKD,7,-15.747,2218.767,28723,2014
FDX,274,1125,37953,28503,2007
FDX,279,2032,42680,28172,2011
LMT,140,3024,45189,28106,2009
LMT,140,3024,45189,28106,2009
MET,57,3209,50626,27666,2008
LMT,135,1825,37213,27488,2005
LMT,135,1825,37213,27488,2005
CAH,35,1215,102531,27437,2015
D,17,2555,15674,27379,2007
D,17,2555,15674,27379,2007
FDX,225,1449,29363,27003,2004
CAT,113,3557,51324,26870,2008
D,17,1049,18041,26788,2005
D,17,1049,18041,26788,2005
CAH,55,1000.1,81363.6,26427,2006
CCI,2,390.513,3689.884,26275,2014
FDX,265,1184,34734,26210,2009
BBY,128,1140,30848,26127,2005
LNKD,5,26.769,1528.545,26096,2013
CAH,44,1931.1,86852,26003,2007
LMT,123,2655,46499,25969,2011
LMT,123,2655,46499,25969,2011
CVS,176,1368.9,43813.8,25524,2006
CVS,176,1368.9,43813.8,25524,2006
CVS,176,1368.9,43813.8,25524,2006
CVS,176,1368.9,43813.8,25524,2006
AFL,10,2533,20872,25420,2015
AFL,10,2533,20872,25420,2015
AFL,10,2533,20872,25420,2015
BSX,29,-3577,7821,25335,2006
CAH,37,1427,121546,25119,2016
BSX,25,-239,7477,24832,2015
D,16,2808,15197,24820,2010
D,16,2808,15197,24820,2010
CAH,55,1050.7,74910.7,24541,2005
CCI,2,90.111,3022.384,24531,2013
LMT,132,2926,45803,24189,2010
LMT,132,2926,45803,24189,2010
HON,128,2792,36556,24116,2008
HON,128,2792,36556,24116,2008
D,18,1287,15131,23313,2009
D,18,1287,15131,23313,2009
CAH,34,1166,91084,23105,2014
AFL,7,1483,14616,22657,2006
AFL,7,1483,14616,22657,2006
AFL,7,1483,14616,22657,2006
DFS,15,2297,10002,22610,2015
DFS,15,2297,10002,22610,2015
DFS,15,2297,10002,22610,2015
DFS,15,2297,10002,22610,2015
BBY,140,1377,35934,22341,2006
AXP,66,2699,31920,21518,2008
AXP,66,2699,31920,21518,2008
AXP,66,2699,31920,21518,2008
AXP,66,2699,31920,21518,2008
AXP,66,2699,31920,21518,2008
CVS,148,1224.7,37006.2,21514,2005
CVS,148,1224.7,37006.2,21514,2005
CVS,148,1224.7,37006.2,21514,2005
CVS,148,1224.7,37006.2,21514,2005
HUM,57,1147,48500,21488,2014
HUM,57,1147,48500,21488,2014
HUM,57,1147,48500,21488,2014
HUM,57,1147,48500,21488,2014
HUM,57,1147,48500,21488,2014
AFL,8,1254,16554,21390,2008
AFL,8,1254,16554,21390,2008
AFL,8,1254,16554,21390,2008
MSI,51,633,19282,21352,2010
MSI,51,633,19282,21352,2010
CCI,2,188.584,2432.68,21155,2012
D,18,1851,16290,20895,2008
D,18,1851,16290,20895,2008
DFS,13,2345,8984,20716,2012
DFS,13,2345,8984,20716,2012
DFS,13,2345,8984,20716,2012
DFS,13,2345,8984,20716,2012
AFL,9,1964,22171,20173,2011
AFL,9,1964,22171,20173,2011
AFL,9,1964,22171,20173,2011
BSX,20,628,6283,20090,2005
GPS,152,1150,16267,18941,2004
GPS,152,1150,16267,18941,2004
GPS,152,1150,16267,18941,2004
AMTD,6,842,3327,18536,2016
AMTD,6,842,3327,18536,2016
AMTD,6,842,3327,18536,2016
A,21,504,6981,18517,2014
CAH,48,1300.6,91091.4,18419,2008
AMTD,6,787,3129,18187,2014
AMTD,6,787,3129,18187,2014
AMTD,6,787,3129,18187,2014
MSI,53,-51,22044,17942,2009
MSI,53,-51,22044,17942,2009
BBY,109,984,27433,17737,2004
BBY,150,1407,40023,17659,2007
BSX,24,-119,7380,17589,2014
GM,280,-1978,207349,17377,2006
GM,280,-1978,207349,17377,2006
GM,280,-1978,207349,17377,2006
NLSN,40,740,5703,17376,2013
BSX,28,-495,8357,17343,2007
GPS,141,1262,16435,17341,2014
GPS,141,1262,16435,17341,2014
GPS,141,1262,16435,17341,2014
FDX,260,98,35497,17283,2008
MSI,21,1099,8696,17179,2013
MSI,21,1099,8696,17179,2013
AMTD,6,813,3247,17098,2015
AMTD,6,813,3247,17098,2015
AMTD,6,813,3247,17098,2015
GPS,137,1280,16148,16984,2013
GPS,137,1280,16148,16984,2013
GPS,137,1280,16148,16984,2013
NLSN,43,570,6172,16885,2015
A,21,724,6782,16867,2013
NLSN,42,384,6288,16673,2014
HIG,18,176,25949,16423,2013
A,21,327,5139,16101,2005
CAH,34,334,101093,16001,2013
CAH,32,959,102644.2,15947,2011
HUM,52,1231,41313,15899,2013
HUM,52,1231,41313,15899,2013
HUM,52,1231,41313,15899,2013
HUM,52,1231,41313,15899,2013
HUM,52,1231,41313,15899,2013
BSX,23,-121,7143,15894,2013
GPS,154,778,15943,15602,2006
GPS,154,778,15943,15602,2006
GPS,154,778,15943,15602,2006
GPS,153,1113,16023,15503,2005
GPS,153,1113,16023,15503,2005
GPS,153,1113,16023,15503,2005
MSI,22,881,8698,15373,2012
MSI,22,881,8698,15373,2012
BBY,180,1317,49694,15287,2009
KEY,20,1055,7486,15180,2006
KEY,20,1055,7486,15180,2006
GPS,136,1135,15651,15131,2012
GPS,136,1135,15651,15131,2012
GPS,136,1135,15651,15131,2012
F,246,-2723,172455,14853,2007
MSI,23,1158,8203,14757,2011
MSI,23,1158,8203,14757,2011
MSI,15,1299,5881,14744,2014
MSI,15,1299,5881,14744,2014
A,19,3307,4973,14525,2006
JWN,67,720,13506,14486,2014
CAH,33,1069,107552,14406,2012
F,300,1440,176896,14391,2005
HUM,40,1419,36832,14368,2011
HUM,40,1419,36832,14368,2011
HUM,40,1419,36832,14368,2011
HUM,40,1419,36832,14368,2011
HUM,40,1419,36832,14368,2011
JWN,53,677.999,8793.637,14335,2006
F,283,-12613,160123,14213,2006
AMP,10,1097,10021,14197,2010
A,,460,4202,14117,2016
GM,266,-38732,181122,14089,2007
GM,266,-38732,181122,14089,2007
GM,266,-38732,181122,14089,2007
GPS,150,833,15763,14012,2007
GPS,150,833,15763,14012,2007
GPS,150,833,15763,14012,2007
A,19,638,5420,13635,2007
BSX,26,-1025,8188,13597,2009
KEY,19,1129,6695,13390,2005
KEY,19,1129,6695,13390,2005
AMD,10,165.483,5847.577,13327,2005
AMD,10,165.483,5847.577,13327,2005
EFX,8,429.1,2663.6,13220,2015
EFX,8,429.1,2663.6,13220,2015
EFX,8,429.1,2663.6,13220,2015
EFX,8,429.1,2663.6,13220,2015
CCI,1,-310.94,1878.658,13139,2010
CCI,1,171.077,2032.729,13122,2011
GPS,135,1102,14197,12898,2009
GPS,135,1102,14197,12898,2009
GPS,135,1102,14197,12898,2009
A,19,1012,6626,12840,2011
AMP,12,1029,10263,12773,2012
HTZ,30,346.2,10771.9,12759,2013
BBY,180,1277,50272,12657,2010
A,12,401,4038,12536,2015
LNKD,3,21.61,972.309,12475,2012
A,21,1153,6858,12470,2012
BBY,125,1233,40339,12372,2014
A,19,684,5463,12046,2010
GPN,9,271.666,2898.15,11997,2015
CAH,31,642.2,98502.8,11979,2010
KEY,15,910,4386,11954,2013
KEY,15,910,4386,11954,2013
KEY,14,900,4351,11946,2014
KEY,14,900,4351,11946,2014
MSI,14,610,5695,11931,2015
MSI,14,610,5695,11931,2015
BBY,155,1003,45015,11922,2008
CCI,1,-222.813,1385.486,11861,2007
AAP,73,493.825,9843.861,11639,2014
AAP,73,493.825,9843.861,11639,2014
BSX,25,-2036,8050,11623,2008
CCI,1,-114.332,1685.407,11554,2009
AMTD,5,643.705,2423.091,11525,2009
AMTD,5,643.705,2423.091,11525,2009
AMTD,5,643.705,2423.091,11525,2009
BSX,25,-1065,7806,11512,2010
HTZ,33,-82,11046,11447,2014
GPS,134,1204,14664,11331,2010
GPS,134,1204,14664,11331,2010
GPS,134,1204,14664,11331,2010
JWN,51,551.339,7919.214,11246,2005
AMD,17,-166,5649,11131,2006
AMD,17,-166,5649,11131,2006
NLSN,35,273,5612,11089,2012
DGX,43,729.111,7455.243,11067,2009
AAP,73,473.398,9737.018,11034,2015
AAP,73,473.398,9737.018,11034,2015
KEY,13,916,4502,11024,2015
KEY,13,916,4502,11024,2015
CAH,47,1151.6,99512.4,10998,2009
JWN,63,734,12540,10984,2013
GM,335,-10567,190215,10982,2005
GM,335,-10567,190215,10982,2005
GM,335,-10567,190215,10982,2005
JWN,61,735,12148,10880,2012
NLSN,35,84,5532,10678,2011
DGX,41,586.421,6268.659,10279,2006
DGX,44,339.939,6704.907,10265,2007
JWN,57,683,10877,10251,2011
AMP,12,574,7484,10246,2005
DGX,42,546.277,5503.711,10216,2005
DGX,44,709,7493,10173,2015
MSI,64,-4244,30146,10085,2008
MSI,64,-4244,30146,10085,2008
CVC,18,360.948,7231.249,9990,2010
DGX,43,581.49,7249.447,9882,2008
GPS,141,920,15797,9814,2015
GPS,141,920,15797,9814,2015
GPS,141,920,15797,9814,2015
DGX,45,556,7435,9657,2014
EFX,8,367.4,2436.4,9656,2014
EFX,8,367.4,2436.4,9656,2014
EFX,8,367.4,2436.4,9656,2014
EFX,8,367.4,2436.4,9656,2014
FNF,54,527,9160,9561,2015
FNF,54,527,9160,9561,2015
FNF,54,527,9160,9561,2015
AMTD,5,592.188,2566.756,9305,2010
AMTD,5,592.188,2566.756,9305,2010
AMTD,5,592.188,2566.756,9305,2010
DGX,41,555.721,7382.562,9226,2012
HUM,35,1099.39,33868.208,9221,2010
HUM,35,1099.39,33868.208,9221,2010
HUM,35,1099.39,33868.208,9221,2010
HUM,35,1099.39,33868.208,9221,2010
HUM,35,1099.39,33868.208,9221,2010
DGX,42,720.894,7368.925,9214,2010
GPS,132,833,14549,9205,2011
GPS,132,833,14549,9205,2011
GPS,132,833,14549,9205,2011
DGX,42,470.567,7510.49,9140,2011
KEY,19,919,7676,9117,2007
KEY,19,919,7676,9117,2007
BBY,125,897,39528,9043,2015
JWN,54,613,9700,8977,2010
H,45,344,4415,8976,2014
HUM,19,308.483,14418.127,8868,2005
HUM,19,308.483,14418.127,8868,2005
HUM,19,308.483,14418.127,8868,2005
HUM,19,308.483,14418.127,8868,2005
HUM,19,308.483,14418.127,8868,2005
CVC,14,175.449,6513.043,8827,2015
AMTD,2,339.753,1144.552,8718,2005
AMTD,2,339.753,1144.552,8718,2005
AMTD,2,339.753,1144.552,8718,2005
JWN,55,715,9120,8586,2007
A,17,-31,4481,8564,2009
JWN,73,600,14437,8519,2015
BBY,167,-1231,50705,8433,2011
EFX,7,351.8,2303.9,8422,2013
EFX,7,351.8,2303.9,8422,2013
EFX,7,351.8,2303.9,8422,2013
EFX,7,351.8,2303.9,8422,2013
CVC,16,-126.465,5927.462,8327,2006
HRB,99,473.663,3078.658,8324,2014
HRB,99,473.663,3078.658,8324,2014
HRB,99,473.663,3078.658,8324,2014
HRB,99,473.663,3078.658,8324,2014
HRB,99,473.663,3078.658,8324,2014
HRB,134,623.91,4420.019,8250,2004
HRB,134,623.91,4420.019,8250,2004
HRB,134,623.91,4420.019,8250,2004
HRB,134,623.91,4420.019,8250,2004
HRB,134,623.91,4420.019,8250,2004
BBY,140,532,42410,8163,2013
AAP,54,391.758,6493.814,8062,2013
AAP,54,391.758,6493.814,8062,2013
H,45,66,3527,7960,2010
GPS,134,967,14526,7828,2008
GPS,134,967,14526,7828,2008
GPS,134,967,14526,7828,2008
CVC,20,285.572,7773.276,7798,2009
KEY,16,858,4672,7795,2012
KEY,16,858,4672,7795,2012
HRB,88,475.157,3024.295,7794,2013
HRB,88,475.157,3024.295,7794,2013
HRB,88,475.157,3024.295,7794,2013
HRB,88,475.157,3024.295,7794,2013
HRB,88,475.157,3024.295,7794,2013
KEY,16,554,5362,7793,2010
KEY,16,554,5362,7793,2010
BSX,24,-4068,7249,7768,2012
A,20,693,5774,7767,2008
BSX,24,441,7622,7738,2011
H,45,207,4184,7721,2013
BR,8,307.5,2897,7713,2016
DGX,41,849,7146,7710,2013
GNW,5,560,9403,7684,2013
HRB,81,433.948,2905.943,7563,2012
HRB,81,433.948,2905.943,7563,2012
HRB,81,433.948,2905.943,7563,2012
HRB,81,433.948,2905.943,7563,2012
HRB,81,433.948,2905.943,7563,2012
JWN,53,441,8627,7519,2009
HRB,135,490.408,4872.801,7500,2005
HRB,135,490.408,4872.801,7500,2005
HRB,135,490.408,4872.801,7500,2005
HRB,135,490.408,4872.801,7500,2005
HRB,135,490.408,4872.801,7500,2005
KODK,41,-601,13274,7413,2006
KEY,15,920,4697,7329,2011
KEY,15,920,4697,7329,2011
HRB,137,-433.653,4021.274,7308,2006
HRB,137,-433.653,4021.274,7308,2006
HRB,137,-433.653,4021.274,7308,2006
HRB,137,-433.653,4021.274,7308,2006
HRB,137,-433.653,4021.274,7308,2006
CVC,17,218.456,6484.481,7210,2007
JLL,62,438.672,5965.671,7202,2015
HRB,137,-308.647,4403.877,7130,2007
HRB,137,-308.647,4403.877,7130,2007
HRB,137,-308.647,4403.877,7130,2007
HRB,137,-308.647,4403.877,7130,2007
HRB,137,-308.647,4403.877,7130,2007
LXK,15,338.4,5108.1,7100,2006
CCI,1,-41.893,788.221,6875,2006
HTZ,30,243.079,9020.807,6858,2012
GPN,4,278.04,2775.594,6814,2014
CVC,20,89.32,5175.911,6793,2005
JLL,58,386.063,5429.603,6721,2014
KODK,51,-1362,14268,6721,2005
KBR,52,302,8642,6585,2007
JWN,50,393.45,7304.33,6546,2004
EFX,7,272.1,2160.5,6516,2012
EFX,7,272.1,2160.5,6516,2012
EFX,7,272.1,2160.5,6516,2012
EFX,7,272.1,2160.5,6516,2012
AMD,13,376,5403,6495,2009
AMD,13,376,5403,6495,2009
H,45,124,4328,6406,2015
LNKD,2,11.912,522.189,6394,2011
KODK,27,676,10301,6299,2007
CYH,135,92,18639,6294,2014
H,45,88,3949,6251,2012
H,50,113,3698,6217,2011
HTZ,30,273,10535,6019,2015
HTZ,23,-48.044,7562.534,5991,2010
HRB,110,479.242,3874.332,5920,2009
HRB,110,479.242,3874.332,5920,2009
HRB,110,479.242,3874.332,5920,2009
HRB,110,479.242,3874.332,5920,2009
HRB,110,479.242,3874.332,5920,2009
HNT,9,229.785,11940.533,5914,2005
HNT,9,229.785,11940.533,5914,2005
HNT,9,229.785,11940.533,5914,2005
HNT,9,229.785,11940.533,5914,2005
HNT,9,229.785,11940.533,5914,2005
HNT,9,229.785,11940.533,5914,2005
BR,7,287.1,2694.2,5911,2015
CCI,1,-401.537,676.759,5764,2005
KBH,7,842.421,9441.65,5713,2005
CVC,15,311.439,6460.946,5663,2014
AMD,11,471,6494,5587,2010
AMD,11,471,6494,5587,2010
HTZ,32,115.943,8058.405,5576,2006
ARW,17,498.045,22768.674,5551,2014
ARW,17,498.045,22768.674,5551,2014
BBY,165,-441,45085,5500,2012
F,213,-14672,146277,5488,2008
HNT,10,329.313,12908.35,5444,2006
HNT,10,329.313,12908.35,5444,2006
HNT,10,329.313,12908.35,5444,2006
HNT,10,329.313,12908.35,5444,2006
HNT,10,329.313,12908.35,5444,2006
HNT,10,329.313,12908.35,5444,2006
ARW,17,399.42,21357.285,5422,2013
ARW,17,399.42,21357.285,5422,2013
AAP,51,346.053,5925.203,5421,2010
AAP,51,346.053,5925.203,5421,2010
CCI,1,-48.858,1526.504,5333,2008
HNT,10,193.697,14108.271,5327,2007
HNT,10,193.697,14108.271,5327,2007
HNT,10,193.697,14108.271,5327,2007
HNT,10,193.697,14108.271,5327,2007
HNT,10,193.697,14108.271,5327,2007
HNT,10,193.697,14108.271,5327,2007
AAP,53,387.67,6205.003,5309,2012
AAP,53,387.67,6205.003,5309,2012
HNT,9,185.677,16243.587,5293,2015
HNT,9,185.677,16243.587,5293,2015
HNT,9,185.677,16243.587,5293,2015
HNT,9,185.677,16243.587,5293,2015
HNT,9,185.677,16243.587,5293,2015
HNT,9,185.677,16243.587,5293,2015
FNF,18,437.761,9436.101,5287,2006
FNF,18,437.761,9436.101,5287,2006
FNF,18,437.761,9436.101,5287,2006
HRB,107,406.11,3774.296,5280,2010
HRB,107,406.11,3774.296,5280,2010
HRB,107,406.11,3774.296,5280,2010
HRB,107,406.11,3774.296,5280,2010
HRB,107,406.11,3774.296,5280,2010
H,45,-43,3332,5183,2009
HTZ,29,264.559,8685.631,5114,2007
AAP,52,394.682,6170.462,5069,2011
AAP,52,394.682,6170.462,5069,2011
EFX,5,274.5,1546.3,5063,2006
EFX,5,274.5,1546.3,5063,2006
EFX,5,274.5,1546.3,5063,2006
EFX,5,274.5,1546.3,5063,2006
HRB,134,485.673,4083.577,5058,2008
HRB,134,485.673,4083.577,5058,2008
HRB,134,485.673,4083.577,5058,2008
HRB,134,485.673,4083.577,5058,2008
HRB,134,485.673,4083.577,5058,2008
DNB,5,298.1,1599.2,5034,2007
LXK,14,356.3,5221.5,5016,2005
CVC,20,-227.576,7230.116,5004,2008
BR,7,263,2558,4976,2014
DNB,4,240.7,1531.3,4976,2006
ARW,19,497.726,23282.02,4926,2015
ARW,19,497.726,23282.02,4926,2015
EFX,5,246.5,1443.4,4912,2005
EFX,5,246.5,1443.4,4912,2005
EFX,5,246.5,1443.4,4912,2005
EFX,5,246.5,1443.4,4912,2005
HTZ,23,-126.022,7101.507,4890,2009
HTZ,24,176.17,8298.38,4888,2011
KEY,17,-1335,5720,4876,2009
KEY,17,-1335,5720,4876,2009
ARW,13,407.792,15984.992,4825,2007
ARW,13,407.792,15984.992,4825,2007
CVC,15,465.661,6232.152,4801,2013
BC,12,245.7,3838.7,4751,2014
BC,12,245.7,3838.7,4751,2014
KBR,27,75,7214,4726,2013
GPN,4,245.286,2554.236,4720,2013
EFX,7,272.7,1843,4716,2007
EFX,7,272.7,1843,4716,2007
EFX,7,272.7,1843,4716,2007
EFX,7,272.7,1843,4716,2007
AAP,42,234.725,4264.971,4702,2005
AAP,42,234.725,4264.971,4702,2005
DNB,5,258.5,1655.2,4640,2013
EFX,7,232.9,1959.8,4633,2011
EFX,7,232.9,1959.8,4633,2011
EFX,7,232.9,1959.8,4633,2011
EFX,7,232.9,1959.8,4633,2011
KBR,35,327,9962,4605,2010
BC,13,241.4,4105.7,4587,2015
BC,13,241.4,4105.7,4587,2015
AMD,16,-3379,6013,4545,2007
AMD,16,-3379,6013,4545,2007
DNB,4,221.2,1443.6,4490,2005
HRB,95,374.267,3038.153,4463,2015
HRB,95,374.267,3038.153,4463,2015
HRB,95,374.267,3038.153,4463,2015
HRB,95,374.267,3038.153,4463,2015
HRB,95,374.267,3038.153,4463,2015
KBR,27,144,7798,4416,2012
KBR,56,168,9626,4386,2006
EFX,7,266.7,1859.5,4365,2010
EFX,7,266.7,1859.5,4365,2010
EFX,7,266.7,1859.5,4365,2010
EFX,7,266.7,1859.5,4365,2010
DNB,5,294.4,1681.8,4342,2014
DNB,5,319.4,1687,4320,2009
HRB,93,265.932,2893.771,4294,2011
HRB,93,265.932,2893.771,4294,2011
HRB,93,265.932,2893.771,4294,2011
HRB,93,265.932,2893.771,4294,2011
HRB,93,265.932,2893.771,4294,2011
BC,16,769.2,3887.5,4256,2013
BC,16,769.2,3887.5,4256,2013
FNF,20,538.981,6315.861,4245,2005
FNF,20,538.981,6315.861,4245,2005
FNF,20,538.981,6315.861,4245,2005
GNW,5,-1244,9567,4222,2014
KEY,18,-1468,6499,4217,2008
KEY,18,-1468,6499,4217,2008
ARW,16,598.81,21390.264,4183,2011
ARW,16,598.81,21390.264,4183,2011
GPN,4,209.238,1859.802,4174,2010
KBR,27,480,9103,4129,2011
DNB,5,310.6,1726.3,4115,2008
DNB,5,252.1,1676.6,4072,2010
ARW,17,506.332,20405.128,4037,2012
ARW,17,506.332,20405.128,4037,2012
KBH,5,482.351,11003.792,3982,2006
CVC,19,233.523,6692.559,3955,2012
ARW,13,479.63,18744.676,3927,2010
ARW,13,479.63,18744.676,3927,2010
CVC,18,291.857,6700.848,3901,2011
EFX,7,233.9,1824.5,3898,2009
EFX,7,233.9,1824.5,3898,2009
EFX,7,233.9,1824.5,3898,2009
EFX,7,233.9,1824.5,3898,2009
BC,28,385.4,5923.8,3889,2005
BC,28,385.4,5923.8,3889,2005
ARW,12,388.331,13577.112,3862,2006
ARW,12,388.331,13577.112,3862,2006
ARW,11,253.609,11164.196,3844,2005
ARW,11,253.609,11164.196,3844,2005
NYT,12,259.753,3372.775,3841,2005
NYT,12,259.753,3372.775,3841,2005
FNF,14,-179.016,4329.095,3815,2008
FNF,14,-179.016,4329.095,3815,2008
FNF,14,-179.016,4329.095,3815,2008
AAP,49,270.373,5412.623,3790,2009
AAP,49,270.373,5412.623,3790,2009
AMD,11,491,6568,3769,2011
AMD,11,491,6568,3769,2011
AAP,44,238.317,4844.404,3763,2007
AAP,44,238.317,4844.404,3763,2007
GPN,5,162.754,1274.229,3760,2007
DNB,5,168.8,1657,3752,2015
AAP,44,231.318,4616.503,3746,2006
AAP,44,231.318,4616.503,3746,2006
CYH,87,141.203,12997.693,3731,2013
GPN,4,125.524,908.056,3718,2005
GPN,4,216.125,2375.923,3617,2012
CYH,32,167.544,3738.32,3587,2005
JLL,40,153.902,2925.613,3580,2010
DNB,5,260.3,1758.5,3569,2011
ARW,11,123.512,14684.101,3548,2009
ARW,11,123.512,14684.101,3548,2009
CYH,82,30.289,7127.494,3525,2007
FNF,17,369.5,4839.6,3515,2011
FNF,17,369.5,4839.6,3515,2011
FNF,17,369.5,4839.6,3515,2011
NYT,12,-543.443,3289.903,3504,2006
NYT,12,-543.443,3289.903,3504,2006
CYH,87,279.983,12986.5,3463,2010
CYH,39,168.263,4365.576,3435,2006
MOH,21,143,14178,3367,2015
MOH,21,143,14178,3367,2015
GPN,4,203.317,1642.468,3360,2009
EFX,7,272.8,1935.7,3349,2008
EFX,7,272.8,1935.7,3349,2008
EFX,7,272.8,1935.7,3349,2008
EFX,7,272.8,1935.7,3349,2008
GPN,4,188.161,2203.847,3337,2011
NSM,7,217.054,2284.205,3332,2013
CYH,79,243.15,12107.613,3312,2009
LXK,14,300.8,4973.9,3301,2007
DNB,5,295.5,1663,3248,2012
GPN,5,142.985,1061.523,3238,2006
GNW,6,122,10238,3215,2011
AAP,48,238.038,5142.255,3192,2008
AAP,48,238.038,5142.255,3192,2008
BR,6,212.1,2430.8,3163,2013
MUSA,9,243.863,15279.311,3148,2014
MUSA,9,243.863,15279.311,3148,2014
MUSA,9,243.863,15279.311,3148,2014
AWI,9,94.1,2719.9,3134,2013
FNF,16,129.769,5524.01,3112,2007
FNF,16,129.769,5524.01,3112,2007
FNF,16,129.769,5524.01,3112,2007
FNF,17,222.3,5828.4,3099,2009
FNF,17,222.3,5828.4,3099,2009
FNF,17,222.3,5828.4,3099,2009
FNF,18,370.1,5740.3,3061,2010
FNF,18,370.1,5740.3,3061,2010
FNF,18,370.1,5740.3,3061,2010
DBD,15,86.547,2906.232,3057,2006
KBR,51,290,12060,3047,2009
CYH,137,158,19437,2991,2015
AWI,9,131.3,2618.9,2990,2012
BR,6,169.6,2166.9,2977,2011
BR,5,192.2,2227.4,2955,2008
BC,28,133.9,5665,2899,2006
BC,28,133.9,5665,2899,2006
GPN,6,37.217,1601.524,2893,2008
BKS,39,146.681,5103.004,2829,2005
CYH,96,265.64,12948.185,2827,2012
AWI,7,63.8,2515.3,2818,2014
AMD,11,-83,5299,2806,2013
AMD,11,-83,5299,2806,2013
LXK,13,340,4199.7,2737,2010
JWN,52,401,8573,2733,2008
BOH,2,160.704,619.348,2722,2015
GPN,4,92.896,784.331,2709,2004
BOH,3,180.359,788.848,2686,2006
JLL,46,164.384,3584.544,2663,2011
BR,6,123.6,2303.5,2654,2012
BOH,3,181.561,715.756,2643,2005
BOH,2,150.502,584.728,2631,2013
DBD,15,96.746,2587.049,2611,2005
BC,16,50,3717.6,2607,2012
BC,16,50,3717.6,2607,2012
BOH,2,163.042,597.65,2593,2014
AWI,9,112.4,2859.5,2563,2011
BKS,39,150.527,5261.254,2534,2006
MUSA,10,176.34,10730.782,2532,2015
MUSA,10,176.34,10730.782,2532,2015
MUSA,10,176.34,10730.782,2532,2015
AWI,8,94.2,2420,2532,2015
LXK,13,79.1,3710.5,2530,2014
NYT,10,208.704,3195.077,2519,2007
NYT,10,208.704,3195.077,2519,2007
AWI,10,11,2766.4,2497,2010
HNT,7,72.12,11901.036,2493,2011
HNT,7,72.12,11901.036,2493,2011
HNT,7,72.12,11901.036,2493,2011
HNT,7,72.12,11901.036,2493,2011
HNT,7,72.12,11901.036,2493,2011
HNT,7,72.12,11901.036,2493,2011
BOH,3,183.703,842.362,2485,2007
BR,5,190,2210.1,2461,2010
KBR,57,319,11493,2458,2008
KBR,25,-1262,6366,2455,2014
KBR,22,203,5096,2404,2015
HNT,9,-49.004,15703.241,2402,2009
HNT,9,-49.004,15703.241,2402,2009
HNT,9,-49.004,15703.241,2402,2009
HNT,9,-49.004,15703.241,2402,2009
HNT,9,-49.004,15703.241,2402,2009
HNT,9,-49.004,15703.241,2402,2009
NYT,4,65.105,1577.23,2380,2013
NYT,4,65.105,1577.23,2380,2013
AWI,15,1358,3425.9,2378,2006
LXK,13,320.9,4173,2361,2011
HNT,8,170.126,11053.743,2359,2013
HNT,8,170.126,11053.743,2359,2013
HNT,8,170.126,11053.743,2359,2013
HNT,8,170.126,11053.743,2359,2013
HNT,8,170.126,11053.743,2359,2013
HNT,8,170.126,11053.743,2359,2013
BR,5,223.3,2154.9,2310,2009
BKS,42,143.376,4873.595,2298,2004
AWI,13,145.3,3549.7,2279,2007
AMD,9,-660,3991,2273,2015
AMD,9,-660,3991,2273,2015
BOH,2,183.942,721.054,2271,2010
BOH,2,144.033,763.239,2260,2009
ARW,13,-613.739,16761.009,2248,2008
ARW,13,-613.739,16761.009,2248,2008
DBD,16,114.417,3051.053,2239,2014
AWI,11,77.7,2780,2236,2009
AAN,12,78.233,2725.239,2216,2014
AAN,12,78.233,2725.239,2216,2014
LXK,12,261.8,3667.6,2202,2013
NNI,3,181.122,1152.943,2197,2005
GPI,12,93.004,9937.889,2181,2014
NYT,4,63.246,1579.215,2169,2015
NYT,4,63.246,1579.215,2169,2015
BOH,3,192.213,808.214,2157,2008
AAN,13,120.666,2234.631,2145,2013
AAN,13,120.666,2234.631,2145,2013
NNI,3,307.61,1178.056,2142,2014
AAN,12,173.043,2222.588,2141,2012
AAN,12,173.043,2222.588,2141,2012
DBD,16,-181.605,2857.491,2115,2013
DBD,16,-20.252,2823.793,2106,2010
LXK,14,240.2,4528.4,2090,2008
AMD,10,-403,5506,2072,2014
AMD,10,-403,5506,2072,2014
BKS,40,135.799,5410.828,2046,2007
BOH,2,160.043,637.348,2044,2011
LXK,12,145.9,3879.9,2029,2009
AAN,11,113.767,2024.049,2018,2011
AAN,11,113.767,2024.049,2018,2011
LXK,14,-40.4,3551.2,2009,2015
NYT,4,33.307,1588.528,1990,2014
NYT,4,33.307,1588.528,1990,2014
HNT,7,122.063,11248.621,1976,2012
HNT,7,122.063,11248.621,1976,2012
HNT,7,122.063,11248.621,1976,2012
HNT,7,122.063,11248.621,1976,2012
HNT,7,122.063,11248.621,1976,2012
HNT,7,122.063,11248.621,1976,2012
BOH,2,166.076,618.302,1971,2012
DBD,15,73.7,2419.3,1956,2015
NNI,3,302.672,1113.329,1954,2013
GM,243,-30860,148979,1954,2008
GM,243,-30860,148979,1954,2008
GM,243,-30860,148979,1954,2008
MUSA,8,235.033,16199.3,1943,2013
MUSA,8,235.033,16199.3,1943,2013
MUSA,8,235.033,16199.3,1943,2013
DBD,17,78.454,2991.693,1936,2012
DBD,17,39.541,2964.837,1912,2007
DBD,16,26.026,2718.292,1887,2009
DBD,17,144.815,2835.848,1880,2011
DBD,17,88.583,3170.08,1857,2008
NYT,8,19.891,2440.439,1790,2009
NYT,8,19.891,2440.439,1790,2009
GPI,13,93.999,10632.505,1773,2015
KODK,24,-442,9416,1765,2008
GPI,12,113.992,8918.581,1727,2013
GCO,27,97.725,2859.844,1717,2014
AMD,10,-1183,5422,1711,2012
AMD,10,-1183,5422,1711,2012
GCO,22,92.653,2624.972,1680,2013
BC,15,-110.6,3403.3,1662,2010
BC,15,-110.6,3403.3,1662,2010
HTZ,25,-1206.746,8525.055,1638,2008
AAN,10,118.376,1876.847,1633,2010
AAN,10,118.376,1876.847,1633,2010
AAN,13,135.709,3179.756,1626,2015
AAN,13,135.709,3179.756,1626,2015
KBH,2,918.349,2400.949,1616,2014
KBH,3,-929.414,6416.526,1615,2007
BC,15,71.9,3748,1609,2011
BC,15,71.9,3748,1609,2011
ABM,120,76.3,4897.8,1593,2015
CYH,88,201.948,13626.168,1580,2011
JLL,22,103.672,1390.61,1574,2005
ABM,118,75.6,5032.8,1539,2014
AAN,8,78.635,1319.392,1538,2006
AAN,8,78.635,1319.392,1538,2006
ABM,110,72.9,4809.281,1526,2013
GCO,23,110.536,2604.817,1496,2012
BC,27,111.6,5671.2,1491,2007
BC,27,111.6,5671.2,1491,2007
GCO,21,81.959,2291.987,1482,2011
LXK,12,106.3,3797.6,1482,2012
NNI,3,267.979,1193.943,1476,2015
KBH,1,39.963,2097.13,1468,2013
AAN,10,112.601,1752.787,1463,2009
AAN,10,112.601,1752.787,1463,2009
NSM,7,38.779,2339.39,1455,2015
GCO,28,94.569,3022.234,1444,2015
KODK,9,1985,2347,1444,2013
KODK,19,-687,7187,1441,2010
NYT,7,107.704,2393.463,1438,2010
NYT,7,107.704,2393.463,1438,2010
NNI,4,68.155,1881.461,1438,2006
GPI,9,100.209,7476.1,1409,2012
AAN,10,90.189,1592.608,1389,2008
AAN,10,90.189,1592.608,1389,2008
BKS,34,36.596,6069.497,1386,2014
CYH,78,218.304,10840.098,1334,2008
AMD,15,-3098,5808,1315,2008
AMD,15,-3098,5808,1315,2008
KBH,2,84.643,3032.03,1300,2015
NYT,5,133.173,1990.08,1274,2012
NYT,5,133.173,1990.08,1274,2012
KND,62,-79.837,5027.599,1272,2014
MOH,6,9.79,6028.763,1265,2012
MOH,6,9.79,6028.763,1265,2012
GPI,9,88.39,6083.484,1255,2006
AWI,12,81,3393,1233,2008
BKS,40,36.676,5810.564,1228,2009
BKS,35,-68.867,7129.199,1196,2011
ABM,96,64.121,3495.747,1187,2010
ABM,77,52.44,2837.811,1176,2007
GPI,8,82.394,6079.765,1176,2011
NYT,7,-39.669,2323.401,1150,2011
NYT,7,-39.669,2323.401,1150,2011
KODK,20,-210,7606,1134,2009
HNT,10,95.003,15369.989,1129,2008
HNT,10,95.003,15369.989,1129,2008
HNT,10,95.003,15369.989,1129,2008
HNT,10,95.003,15369.989,1129,2008
HNT,10,95.003,15369.989,1129,2008
HNT,10,95.003,15369.989,1129,2008
BC,15,-586.2,2776.1,1122,2009
BC,15,-586.2,2776.1,1122,2009
KBH,1,-58.953,1560.115,1109,2012
MOH,2,58.33,2492.454,1101,2007
MOH,2,58.33,2492.454,1101,2007
ABM,96,68.504,4246.842,1078,2011
KND,63,-168.492,4900.51,1069,2013
BKS,34,-157.806,6839.005,1064,2012
NYT,9,-57.839,2948.856,1062,2008
NYT,9,-57.839,2948.856,1062,2008
KBH,1,-101.784,1824.85,1041,2009
AAN,8,57.993,1124.006,1040,2005
AAN,8,57.993,1124.006,1040,2005
ABM,95,62.582,4300.265,1033,2012
MOH,5,20.818,4769.94,1023,2011
MOH,5,20.818,4769.94,1023,2011
AAN,10,80.275,1490.033,1015,2007
AAN,10,80.275,1490.033,1015,2007
KND,55,78.711,4266.661,1009,2006
KND,102,-93.384,7054.907,998,2015
GPI,7,50.304,5509.169,994,2010
ABM,91,54.293,3481.823,971,2009
BKS,34,-47.268,6381.357,970,2013
ABM,73,57.941,2582.266,970,2005
ABM,75,93.205,2712.668,966,2006
KND,52,144.909,3923.999,962,2005
KND,53,-46.87,4220.266,958,2007
MOH,2,45.727,2004.995,914,2006
MOH,2,45.727,2004.995,914,2006
KODK,7,-123,2102,910,2014
GCO,11,62.686,1283.876,906,2005
KBH,2,-976.131,3033.936,904,2008
BKS,37,75.92,5121.804,897,2008
GCO,13,67.646,1460.478,896,2006
NGVC,2,10.552,430.655,891,2013
GCO,15,53.211,1789.839,879,2010
KBH,1,-69.368,1589.996,870,2010
BKS,28,-24.446,4163.844,861,2015
MOH,4,54.97,4085.977,844,2010
MOH,4,54.97,4085.977,844,2010
ABM,100,45.434,3623.59,832,2008
GCO,14,6.885,1502.119,760,2007
GPI,8,54.231,5969.59,755,2005
MOH,2,27.596,1650.058,740,2005
MOH,2,27.596,1650.058,740,2005
KND,57,56.485,4359.697,726,2010
KND,54,40.504,4270.007,722,2009
GPI,7,34.845,4525.707,694,2009
GCO,10,48.249,1112.681,649,2004
BKS,36,-73.92,6998.565,627,2010
KND,78,-53.481,5521.763,613,2011
KND,78,-40.367,6181.291,576,2012
GCO,14,28.813,1574.352,568,2009
KBH,1,-178.768,1315.866,566,2011
GPI,9,67.952,6392.997,549,2007
KODK,6,-80,1798,527,2015
NGVC,3,16.204,624.678,510,2015
KND,54,36.285,4151.396,507,2008
NGVC,2,6.649,336.385,499,2012
BC,20,-788.1,4708.7,369,2008
BC,20,-788.1,4708.7,369,2008
NGVC,2,13.473,520.674,366,2014
GCO,14,152.636,1551.562,296,2008
GPI,8,-31.493,5654.087,258,2008
NGVC,,11.471,705.499,251,2016
GM,217,104821,104589,236,2009
GM,217,104821,104589,236,2009
GM,217,104821,104589,236,2009
KODK,17,-764,6022,176,2011
KODK,13,-1379,4114,49,2012
