"","customer_no","invoice_date","invoice_no","sales_extended","collection_amount","collection_date","collection_no","cash_not_ar","sku"
"18","c00005",2020-01-06,"i00018",632.369895849377,1156,2020-02-26,"r00062",0,"SSBIT"
"50","c00009",2020-01-17,"i00050",1333.0188676856,1440,2020-02-18,"r00045",0,"SSBIT"
"52","c00007",2020-01-18,"i00051",-286.245373063948,945,2020-02-08,"r00034",0,"JQWPP"
"69","c00007",2020-01-26,"i00072",1204.56069259419,612,2020-02-02,"r00024",0,"JQWPP"
"92","c00005",2020-02-02,"i00092",2043.52936347256,684,2020-06-03,"r00284",0,"QWBPM"
"126","c00005",2020-02-17,"i00126",3780.91547384916,1944,2020-03-14,"r00087",0,"SLNEL"
"133","c00009",2020-02-19,"i00133",-53.2632113993168,720,2020-04-14,"r00158",0,"JQWPP"
"178","c00007",2020-03-07,"i00177",1256.53472787456,672,2020-04-04,"r00139",0,"JRVPC"
"191","c00007",2020-03-12,"i00191",1384.20309266075,1575,2020-07-14,"r00388",0,"ZUBSA"
"211","c00005",2020-03-19,"i00212",490.879449628294,828,2020-03-19,"r00099",1,"ZUBSA"
"230","c00005",2020-03-23,"i00229",1422.97148381948,324,2020-04-21,"r00171",0,"GEXDT"
"231","c00009",2020-03-24,"i00232",44.0702511370182,360,2020-06-25,"r00341",0,"GEXDT"
"262","c00009",2020-04-04,"i00262",3446.16393512176,504,2020-04-26,"r00186",0,"JQWPP"
"284","c00001",2020-04-13,"i00286",-463.003750375042,1404,2020-06-06,"r00293",0,"QWBPM"
"319","c00009",2020-04-24,"i00317",2222.40365862182,882,2020-05-10,"r00220",0,"TQLMI"
"336","c00004",2020-05-01,"i00335",307.563647782487,1053,2020-05-12,"r00226",0,"JQWPP"
"358","c00004",2020-05-10,"i00363",12071.9875933784,1368,2020-06-27,"r00344",0,"SSBIT"
"397","c00004",2020-05-23,"i00398",21.1445350713701,952,2020-08-27,"r00493",0,"JRVPC"
"398","c00005",2020-05-23,"i00396",1315.58484193485,2592,2020-06-28,"r00345",0,"WBOEC"
"406","c00004",2020-05-26,"i00409",121.534423520789,270,2020-07-01,"r00352",0,"TQLMI"
"420","c00010",2020-05-30,"i00421",2579.19433489346,1785,2020-08-16,"r00467",0,"ZUBSA"
"459","c00003",2020-06-16,"i00460",-647.468481995165,1530,2020-10-01,"r00592",0,"JRVPC"
"464","c00005",2020-06-18,"i00467",1111.55382149971,252,2020-06-24,"r00339",0,"SSBIT"
"478","c00009",2020-06-23,"i00478",-161.112262912026,748,2020-07-05,"r00367",0,"QWBPM"
"500","c00006",2020-07-01,"i00502",64.8124173134565,432,2020-09-29,"r00583",0,"GEXDT"
"531","c00007",2020-07-13,"i00531",-1006.07108877506,2205,2020-09-07,"r00520",0,"ZUBSA"
"540","c00007",2020-07-16,"i00540",143.981415020169,1350,2020-10-31,"r00667",0,"ZUBSA"
"547","c00007",2020-07-20,"i00547",211.259141252586,378,2020-11-08,"r00690",0,"QWBPM"
"557","c00003",2020-07-24,"i00557",-209.323990258744,546,2020-08-18,"r00472",0,"JQWPP"
"574","c00004",2020-08-01,"i00574",1362.03988163796,990,2020-08-13,"r00460",0,"SSBIT"
"578","c00010",2020-08-02,"i00577",-70.9325167927891,798,2020-09-01,"r00509",0,"QWBPM"
"586","c00010",2020-08-05,"i00585",4821.02975213549,1539,2020-08-12,"r00455",0,"SSBIT"
"610","c00005",2020-08-15,"i00612",-39.3693168295709,792,2020-09-12,"r00537",0,"QWBPM"
"617","c00003",2020-08-17,"i00618",527.356467168778,1156,2020-09-14,"r00540",0,"SSBIT"
"745","c00008",2020-10-03,"i00741",3126.82443085563,1995,2020-10-24,"r00644",0,"GEXDT"
"758","c00005",2020-10-06,"i00753",-337.76166665554,1008,2020-11-08,"r00691",0,"JQWPP"
"793","c00006",2020-10-18,"i00795",14656.0330051227,1539,2021-03-01,"r00947",0,"WBOEC"
"795","c00007",2020-10-18,"i00794",9.49709828943014,990,2020-12-23,"r00807",0,"JQWPP"
"825","c00005",2020-10-29,"i00827",1125.89037050543,504,2021-07-25,"r00996",0,"ZUBSA"
"832","c00006",2020-10-30,"i00830",3444.26807717779,1620,2020-12-10,"r00773",0,"TQLMI"
"875","c00003",2020-11-18,"i00875",598.647079928778,1215,2021-01-02,"r00837",0,"TQLMI"
"877","c00008",2020-11-19,"i00876",8614.36726783906,2160,2020-12-24,"r00810",0,"SSBIT"
"883","c00007",2020-11-22,"i00884",470.181394759566,990,2020-12-25,"r00813",0,"TQLMI"
"885","c00004",2020-11-22,"i00886",11559.8435875142,2700,2020-11-22,"r00730",1,"TQLMI"
"898","c00005",2020-11-27,"i00898",-525.062510184944,1292,2021-03-17,"r00962",0,"GEXDT"
"923","c00005",2020-12-06,"i00922",807.727500213547,324,2021-01-29,"r00896",0,"JQWPP"
"954","c00008",2020-12-16,"i00953",636.25648252666,720,2021-03-14,"r00961",0,"WBOEC"
"958","c00008",2020-12-17,"i00956",2977.92586754164,1296,2021-01-07,"r00842",0,"JQWPP"
"960","c00004",2020-12-17,"i00959",1136.56017183202,351,2021-02-19,"r00935",0,"JQWPP"
"997","c00006",2020-12-30,"i00991",12.7705936346325,1365,2020-12-30,"r00825",1,"JQWPP"
"999","c00004",2020-12-31,"i01000",59.3856309168041,540,2021-03-02,"r00950",0,"JQWPP"
"28","c00003",2020-01-01,"i00001",1561.51290815324,2100,2020-01-09,"r00007",0,"JQWPP"
"3921","c00005",2020-05-22,"i00394",-516.971073657274,1056,2020-05-22,"r00250",1,"GEXDT"
"1","c00003",2020-01-01,"i00002",540,540,2020-01-28,"r00020",0,"ETKQW"
"2","c00003",2020-01-01,"i00001",2100,2100,2020-01-09,"r00007",0,"JQWPP"
"3","c00005",2020-01-02,"i00005",1620,1620,2020-05-29,"r00267",0,"SSBIT"
"4","c00009",2020-01-02,"i00007",588,588,2020-01-02,"r00001",1,"SLNEL"
"5","c00005",2020-01-02,"i00008",1020,1020,2020-01-02,"r00002",1,"JRVPC"
"6","c00009",2020-01-02,"i00006",1620,1620,2020-01-24,"r00016",0,"GEXDT"
"9","c00005",2020-01-03,"i00010",1350,1350,2020-01-03,"r00003",1,"QWBPM"
"13","c00003",2020-01-04,"i00014",990,990,2020-02-09,"r00035",0,"JQWPP"
"14","c00004",2020-01-04,"i00013",864,864,2020-03-20,"r00102",0,"GEXDT"
"15","c00007",2020-01-05,"i00015",1377,1377,2020-03-17,"r00092",0,"JQWPP"
"16","c00008",2020-01-05,"i00016",1620,1620,2020-04-03,"r00135",0,"GEXDT"
"17","c00006",2020-01-06,"i00019",594,594,2020-05-10,"r00217",0,"JRVPC"
"19","c00007",2020-01-06,"i00017",630,630,2020-01-29,"r00022",0,"TQLMI"
"21","c00008",2020-01-07,"i00022",504,504,2020-05-08,"r00213",0,"SLNEL"
"22","c00009",2020-01-07,"i00023",1440,1440,2020-04-13,"r00157",0,"JQWPP"
"23","c00008",2020-01-07,"i00021",1260,1260,2020-03-19,"r00096",0,"QWBPM"
"24","c00007",2020-01-09,"i00025",1296,1296,2020-03-08,"r00078",0,"SSBIT"
"25","c00004",2020-01-09,"i00024",924,924,2020-02-26,"r00063",0,"JRVPC"
"26","c00009",2020-01-09,"i00026",2052,2052,2020-01-25,"r00018",0,"WBOEC"
"27","c00008",2020-01-10,"i00028",748,748,2020-01-10,"r00009",1,"GEXDT"
"29","c00009",2020-01-11,"i00031",1995,1995,2020-02-03,"r00025",0,"WBOEC"
"30","c00007",2020-01-11,"i00030",1350,1350,2020-07-03,"r00358",0,"ETKQW"
"31","c00005",2020-01-11,"i00029",540,540,2020-06-22,"r00331",0,"JQWPP"
"32","c00003",2020-01-12,"i00036",1728,1728,2020-04-23,"r00175",0,"ETKQW"
"33","c00004",2020-01-12,"i00035",1377,1377,2020-03-24,"r00111",0,"JQWPP"
"35","c00005",2020-01-12,"i00037",672,672,2020-03-22,"r00106",0,"SSBIT"
"36","c00009",2020-01-12,"i00032",324,324,2020-03-16,"r00091",0,"TQLMI"
"37","c00007",2020-01-12,"i00034",726,726,2020-01-12,"r00010",1,"ETKQW"
"38","c00005",2020-01-13,"i00040",1620,1620,2020-02-19,"r00048",0,"ZUBSA"
"39","c00007",2020-01-13,"i00038",1088,1088,2020-03-07,"r00077",0,"JQWPP"
"41","c00004",2020-01-14,"i00043",576,576,2020-09-16,"r00550",0,"ETKQW"
"42","c00003",2020-01-14,"i00042",612,612,2020-08-16,"r00465",0,"ETKQW"
"43","c00004",2020-01-14,"i00041",2100,2100,2020-04-24,"r00179",0,"ETKQW"
"44","c00008",2020-01-15,"i00044",924,924,2020-04-04,"r00138",0,"ZUBSA"
"47","c00007",2020-01-16,"i00047",672,672,2020-10-01,"r00591",0,"SLNEL"
"48","c00003",2020-01-17,"i00048",1428,1428,2020-03-30,"r00122",0,"TQLMI"
"49","c00005",2020-01-17,"i00049",405,405,2020-02-25,"r00059",0,"JRVPC"
"54","c00009",2020-01-20,"i00055",1215,1215,2020-01-20,"r00013",1,"ETKQW"
"56","c00005",2020-01-21,"i00056",2052,2052,2020-07-27,"r00419",0,"JQWPP"
"57","c00009",2020-01-21,"i00057",546,546,2020-02-17,"r00043",0,"TQLMI"
"58","c00006",2020-01-22,"i00060",810,810,2020-02-12,"r00040",0,"TQLMI"
"60","c00010",2020-01-22,"i00058",952,952,2020-02-07,"r00032",0,"SSBIT"
"61","c00009",2020-01-23,"i00061",1365,1365,2020-01-23,"r00015",0,"TQLMI"
"62","c00009",2020-01-24,"i00063",1368,1368,2020-04-23,"r00176",0,"SSBIT"
"63","c00004",2020-01-24,"i00064",1518,1518,2020-01-24,"r00017",1,"JRVPC"
"66","c00008",2020-01-25,"i00066",1404,1404,2020-02-11,"r00038",0,"GEXDT"
"67","c00007",2020-01-25,"i00065",810,810,2020-02-22,"r00053",0,"ZUBSA"
"70","c00004",2020-01-26,"i00073",504,504,2020-04-16,"r00162",0,"ZUBSA"
"71","c00005",2020-01-26,"i00071",1155,1155,2020-03-09,"r00080",0,"JQWPP"
"72","c00007",2020-01-26,"i00069",540,540,2020-05-08,"r00214",0,"TQLMI"
"73","c00003",2020-01-26,"i00068",884,884,2020-01-26,"r00019",1,"SLNEL"
"75","c00008",2020-01-28,"i00077",882,882,2020-02-17,"r00044",0,"JRVPC"
"76","c00008",2020-01-28,"i00075",1620,1620,2020-02-24,"r00056",0,"SLNEL"
"77","c00006",2020-01-28,"i00074",726,726,2020-01-28,"r00021",1,"WBOEC"
"78","c00005",2020-01-29,"i00079",432,432,2020-03-31,"r00126",0,"JQWPP"
"79","c00004",2020-01-29,"i00080",1620,1620,2020-02-14,"r00041",0,"GEXDT"
"80","c00004",2020-01-29,"i00078",1088,1088,2020-05-13,"r00229",0,"SSBIT"
"81","c00005",2020-01-30,"i00086",1728,1728,2020-05-15,"r00234",0,"JQWPP"
"82","c00009",2020-01-30,"i00081",1995,1995,2020-04-01,"r00128",0,"ETKQW"
"84","c00003",2020-01-30,"i00082",576,576,2020-04-28,"r00193",0,"SLNEL"
"85","c00008",2020-01-30,"i00084",1452,1452,2020-03-11,"r00083",0,"SSBIT"
"86","c00009",2020-01-30,"i00083",792,792,2020-06-15,"r00313",0,"JQWPP"
"87","c00008",2020-01-31,"i00088",1088,1088,2020-04-06,"r00143",0,"TQLMI"
"88","c00009",2020-01-31,"i00087",1008,1008,2020-04-15,"r00161",0,"ZUBSA"
"89","c00007",2020-02-01,"i00090",1440,1440,2020-02-01,"r00023",1,"QWBPM"
"91","c00005",2020-02-01,"i00089",243,243,2020-05-06,"r00209",0,"GEXDT"
"93","c00008",2020-02-03,"i00094",1188,1188,2020-03-02,"r00070",0,"JRVPC"
"94","c00008",2020-02-03,"i00095",1782,1782,2020-04-24,"r00180",0,"SSBIT"
"95","c00007",2020-02-03,"i00093",720,720,2020-07-08,"r00375",0,"ETKQW"
"97","c00007",2020-02-04,"i00097",462,462,2020-03-09,"r00081",0,"TQLMI"
"98","c00008",2020-02-05,"i00098",680,680,2020-02-21,"r00051",0,"TQLMI"
"99","c00010",2020-02-05,"i00099",351,351,2020-03-01,"r00068",0,"WBOEC"
"100","c00005",2020-02-05,"i00100",2070,2070,2020-03-18,"r00094",0,"SLNEL"
"102","c00008",2020-02-06,"i00101",1365,1365,2020-02-06,"r00030",1,"SLNEL"
"104","c00007",2020-02-07,"i00104",1320,1320,2020-02-21,"r00052",0,"JRVPC"
"106","c00008",2020-02-08,"i00108",748,748,2020-03-05,"r00074",0,"JRVPC"
"107","c00008",2020-02-08,"i00106",1944,1944,2020-08-16,"r00466",0,"JRVPC"
"108","c00007",2020-02-08,"i00107",1134,1134,2020-04-01,"r00129",0,"JQWPP"
"109","c00008",2020-02-09,"i00109",486,486,2020-03-27,"r00115",0,"WBOEC"
"110","c00003",2020-02-09,"i00110",1620,1620,2020-04-26,"r00183",0,"QWBPM"
"111","c00010",2020-02-09,"i00111",1575,1575,2020-04-12,"r00155",0,"TQLMI"
"113","c00005",2020-02-10,"i00114",1188,1188,2020-02-10,"r00037",1,"GEXDT"
"115","c00009",2020-02-11,"i00117",168,168,2020-07-15,"r00391",0,"TQLMI"
"117","c00007",2020-02-11,"i00116",2052,2052,2020-02-11,"r00039",1,"ETKQW"
"118","c00010",2020-02-12,"i00118",680,680,2020-03-23,"r00109",0,"JQWPP"
"119","c00006",2020-02-13,"i00119",351,351,2020-03-15,"r00090",0,"ETKQW"
"120","c00007",2020-02-14,"i00120",1080,1080,2020-05-23,"r00251",0,"JQWPP"
"121","c00008",2020-02-14,"i00121",1470,1470,2020-04-27,"r00188",0,"JRVPC"
"122","c00009",2020-02-14,"i00122",684,684,2020-05-28,"r00266",0,"SLNEL"
"123","c00008",2020-02-14,"i00123",1008,1008,2020-04-08,"r00144",0,"GEXDT"
"124","c00005",2020-02-16,"i00124",1320,1320,2020-05-10,"r00218",0,"JRVPC"
"125","c00009",2020-02-16,"i00125",810,810,2020-03-11,"r00084",0,"JRVPC"
"128","c00006",2020-02-18,"i00130",1440,1440,2020-04-01,"r00130",0,"JRVPC"
"130","c00009",2020-02-18,"i00128",884,884,2020-10-22,"r00642",0,"GEXDT"
"131","c00005",2020-02-18,"i00129",405,405,2020-02-18,"r00047",1,"ETKQW"
"132","c00003",2020-02-19,"i00134",1056,1056,2020-02-19,"r00049",1,"TQLMI"
"135","c00009",2020-02-19,"i00132",396,396,2020-03-06,"r00075",0,"SSBIT"
"137","c00008",2020-02-20,"i00136",2268,2268,2020-02-20,"r00050",1,"SSBIT"
"138","c00007",2020-02-20,"i00138",884,884,2020-04-03,"r00136",0,"JQWPP"
"139","c00008",2020-02-21,"i00140",1890,1890,2020-08-19,"r00477",0,"JQWPP"
"140","c00003",2020-02-21,"i00139",297,297,2020-03-30,"r00123",0,"GEXDT"
"141","c00003",2020-02-22,"i00143",792,792,2020-03-04,"r00073",0,"GEXDT"
"142","c00010",2020-02-22,"i00142",720,720,2020-04-19,"r00165",0,"WBOEC"
"143","c00002",2020-02-22,"i00141",1575,1575,2020-05-24,"r00252",0,"TQLMI"
"146","c00005",2020-02-23,"i00147",462,462,2021-01-16,"r00866",0,"ZUBSA"
"147","c00005",2020-02-23,"i00146",1296,1296,2020-03-27,"r00116",0,"GEXDT"
"148","c00009",2020-02-24,"i00149",459,459,2020-06-04,"r00286",0,"SLNEL"
"149","c00010",2020-02-24,"i00150",1620,1620,2020-05-27,"r00260",0,"JQWPP"
"150","c00009",2020-02-24,"i00151",945,945,2020-02-24,"r00057",1,"SLNEL"
"152","c00004",2020-02-25,"i00152",576,576,2020-05-29,"r00268",0,"TQLMI"
"156","c00009",2020-02-27,"i00156",1620,1620,2020-05-20,"r00245",0,"ZUBSA"
"157","c00005",2020-02-28,"i00157",420,420,2020-04-19,"r00166",0,"WBOEC"
"158","c00005",2020-02-28,"i00158",748,748,2020-03-19,"r00097",0,"ZUBSA"
"159","c00006",2020-02-28,"i00159",432,432,2020-04-02,"r00131",0,"GEXDT"
"161","c00009",2020-02-29,"i00160",900,900,2020-02-29,"r00065",1,"ETKQW"
"162","c00009",2020-02-29,"i00161",2310,2310,2020-03-27,"r00117",0,"SLNEL"
"163","c00003",2020-02-29,"i00163",1080,1080,2020-04-02,"r00132",0,"JQWPP"
"166","c00003",2020-03-01,"i00165",1296,1296,2020-03-01,"r00069",1,"GEXDT"
"167","c00006",2020-03-01,"i00166",1620,1620,2020-05-16,"r00236",0,"ZUBSA"
"170","c00004",2020-03-03,"i00169",378,378,2020-03-03,"r00071",1,"GEXDT"
"171","c00007",2020-03-04,"i00171",1260,1260,2020-05-18,"r00242",0,"TQLMI"
"172","c00010",2020-03-04,"i00172",720,720,2020-04-10,"r00151",0,"JRVPC"
"173","c00009",2020-03-05,"i00174",792,792,2020-04-12,"r00156",0,"TQLMI"
"174","c00005",2020-03-05,"i00173",1080,1080,2020-03-29,"r00120",0,"WBOEC"
"176","c00009",2020-03-06,"i00176",1512,1512,2020-03-17,"r00093",0,"GEXDT"
"177","c00009",2020-03-07,"i00178",1020,1020,2020-04-04,"r00140",0,"SSBIT"
"180","c00005",2020-03-08,"i00185",1458,1458,2020-06-01,"r00275",0,"WBOEC"
"181","c00004",2020-03-08,"i00180",1890,1890,2020-03-28,"r00119",0,"SSBIT"
"183","c00006",2020-03-08,"i00181",1680,1680,2020-06-06,"r00292",0,"SSBIT"
"184","c00009",2020-03-08,"i00183",1296,1296,2020-03-19,"r00098",0,"WBOEC"
"185","c00008",2020-03-08,"i00184",1056,1056,2020-07-07,"r00373",0,"QWBPM"
"186","c00005",2020-03-10,"i00186",1080,1080,2020-05-11,"r00222",0,"GEXDT"
"188","c00004",2020-03-10,"i00187",672,672,2020-03-10,"r00082",1,"QWBPM"
"189","c00007",2020-03-11,"i00189",756,756,2020-03-20,"r00103",0,"JRVPC"
"190","c00009",2020-03-11,"i00190",1350,1350,2020-05-08,"r00215",0,"GEXDT"
"192","c00008",2020-03-13,"i00192",396,396,2020-06-12,"r00308",0,"SSBIT"
"193","c00006",2020-03-13,"i00193",648,648,2020-03-27,"r00118",0,"ZUBSA"
"194","c00004",2020-03-13,"i00198",884,884,2020-05-27,"r00261",0,"WBOEC"
"195","c00004",2020-03-13,"i00194",1320,1320,2020-06-30,"r00349",0,"JQWPP"
"198","c00003",2020-03-13,"i00196",1620,1620,2020-03-13,"r00085",1,"TQLMI"
"200","c00008",2020-03-14,"i00200",1440,1440,2020-06-17,"r00322",0,"JRVPC"
"201","c00009",2020-03-15,"i00201",1470,1470,2020-05-30,"r00270",0,"ZUBSA"
"202","c00009",2020-03-15,"i00203",1152,1152,2020-05-04,"r00207",0,"SSBIT"
"203","c00005",2020-03-15,"i00202",468,468,2020-04-28,"r00194",0,"GEXDT"
"204","c00006",2020-03-16,"i00204",660,660,2020-07-04,"r00363",0,"JRVPC"
"205","c00005",2020-03-17,"i00206",1728,1728,2020-05-01,"r00198",0,"SSBIT"
"206","c00007",2020-03-17,"i00205",1539,1539,2020-07-16,"r00392",0,"WBOEC"
"208","c00008",2020-03-18,"i00208",1156,1156,2020-05-22,"r00249",0,"SSBIT"
"209","c00009",2020-03-18,"i00210",1080,1080,2020-07-06,"r00368",0,"JQWPP"
"210","c00009",2020-03-18,"i00209",351,351,2020-03-30,"r00124",0,"ZUBSA"
"214","c00007",2020-03-19,"i00214",924,924,2020-08-23,"r00485",0,"JQWPP"
"215","c00009",2020-03-19,"i00218",748,748,2020-10-02,"r00594",0,"SSBIT"
"217","c00004",2020-03-19,"i00216",1188,1188,2020-03-19,"r00101",1,"JQWPP"
"218","c00005",2020-03-19,"i00215",1215,1215,2020-03-30,"r00125",0,"GEXDT"
"220","c00007",2020-03-20,"i00220",2070,2070,2020-05-01,"r00199",0,"JQWPP"
"221","c00007",2020-03-20,"i00221",1890,1890,2020-04-21,"r00170",0,"TQLMI"
"222","c00005",2020-03-21,"i00224",990,990,2020-03-21,"r00105",1,"SSBIT"
"223","c00003",2020-03-21,"i00225",1539,1539,2020-05-26,"r00257",0,"ZUBSA"
"225","c00008",2020-03-21,"i00223",792,792,2020-07-23,"r00405",0,"SSBIT"
"226","c00007",2020-03-22,"i00227",798,798,2020-03-22,"r00107",1,"GEXDT"
"229","c00008",2020-03-23,"i00230",990,990,2020-04-23,"r00177",0,"TQLMI"
"232","c00007",2020-03-24,"i00231",1575,1575,2020-06-29,"r00347",0,"SSBIT"
"234","c00005",2020-03-26,"i00235",1053,1053,2020-03-26,"r00114",1,"ZUBSA"
"236","c00008",2020-03-26,"i00234",1254,1254,2020-04-03,"r00137",0,"JRVPC"
"237","c00005",2020-03-28,"i00237",504,504,2020-04-09,"r00150",0,"WBOEC"
"238","c00009",2020-03-28,"i00238",1088,1088,2020-07-08,"r00376",0,"SLNEL"
"239","c00005",2020-03-29,"i00244",1254,1254,2020-06-19,"r00327",0,"ETKQW"
"240","c00005",2020-03-29,"i00239",405,405,2020-09-06,"r00516",0,"WBOEC"
"241","c00009",2020-03-29,"i00245",486,486,2020-05-14,"r00232",0,"SLNEL"
"242","c00008",2020-03-29,"i00241",1155,1155,2020-06-09,"r00301",0,"WBOEC"
"244","c00003",2020-03-29,"i00240",1170,1170,2020-04-08,"r00145",0,"JQWPP"
"245","c00007",2020-03-29,"i00242",540,540,2020-06-20,"r00328",0,"JRVPC"
"246","c00005",2020-03-30,"i00247",504,504,2020-06-01,"r00276",0,"WBOEC"
"247","c00007",2020-03-30,"i00246",972,972,2020-07-06,"r00369",0,"GEXDT"
"248","c00010",2020-03-31,"i00250",1800,1800,2020-03-31,"r00127",1,"WBOEC"
"249","c00008",2020-03-31,"i00251",1680,1680,2020-04-27,"r00189",0,"SLNEL"
"251","c00003",2020-03-31,"i00249",567,567,2020-06-16,"r00318",0,"ETKQW"
"252","c00005",2020-04-01,"i00252",432,432,2020-05-17,"r00239",0,"ZUBSA"
"253","c00003",2020-04-01,"i00253",1440,1440,2020-04-19,"r00167",0,"WBOEC"
"254","c00008",2020-04-01,"i00254",396,396,2020-04-28,"r00196",0,"JQWPP"
"255","c00001",2020-04-02,"i00255",1377,1377,2020-04-26,"r00185",0,"JQWPP"
"256","c00005",2020-04-03,"i00258",952,952,2020-06-24,"r00337",0,"JRVPC"
"257","c00010",2020-04-03,"i00256",1404,1404,2020-10-09,"r00611",0,"JRVPC"
"258","c00004",2020-04-03,"i00261",2205,2205,2020-04-14,"r00159",0,"ZUBSA"
"260","c00004",2020-04-03,"i00260",1800,1800,2020-05-26,"r00258",0,"JRVPC"
"261","c00008",2020-04-03,"i00257",462,462,2020-04-22,"r00174",0,"QWBPM"
"263","c00006",2020-04-04,"i00263",1008,1008,2020-05-01,"r00200",0,"WBOEC"
"264","c00010",2020-04-05,"i00266",1836,1836,2020-07-25,"r00413",0,"JQWPP"
"266","c00007",2020-04-05,"i00264",1056,1056,2020-08-11,"r00450",0,"SSBIT"
"267","c00009",2020-04-06,"i00267",630,630,2020-05-16,"r00237",0,"WBOEC"
"269","c00006",2020-04-07,"i00269",405,405,2020-05-12,"r00225",0,"SLNEL"
"270","c00006",2020-04-08,"i00272",396,396,2020-04-27,"r00190",0,"WBOEC"
"272","c00009",2020-04-08,"i00274",660,660,2020-04-08,"r00147",1,"TQLMI"
"273","c00007",2020-04-08,"i00273",792,792,2020-05-08,"r00216",0,"SLNEL"
"275","c00004",2020-04-10,"i00275",1458,1458,2020-06-18,"r00324",0,"ZUBSA"
"277","c00005",2020-04-10,"i00277",546,546,2020-07-25,"r00414",0,"SLNEL"
"278","c00005",2020-04-10,"i00276",1944,1944,2020-04-10,"r00152",1,"SLNEL"
"279","c00007",2020-04-11,"i00281",1680,1680,2020-06-01,"r00277",0,"JQWPP"
"281","c00009",2020-04-11,"i00279",513,513,2020-08-12,"r00452",0,"ZUBSA"
"282","c00008",2020-04-11,"i00280",900,900,2020-04-11,"r00154",1,"SSBIT"
"283","c00004",2020-04-12,"i00283",1080,1080,2020-04-23,"r00178",0,"ETKQW"
"285","c00006",2020-04-13,"i00284",990,990,2020-05-27,"r00262",0,"SSBIT"
"286","c00009",2020-04-13,"i00285",1377,1377,2020-06-14,"r00312",0,"JQWPP"
"288","c00009",2020-04-14,"i00288",1224,1224,2020-05-10,"r00219",0,"GEXDT"
"289","c00009",2020-04-14,"i00289",513,513,2020-06-01,"r00278",0,"TQLMI"
"290","c00008",2020-04-15,"i00293",864,864,2020-07-08,"r00377",0,"JRVPC"
"291","c00004",2020-04-15,"i00292",576,576,2020-05-01,"r00201",0,"SLNEL"
"292","c00010",2020-04-15,"i00290",1890,1890,2020-06-08,"r00298",0,"ZUBSA"
"293","c00004",2020-04-15,"i00291",1365,1365,2020-06-24,"r00338",0,"TQLMI"
"294","c00005",2020-04-16,"i00294",1320,1320,2020-04-27,"r00191",0,"QWBPM"
"296","c00009",2020-04-16,"i00296",1836,1836,2020-04-25,"r00182",0,"JQWPP"
"297","c00005",2020-04-17,"i00298",1428,1428,2020-07-13,"r00387",0,"JRVPC"
"298","c00007",2020-04-17,"i00297",504,504,2020-05-21,"r00246",0,"QWBPM"
"299","c00009",2020-04-18,"i00300",1980,1980,2020-09-02,"r00510",0,"WBOEC"
"300","c00003",2020-04-18,"i00301",2100,2100,2020-04-18,"r00164",1,"GEXDT"
"302","c00007",2020-04-19,"i00303",1368,1368,2020-05-15,"r00235",0,"ETKQW"
"303","c00006",2020-04-19,"i00304",1320,1320,2020-12-10,"r00772",0,"TQLMI"
"304","c00007",2020-04-19,"i00302",504,504,2021-01-31,"r00899",0,"TQLMI"
"305","c00004",2020-04-20,"i00308",1020,1020,2020-04-20,"r00169",1,"ETKQW"
"306","c00005",2020-04-20,"i00306",1944,1944,2020-04-26,"r00187",0,"SSBIT"
"309","c00007",2020-04-20,"i00309",378,378,2020-12-14,"r00782",0,"QWBPM"
"310","c00010",2020-04-21,"i00312",684,684,2020-07-03,"r00359",0,"SSBIT"
"312","c00003",2020-04-21,"i00310",2700,2700,2020-05-19,"r00244",0,"QWBPM"
"313","c00009",2020-04-22,"i00313",1296,1296,2020-05-07,"r00211",0,"JQWPP"
"314","c00009",2020-04-23,"i00315",1215,1215,2020-05-11,"r00223",0,"ZUBSA"
"315","c00010",2020-04-23,"i00314",990,990,2020-05-17,"r00240",0,"WBOEC"
"316","c00009",2020-04-23,"i00316",1188,1188,2020-06-05,"r00289",0,"QWBPM"
"318","c00009",2020-04-24,"i00318",816,816,2020-06-23,"r00333",0,"JRVPC"
"320","c00003",2020-04-24,"i00319",378,378,2020-05-27,"r00264",0,"TQLMI"
"321","c00007",2020-04-26,"i00322",576,576,2020-09-08,"r00527",0,"JRVPC"
"322","c00005",2020-04-26,"i00321",1680,1680,2020-06-16,"r00319",0,"JRVPC"
"323","c00007",2020-04-27,"i00325",1539,1539,2020-05-18,"r00243",0,"WBOEC"
"324","c00009",2020-04-27,"i00324",1188,1188,2020-06-15,"r00315",0,"GEXDT"
"325","c00004",2020-04-27,"i00326",1944,1944,2020-04-27,"r00192",1,"ZUBSA"
"327","c00008",2020-04-28,"i00327",462,462,2020-06-07,"r00296",0,"QWBPM"
"328","c00007",2020-04-28,"i00328",748,748,2020-05-02,"r00203",0,"TQLMI"
"329","c00009",2020-04-29,"i00329",432,432,2020-06-21,"r00329",0,"JQWPP"
"330","c00009",2020-04-30,"i00332",540,540,2020-07-05,"r00366",0,"TQLMI"
"331","c00010",2020-04-30,"i00333",1296,1296,2020-06-07,"r00297",0,"SLNEL"
"332","c00004",2020-04-30,"i00331",1575,1575,2020-06-23,"r00334",0,"SSBIT"
"333","c00009",2020-04-30,"i00330",990,990,2020-08-12,"r00453",0,"TQLMI"
"334","c00005",2020-05-01,"i00336",1296,1296,2020-05-12,"r00227",0,"JRVPC"
"335","c00004",2020-05-01,"i00334",1122,1122,2021-01-11,"r00855",0,"JRVPC"
"337","c00006",2020-05-02,"i00338",816,816,2020-05-24,"r00254",0,"ETKQW"
"338","c00005",2020-05-02,"i00339",378,378,2020-06-06,"r00294",0,"ETKQW"
"339","c00010",2020-05-02,"i00337",714,714,2020-06-22,"r00332",0,"ZUBSA"
"340","c00001",2020-05-03,"i00340",900,900,2020-05-27,"r00265",0,"JQWPP"
"341","c00008",2020-05-03,"i00341",1785,1785,2020-10-14,"r00626",0,"QWBPM"
"343","c00009",2020-05-04,"i00344",1386,1386,2020-11-10,"r00696",0,"WBOEC"
"344","c00007",2020-05-04,"i00343",1656,1656,2020-05-26,"r00259",0,"JRVPC"
"346","c00009",2020-05-05,"i00346",2052,2052,2020-06-03,"r00285",0,"GEXDT"
"347","c00006",2020-05-06,"i00347",462,462,2020-06-15,"r00316",0,"ETKQW"
"348","c00010",2020-05-06,"i00348",1292,1292,2021-05-04,"r00983",0,"JQWPP"
"351","c00004",2020-05-07,"i00349",324,324,2020-07-03,"r00360",0,"TQLMI"
"352","c00010",2020-05-07,"i00350",1260,1260,2020-05-07,"r00212",1,"GEXDT"
"354","c00005",2020-05-09,"i00357",924,924,2020-05-25,"r00255",0,"GEXDT"
"357","c00008",2020-05-09,"i00356",1728,1728,2020-07-19,"r00397",0,"JRVPC"
"359","c00010",2020-05-10,"i00360",1260,1260,2020-07-25,"r00415",0,"ETKQW"
"360","c00008",2020-05-10,"i00364",1122,1122,2020-05-16,"r00238",0,"TQLMI"
"361","c00004",2020-05-10,"i00362",612,612,2020-08-18,"r00471",0,"ETKQW"
"362","c00001",2020-05-10,"i00361",1680,1680,2020-07-08,"r00378",0,"WBOEC"
"363","c00008",2020-05-10,"i00359",567,567,2020-07-06,"r00370",0,"WBOEC"
"364","c00006",2020-05-10,"i00358",1156,1156,2020-06-17,"r00323",0,"SLNEL"
"365","c00008",2020-05-12,"i00365",567,567,2020-05-30,"r00271",0,"SLNEL"
"368","c00004",2020-05-13,"i00368",884,884,2020-05-30,"r00272",0,"SLNEL"
"369","c00009",2020-05-14,"i00369",540,540,2020-06-23,"r00335",0,"WBOEC"
"371","c00003",2020-05-15,"i00372",252,252,2020-08-07,"r00440",0,"JRVPC"
"372","c00005",2020-05-15,"i00371",1470,1470,2020-07-31,"r00425",0,"GEXDT"
"373","c00007",2020-05-15,"i00373",1296,1296,2020-06-02,"r00283",0,"SLNEL"
"374","c00004",2020-05-15,"i00374",1122,1122,2020-09-01,"r00505",0,"SLNEL"
"375","c00007",2020-05-16,"i00377",882,882,2020-07-11,"r00382",0,"GEXDT"
"376","c00008",2020-05-16,"i00376",1296,1296,2020-07-20,"r00401",0,"WBOEC"
"379","c00003",2020-05-18,"i00380",1530,1530,2020-08-26,"r00492",0,"JQWPP"
"380","c00005",2020-05-18,"i00379",351,351,2020-07-18,"r00396",0,"WBOEC"
"381","c00004",2020-05-19,"i00382",396,396,2020-10-16,"r00632",0,"JRVPC"
"382","c00001",2020-05-19,"i00383",1008,1008,2020-07-23,"r00406",0,"JQWPP"
"383","c00004",2020-05-19,"i00381",1470,1470,2020-06-16,"r00320",0,"ETKQW"
"385","c00003",2020-05-20,"i00384",792,792,2020-08-24,"r00487",0,"JRVPC"
"386","c00001",2020-05-21,"i00391",1785,1785,2020-05-21,"r00247",1,"JRVPC"
"387","c00007",2020-05-21,"i00386",1188,1188,2020-07-23,"r00407",0,"TQLMI"
"388","c00009",2020-05-21,"i00387",756,756,2020-06-10,"r00304",0,"TQLMI"
"389","c00007",2020-05-21,"i00389",729,729,2020-07-03,"r00361",0,"ZUBSA"
"390","c00009",2020-05-21,"i00388",1224,1224,2020-06-01,"r00280",0,"TQLMI"
"392","c00005",2020-05-22,"i00394",1056,1056,2020-05-22,"r00250",1,"GEXDT"
"393","c00004",2020-05-22,"i00392",468,468,2020-11-13,"r00701",0,"WBOEC"
"399","c00004",2020-05-23,"i00395",729,729,2020-10-26,"r00654",0,"JQWPP"
"401","c00009",2020-05-24,"i00401",1785,1785,2020-07-06,"r00371",0,"SLNEL"
"402","c00007",2020-05-24,"i00403",1368,1368,2020-06-04,"r00287",0,"SLNEL"
"403","c00007",2020-05-24,"i00402",684,684,2020-06-25,"r00342",0,"TQLMI"
"407","c00005",2020-05-26,"i00407",546,546,2020-09-17,"r00555",0,"ZUBSA"
"408","c00009",2020-05-26,"i00410",1620,1620,2020-06-09,"r00302",0,"ZUBSA"
"410","c00008",2020-05-26,"i00408",1360,1360,2020-08-05,"r00437",0,"JRVPC"
"411","c00004",2020-05-27,"i00411",1995,1995,2020-09-18,"r00559",0,"QWBPM"
"412","c00010",2020-05-27,"i00413",1728,1728,2020-06-06,"r00295",0,"GEXDT"
"413","c00008",2020-05-27,"i00412",432,432,2020-06-23,"r00336",0,"ETKQW"
"414","c00004",2020-05-28,"i00414",1188,1188,2020-06-08,"r00300",0,"QWBPM"
"415","c00005",2020-05-28,"i00415",1053,1053,2020-07-02,"r00356",0,"SLNEL"
"416","c00004",2020-05-29,"i00418",816,816,2020-05-29,"r00269",1,"JQWPP"
"417","c00008",2020-05-29,"i00417",672,672,2020-07-16,"r00394",0,"JQWPP"
"421","c00009",2020-05-30,"i00422",504,504,2020-06-04,"r00288",0,"TQLMI"
"422","c00007",2020-05-30,"i00420",1620,1620,2020-07-06,"r00372",0,"JQWPP"
"423","c00007",2020-05-31,"i00423",1368,1368,2020-08-21,"r00480",0,"QWBPM"
"425","c00007",2020-05-31,"i00425",891,891,2020-07-24,"r00412",0,"TQLMI"
"426","c00003",2020-05-31,"i00424",660,660,2020-05-31,"r00274",1,"TQLMI"
"427","c00009",2020-06-01,"i00430",1440,1440,2020-11-10,"r00697",0,"ETKQW"
"429","c00005",2020-06-01,"i00427",462,462,2020-11-19,"r00717",0,"QWBPM"
"430","c00004",2020-06-01,"i00429",351,351,2020-09-01,"r00507",0,"JRVPC"
"431","c00009",2020-06-03,"i00432",540,540,2020-08-30,"r00502",0,"SLNEL"
"432","c00003",2020-06-03,"i00431",1365,1365,2020-11-08,"r00689",0,"WBOEC"
"433","c00007",2020-06-05,"i00435",810,810,2020-07-02,"r00357",0,"TQLMI"
"435","c00004",2020-06-05,"i00433",1152,1152,2020-07-29,"r00423",0,"ZUBSA"
"436","c00009",2020-06-05,"i00434",792,792,2020-06-05,"r00291",1,"JQWPP"
"437","c00008",2020-06-06,"i00438",952,952,2020-06-18,"r00325",0,"JRVPC"
"438","c00005",2020-06-06,"i00437",756,756,2021-03-20,"r00966",0,"WBOEC"
"439","c00004",2020-06-07,"i00439",432,432,2020-06-25,"r00343",0,"WBOEC"
"440","c00009",2020-06-07,"i00440",1440,1440,2020-07-23,"r00408",0,"SLNEL"
"441","c00009",2020-06-09,"i00441",1365,1365,2020-08-02,"r00432",0,"ETKQW"
"442","c00008",2020-06-09,"i00443",504,504,2020-06-13,"r00311",0,"WBOEC"
"443","c00004",2020-06-09,"i00442",468,468,2020-07-09,"r00380",0,"GEXDT"
"444","c00007",2020-06-10,"i00444",1188,1188,2020-06-15,"r00317",0,"GEXDT"
"445","c00008",2020-06-10,"i00445",1134,1134,2020-09-05,"r00514",0,"SLNEL"
"447","c00001",2020-06-11,"i00447",798,798,2020-09-03,"r00512",0,"SLNEL"
"448","c00008",2020-06-11,"i00448",884,884,2021-02-01,"r00901",0,"JQWPP"
"450","c00009",2020-06-13,"i00450",1800,1800,2020-08-25,"r00491",0,"SSBIT"
"451","c00004",2020-06-13,"i00451",1470,1470,2020-08-22,"r00483",0,"GEXDT"
"452","c00005",2020-06-14,"i00453",864,864,2020-09-16,"r00551",0,"SLNEL"
"453","c00009",2020-06-14,"i00452",792,792,2020-07-01,"r00353",0,"SLNEL"
"454","c00007",2020-06-15,"i00455",1134,1134,2020-07-20,"r00402",0,"JRVPC"
"455","c00008",2020-06-15,"i00454",858,858,2020-07-12,"r00385",0,"WBOEC"
"456","c00002",2020-06-15,"i00458",1224,1224,2020-08-01,"r00430",0,"TQLMI"
"457","c00007",2020-06-15,"i00457",420,420,2020-07-01,"r00354",0,"SSBIT"
"458","c00007",2020-06-15,"i00456",1404,1404,2020-06-30,"r00351",0,"SSBIT"
"460","c00007",2020-06-16,"i00462",612,612,2020-06-16,"r00321",1,"GEXDT"
"463","c00009",2020-06-18,"i00463",1152,1152,2020-12-20,"r00799",0,"WBOEC"
"465","c00004",2020-06-18,"i00465",1053,1053,2020-08-22,"r00484",0,"GEXDT"
"467","c00006",2020-06-18,"i00464",594,594,2020-07-23,"r00409",0,"SSBIT"
"468","c00008",2020-06-19,"i00468",748,748,2020-08-02,"r00433",0,"SLNEL"
"469","c00007",2020-06-19,"i00470",1440,1440,2020-07-25,"r00417",0,"ZUBSA"
"470","c00010",2020-06-19,"i00469",351,351,2020-07-31,"r00427",0,"ZUBSA"
"471","c00003",2020-06-19,"i00471",1680,1680,2020-09-03,"r00513",0,"QWBPM"
"472","c00009",2020-06-21,"i00475",1053,1053,2020-07-31,"r00428",0,"JQWPP"
"473","c00005",2020-06-21,"i00473",1296,1296,2021-01-09,"r00845",0,"QWBPM"
"475","c00007",2020-06-21,"i00474",660,660,2020-06-21,"r00330",1,"JQWPP"
"476","c00010",2020-06-22,"i00477",252,252,2020-09-25,"r00576",0,"JQWPP"
"477","c00005",2020-06-22,"i00476",1836,1836,2020-08-24,"r00488",0,"ZUBSA"
"479","c00001",2020-06-23,"i00479",486,486,2020-09-15,"r00543",0,"TQLMI"
"480","c00009",2020-06-24,"i00484",528,528,2020-07-23,"r00410",0,"WBOEC"
"481","c00001",2020-06-24,"i00482",540,540,2020-07-21,"r00404",0,"SSBIT"
"482","c00006",2020-06-24,"i00481",2100,2100,2020-08-20,"r00478",0,"WBOEC"
"484","c00006",2020-06-24,"i00483",1080,1080,2020-06-24,"r00340",1,"GEXDT"
"485","c00009",2020-06-25,"i00485",1701,1701,2020-08-20,"r00479",0,"GEXDT"
"486","c00004",2020-06-26,"i00487",294,294,2020-08-28,"r00496",0,"SLNEL"
"487","c00004",2020-06-26,"i00486",1728,1728,2021-01-04,"r00839",0,"ETKQW"
"488","c00004",2020-06-27,"i00488",1088,1088,2020-11-29,"r00750",0,"GEXDT"
"490","c00010",2020-06-28,"i00490",1530,1530,2020-08-08,"r00443",0,"TQLMI"
"491","c00005",2020-06-28,"i00492",540,540,2020-06-28,"r00346",1,"QWBPM"
"493","c00006",2020-06-29,"i00494",858,858,2021-01-09,"r00846",0,"SLNEL"
"494","c00006",2020-06-29,"i00493",1008,1008,2020-09-18,"r00560",0,"ETKQW"
"496","c00008",2020-06-30,"i00497",420,420,2020-09-16,"r00552",0,"TQLMI"
"497","c00008",2020-06-30,"i00496",2052,2052,2020-07-09,"r00381",0,"JQWPP"
"498","c00008",2020-06-30,"i00498",1292,1292,2020-09-02,"r00511",0,"SSBIT"
"501","c00008",2020-07-01,"i00503",1008,1008,2020-08-14,"r00462",0,"ETKQW"
"502","c00003",2020-07-01,"i00500",1530,1530,2020-10-05,"r00602",0,"QWBPM"
"505","c00009",2020-07-02,"i00505",1134,1134,2020-07-26,"r00418",0,"JRVPC"
"506","c00008",2020-07-02,"i00506",2160,2160,2020-09-07,"r00519",0,"QWBPM"
"508","c00005",2020-07-04,"i00512",468,468,2020-08-16,"r00468",0,"QWBPM"
"511","c00003",2020-07-04,"i00510",1440,1440,2020-07-04,"r00365",1,"GEXDT"
"512","c00004",2020-07-04,"i00509",378,378,2020-07-04,"r00364",1,"ETKQW"
"513","c00007",2020-07-05,"i00514",924,924,2020-08-09,"r00446",0,"SSBIT"
"514","c00009",2020-07-05,"i00513",1152,1152,2020-09-24,"r00573",0,"JRVPC"
"515","c00005",2020-07-06,"i00515",1296,1296,2020-07-31,"r00429",0,"ZUBSA"
"516","c00008",2020-07-07,"i00519",324,324,2020-07-20,"r00403",0,"GEXDT"
"517","c00009",2020-07-07,"i00517",588,588,2020-09-08,"r00528",0,"TQLMI"
"518","c00004",2020-07-07,"i00516",1836,1836,2020-08-02,"r00434",0,"ETKQW"
"520","c00005",2020-07-08,"i00520",810,810,2020-10-29,"r00664",0,"ETKQW"
"521","c00010",2020-07-09,"i00522",540,540,2020-08-13,"r00459",0,"WBOEC"
"522","c00005",2020-07-09,"i00521",1995,1995,2020-11-24,"r00733",0,"ETKQW"
"523","c00004",2020-07-10,"i00523",648,648,2020-11-07,"r00687",0,"WBOEC"
"526","c00004",2020-07-11,"i00526",1836,1836,2020-07-17,"r00395",0,"QWBPM"
"527","c00006",2020-07-12,"i00529",297,297,2020-08-12,"r00454",0,"ZUBSA"
"529","c00007",2020-07-12,"i00528",1292,1292,2020-07-12,"r00386",1,"QWBPM"
"530","c00009",2020-07-13,"i00530",990,990,2020-08-21,"r00481",0,"JQWPP"
"534","c00008",2020-07-14,"i00535",1134,1134,2020-08-29,"r00500",0,"WBOEC"
"535","c00005",2020-07-14,"i00536",1296,1296,2020-10-01,"r00593",0,"JQWPP"
"536","c00007",2020-07-14,"i00532",360,360,2020-07-14,"r00389",1,"SLNEL"
"537","c00008",2020-07-15,"i00538",952,952,2020-09-22,"r00567",0,"ETKQW"
"538","c00008",2020-07-15,"i00537",462,462,2020-07-23,"r00411",0,"GEXDT"
"539","c00008",2020-07-15,"i00539",459,459,2020-09-06,"r00517",0,"QWBPM"
"541","c00009",2020-07-17,"i00542",576,576,2020-10-06,"r00605",0,"SLNEL"
"542","c00005",2020-07-17,"i00543",936,936,2020-10-19,"r00635",0,"ETKQW"
"543","c00004",2020-07-17,"i00541",1890,1890,2020-11-22,"r00726",0,"SSBIT"
"544","c00007",2020-07-18,"i00544",924,924,2020-09-21,"r00565",0,"ZUBSA"
"548","c00006",2020-07-20,"i00548",1224,1224,2020-07-29,"r00424",0,"WBOEC"
"549","c00005",2020-07-21,"i00549",486,486,2020-10-26,"r00655",0,"JRVPC"
"550","c00004",2020-07-22,"i00551",1365,1365,2020-08-14,"r00464",0,"JQWPP"
"551","c00008",2020-07-22,"i00552",504,504,2020-11-01,"r00670",0,"WBOEC"
"552","c00005",2020-07-22,"i00550",1080,1080,2020-09-29,"r00584",0,"ETKQW"
"553","c00010",2020-07-23,"i00553",576,576,2020-11-09,"r00693",0,"JQWPP"
"554","c00004",2020-07-23,"i00554",1254,1254,2020-10-27,"r00661",0,"SLNEL"
"555","c00005",2020-07-24,"i00556",2592,2592,2020-09-19,"r00563",0,"ZUBSA"
"556","c00003",2020-07-24,"i00555",1296,1296,2020-08-02,"r00435",0,"SLNEL"
"558","c00005",2020-07-25,"i00558",816,816,2020-09-27,"r00581",0,"TQLMI"
"559","c00004",2020-07-26,"i00560",1620,1620,2020-10-07,"r00608",0,"WBOEC"
"560","c00005",2020-07-26,"i00561",1260,1260,2020-09-14,"r00539",0,"QWBPM"
"561","c00006",2020-07-26,"i00559",513,513,2020-09-24,"r00574",0,"GEXDT"
"562","c00006",2020-07-27,"i00562",432,432,2020-12-03,"r00759",0,"WBOEC"
"563","c00005",2020-07-28,"i00568",1428,1428,2020-12-19,"r00794",0,"JQWPP"
"565","c00010",2020-07-28,"i00564",594,594,2020-07-28,"r00421",1,"ZUBSA"
"566","c00003",2020-07-28,"i00565",1215,1215,2020-09-23,"r00568",0,"SSBIT"
"568","c00003",2020-07-28,"i00563",1008,1008,2020-08-18,"r00473",0,"WBOEC"
"569","c00004",2020-07-28,"i00569",486,486,2020-09-09,"r00529",0,"SSBIT"
"570","c00006",2020-07-29,"i00570",1260,1260,2020-10-11,"r00616",0,"SLNEL"
"571","c00008",2020-07-30,"i00571",1890,1890,2020-08-28,"r00497",0,"JQWPP"
"572","c00005",2020-07-31,"i00572",324,324,2020-10-10,"r00614",0,"JRVPC"
"573","c00002",2020-08-01,"i00575",1296,1296,2021-01-11,"r00856",0,"QWBPM"
"575","c00006",2020-08-01,"i00573",1224,1224,2021-02-05,"r00917",0,"ZUBSA"
"577","c00009",2020-08-02,"i00576",1296,1296,2020-09-12,"r00536",0,"WBOEC"
"579","c00007",2020-08-03,"i00580",990,990,2020-10-11,"r00617",0,"ETKQW"
"581","c00009",2020-08-04,"i00581",1470,1470,2020-10-25,"r00647",0,"JQWPP"
"582","c00001",2020-08-05,"i00586",1620,1620,2020-10-29,"r00665",0,"QWBPM"
"585","c00006",2020-08-05,"i00584",1056,1056,2020-10-19,"r00636",0,"JRVPC"
"587","c00004",2020-08-06,"i00589",459,459,2021-01-13,"r00859",0,"SSBIT"
"588","c00009",2020-08-06,"i00587",756,756,2020-08-16,"r00470",0,"QWBPM"
"589","c00003",2020-08-06,"i00588",816,816,2020-09-10,"r00530",0,"JQWPP"
"590","c00007",2020-08-07,"i00590",1530,1530,2020-10-05,"r00603",0,"JRVPC"
"591","c00004",2020-08-07,"i00591",1470,1470,2021-01-21,"r00875",0,"SLNEL"
"592","c00007",2020-08-08,"i00593",1008,1008,2020-08-08,"r00444",1,"ZUBSA"
"594","c00006",2020-08-08,"i00594",924,924,2020-11-17,"r00712",0,"TQLMI"
"597","c00008",2020-08-10,"i00596",1944,1944,2020-08-10,"r00449",1,"SSBIT"
"598","c00004",2020-08-11,"i00598",1224,1224,2020-08-28,"r00498",0,"WBOEC"
"601","c00007",2020-08-12,"i00602",252,252,2020-08-12,"r00456",1,"TQLMI"
"605","c00007",2020-08-13,"i00604",1254,1254,2020-08-13,"r00461",1,"JQWPP"
"606","c00007",2020-08-14,"i00606",1620,1620,2021-03-01,"r00946",0,"SSBIT"
"607","c00006",2020-08-14,"i00607",588,588,2020-12-16,"r00790",0,"QWBPM"
"608","c00008",2020-08-14,"i00608",1156,1156,2020-09-21,"r00566",0,"ZUBSA"
"609","c00004",2020-08-15,"i00611",1575,1575,2020-08-23,"r00486",0,"SLNEL"
"611","c00003",2020-08-15,"i00610",1260,1260,2020-08-18,"r00474",0,"ETKQW"
"612","c00005",2020-08-15,"i00609",432,432,2020-11-15,"r00706",0,"SLNEL"
"613","c00005",2020-08-15,"i00613",1368,1368,2020-12-15,"r00787",0,"ETKQW"
"614","c00009",2020-08-16,"i00614",1254,1254,2020-09-06,"r00518",0,"JRVPC"
"615","c00007",2020-08-16,"i00615",1458,1458,2020-11-09,"r00694",0,"JRVPC"
"616","c00009",2020-08-17,"i00617",756,756,2020-10-12,"r00618",0,"ZUBSA"
"618","c00009",2020-08-17,"i00616",1188,1188,2020-09-05,"r00515",0,"ETKQW"
"619","c00007",2020-08-18,"i00619",351,351,2021-01-03,"r00838",0,"WBOEC"
"622","c00004",2020-08-20,"i00622",828,828,2020-09-29,"r00585",0,"TQLMI"
"623","c00003",2020-08-21,"i00623",864,864,2021-03-06,"r00953",0,"GEXDT"
"624","c00006",2020-08-21,"i00624",1056,1056,2020-11-09,"r00695",0,"JQWPP"
"625","c00006",2020-08-21,"i00625",891,891,2020-09-11,"r00532",0,"JQWPP"
"626","c00006",2020-08-22,"i00626",972,972,2020-12-04,"r00761",0,"QWBPM"
"627","c00004",2020-08-22,"i00627",588,588,2020-09-07,"r00521",0,"ETKQW"
"628","c00010",2020-08-22,"i00628",1156,1156,2020-09-14,"r00541",0,"SSBIT"
"629","c00004",2020-08-23,"i00631",1785,1785,2020-11-18,"r00714",0,"GEXDT"
"630","c00010",2020-08-23,"i00630",1530,1530,2021-01-23,"r00886",0,"JRVPC"
"631","c00005",2020-08-23,"i00633",1296,1296,2020-10-03,"r00598",0,"QWBPM"
"632","c00005",2020-08-23,"i00632",576,576,2020-09-23,"r00569",0,"JRVPC"
"633","c00006",2020-08-23,"i00629",540,540,2020-11-13,"r00702",0,"SLNEL"
"634","c00007",2020-08-24,"i00638",1224,1224,2020-09-13,"r00538",0,"ETKQW"
"637","c00004",2020-08-24,"i00637",672,672,2020-10-12,"r00619",0,"TQLMI"
"638","c00010",2020-08-24,"i00636",1836,1836,2020-08-24,"r00490",1,"TQLMI"
"639","c00009",2020-08-25,"i00641",1260,1260,2020-10-25,"r00648",0,"QWBPM"
"640","c00008",2020-08-25,"i00639",324,324,2020-09-10,"r00531",0,"SSBIT"
"641","c00005",2020-08-25,"i00640",1530,1530,2020-10-26,"r00656",0,"JRVPC"
"642","c00005",2020-08-26,"i00642",540,540,2020-10-21,"r00640",0,"QWBPM"
"643","c00005",2020-08-26,"i00645",891,891,2020-10-17,"r00633",0,"SSBIT"
"644","c00003",2020-08-26,"i00647",714,714,2020-11-12,"r00700",0,"JRVPC"
"645","c00004",2020-08-26,"i00646",1728,1728,2020-11-13,"r00703",0,"WBOEC"
"646","c00003",2020-08-26,"i00643",936,936,2020-10-04,"r00601",0,"ETKQW"
"647","c00007",2020-08-26,"i00644",858,858,2020-12-31,"r00829",0,"WBOEC"
"649","c00005",2020-08-27,"i00648",748,748,2020-08-27,"r00494",1,"TQLMI"
"650","c00004",2020-08-29,"i00651",1155,1155,2020-11-14,"r00704",0,"WBOEC"
"651","c00006",2020-08-29,"i00655",1458,1458,2020-08-29,"r00501",1,"SSBIT"
"652","c00007",2020-08-29,"i00650",2250,2250,2020-09-17,"r00557",0,"SSBIT"
"653","c00001",2020-08-29,"i00654",990,990,2020-09-15,"r00544",0,"ETKQW"
"654","c00009",2020-08-29,"i00653",1512,1512,2021-01-10,"r00850",0,"SSBIT"
"656","c00009",2020-08-30,"i00656",1944,1944,2020-10-15,"r00629",0,"ETKQW"
"658","c00005",2020-08-30,"i00657",882,882,2020-09-14,"r00542",0,"TQLMI"
"660","c00007",2020-08-30,"i00659",324,324,2020-08-30,"r00503",1,"QWBPM"
"662","c00004",2020-08-31,"i00663",1080,1080,2020-10-12,"r00620",0,"WBOEC"
"663","c00007",2020-08-31,"i00661",1365,1365,2020-08-31,"r00504",1,"JRVPC"
"664","c00002",2020-09-01,"i00664",660,660,2021-01-20,"r00871",0,"ETKQW"
"665","c00007",2020-09-02,"i00665",729,729,2020-09-11,"r00533",0,"JRVPC"
"666","c00004",2020-09-03,"i00667",672,672,2020-11-22,"r00727",0,"SSBIT"
"667","c00008",2020-09-03,"i00669",297,297,2020-10-13,"r00623",0,"ZUBSA"
"668","c00009",2020-09-03,"i00666",1836,1836,2020-10-13,"r00622",0,"ETKQW"
"670","c00004",2020-09-03,"i00668",1496,1496,2021-01-14,"r00861",0,"TQLMI"
"671","c00009",2020-09-04,"i00672",468,468,2020-09-29,"r00586",0,"QWBPM"
"672","c00010",2020-09-04,"i00674",1518,1518,2020-10-19,"r00637",0,"WBOEC"
"673","c00009",2020-09-04,"i00673",2088,2088,2020-09-07,"r00523",0,"WBOEC"
"674","c00008",2020-09-04,"i00675",972,972,2021-02-20,"r00937",0,"JRVPC"
"675","c00010",2020-09-04,"i00671",1680,1680,2020-10-25,"r00649",0,"ETKQW"
"676","c00005",2020-09-05,"i00678",952,952,2020-09-17,"r00558",0,"GEXDT"
"677","c00003",2020-09-05,"i00679",405,405,2020-10-14,"r00627",0,"SSBIT"
"678","c00004",2020-09-05,"i00677",714,714,2020-11-04,"r00679",0,"WBOEC"
"679","c00007",2020-09-05,"i00676",2268,2268,2020-09-20,"r00564",0,"TQLMI"
"681","c00006",2020-09-07,"i00681",1680,1680,2021-01-14,"r00862",0,"TQLMI"
"683","c00004",2020-09-08,"i00683",1152,1152,2020-09-30,"r00590",0,"SSBIT"
"684","c00004",2020-09-08,"i00685",1377,1377,2020-11-05,"r00682",0,"ZUBSA"
"686","c00004",2020-09-10,"i00686",1188,1188,2020-12-27,"r00818",0,"ZUBSA"
"687","c00007",2020-09-10,"i00687",798,798,2020-10-20,"r00639",0,"ZUBSA"
"689","c00009",2020-09-12,"i00691",1155,1155,2020-11-20,"r00720",0,"JRVPC"
"690","c00001",2020-09-12,"i00690",1710,1710,2021-01-21,"r00876",0,"QWBPM"
"691","c00010",2020-09-12,"i00689",432,432,2020-09-24,"r00575",0,"ZUBSA"
"692","c00003",2020-09-12,"i00692",540,540,2020-09-25,"r00578",0,"JRVPC"
"693","c00009",2020-09-13,"i00693",1152,1152,2020-10-30,"r00666",0,"SSBIT"
"699","c00007",2020-09-16,"i00700",810,810,2020-11-26,"r00740",0,"GEXDT"
"700","c00005",2020-09-16,"i00702",432,432,2020-11-05,"r00683",0,"WBOEC"
"701","c00006",2020-09-16,"i00699",405,405,2020-12-11,"r00774",0,"ZUBSA"
"702","c00009",2020-09-16,"i00701",1470,1470,2020-09-27,"r00582",0,"JRVPC"
"703","c00008",2020-09-17,"i00703",576,576,2021-01-30,"r00898",0,"ETKQW"
"704","c00005",2020-09-17,"i00704",396,396,2020-10-26,"r00657",0,"ETKQW"
"706","c00003",2020-09-18,"i00705",648,648,2020-09-18,"r00562",1,"JQWPP"
"707","c00009",2020-09-19,"i00707",504,504,2020-10-02,"r00597",0,"SSBIT"
"708","c00009",2020-09-19,"i00708",952,952,2020-09-29,"r00587",0,"SSBIT"
"709","c00008",2020-09-19,"i00709",270,270,2020-11-23,"r00732",0,"SSBIT"
"710","c00006",2020-09-20,"i00712",252,252,2020-12-28,"r00821",0,"JRVPC"
"711","c00004",2020-09-20,"i00713",576,576,2021-02-03,"r00912",0,"ZUBSA"
"712","c00007",2020-09-20,"i00710",1620,1620,2020-10-25,"r00650",0,"QWBPM"
"713","c00006",2020-09-20,"i00711",1155,1155,2020-12-23,"r00806",0,"WBOEC"
"714","c00006",2020-09-21,"i00714",1320,1320,2020-12-02,"r00757",0,"GEXDT"
"715","c00003",2020-09-22,"i00716",1080,1080,2020-10-15,"r00630",0,"SSBIT"
"716","c00009",2020-09-22,"i00715",1539,1539,2020-11-03,"r00674",0,"ZUBSA"
"717","c00009",2020-09-22,"i00718",1292,1292,2020-11-21,"r00723",0,"JQWPP"
"718","c00001",2020-09-22,"i00717",672,672,2021-02-22,"r00938",0,"WBOEC"
"719","c00009",2020-09-23,"i00720",1260,1260,2020-09-23,"r00571",1,"ZUBSA"
"722","c00007",2020-09-24,"i00722",684,684,2020-10-10,"r00615",0,"TQLMI"
"723","c00008",2020-09-25,"i00724",792,792,2020-12-14,"r00783",0,"WBOEC"
"724","c00009",2020-09-25,"i00723",1224,1224,2020-11-03,"r00675",0,"SSBIT"
"726","c00007",2020-09-25,"i00726",1620,1620,2020-12-13,"r00780",0,"WBOEC"
"727","c00005",2020-09-25,"i00727",504,504,2021-02-02,"r00907",0,"GEXDT"
"728","c00010",2020-09-26,"i00728",1088,1088,2021-02-02,"r00908",0,"ZUBSA"
"729","c00003",2020-09-27,"i00729",243,243,2020-11-02,"r00672",0,"TQLMI"
"730","c00003",2020-09-27,"i00730",1620,1620,2020-10-27,"r00662",0,"SLNEL"
"731","c00007",2020-09-28,"i00731",1575,1575,2020-11-03,"r00676",0,"ETKQW"
"732","c00004",2020-09-28,"i00732",576,576,2020-11-24,"r00734",0,"ETKQW"
"735","c00010",2020-09-30,"i00736",1620,1620,2020-12-18,"r00793",0,"WBOEC"
"736","c00009",2020-09-30,"i00735",1458,1458,2020-11-07,"r00688",0,"ZUBSA"
"737","c00008",2020-10-01,"i00737",714,714,2020-12-11,"r00775",0,"TQLMI"
"738","c00007",2020-10-01,"i00738",1088,1088,2021-04-25,"r00981",0,"SLNEL"
"739","c00005",2020-10-02,"i00739",297,297,2020-10-21,"r00641",0,"WBOEC"
"741","c00009",2020-10-03,"i00743",1080,1080,2020-10-03,"r00600",1,"ZUBSA"
"744","c00007",2020-10-03,"i00745",1215,1215,2021-02-02,"r00909",0,"ETKQW"
"746","c00009",2020-10-03,"i00746",1620,1620,2020-11-24,"r00735",0,"ZUBSA"
"747","c00004",2020-10-03,"i00740",1800,1800,2020-12-30,"r00823",0,"JQWPP"
"748","c00005",2020-10-04,"i00749",432,432,2021-02-03,"r00913",0,"JQWPP"
"749","c00009",2020-10-04,"i00751",840,840,2020-12-19,"r00796",0,"ETKQW"
"750","c00005",2020-10-04,"i00748",1292,1292,2021-02-18,"r00933",0,"JRVPC"
"751","c00008",2020-10-04,"i00750",1530,1530,2020-10-26,"r00658",0,"TQLMI"
"753","c00004",2020-10-06,"i00756",1080,1080,2020-11-14,"r00705",0,"SLNEL"
"755","c00005",2020-10-06,"i00754",1188,1188,2020-10-06,"r00606",1,"ETKQW"
"756","c00003",2020-10-06,"i00757",840,840,2020-10-06,"r00607",1,"GEXDT"
"759","c00009",2020-10-06,"i00760",900,900,2020-10-24,"r00645",0,"JQWPP"
"761","c00008",2020-10-06,"i00755",1134,1134,2021-02-04,"r00915",0,"JRVPC"
"762","c00007",2020-10-07,"i00764",1188,1188,2020-10-07,"r00609",1,"ZUBSA"
"763","c00005",2020-10-07,"i00763",1152,1152,2020-11-18,"r00715",0,"JQWPP"
"765","c00009",2020-10-07,"i00765",1458,1458,2020-11-26,"r00741",0,"JQWPP"
"766","c00004",2020-10-07,"i00767",840,840,2020-11-05,"r00684",0,"TQLMI"
"767","c00008",2020-10-07,"i00762",684,684,2020-11-28,"r00747",0,"GEXDT"
"768","c00007",2020-10-08,"i00768",884,884,2020-12-21,"r00803",0,"ETKQW"
"769","c00005",2020-10-08,"i00769",486,486,2021-08-11,"r00998",0,"ETKQW"
"770","c00009",2020-10-08,"i00770",630,630,2021-06-22,"r00994",0,"SLNEL"
"773","c00009",2020-10-09,"i00773",720,720,2020-11-16,"r00707",0,"QWBPM"
"774","c00009",2020-10-09,"i00774",924,924,2021-04-12,"r00977",0,"ETKQW"
"775","c00010",2020-10-10,"i00779",270,270,2021-01-10,"r00851",0,"JRVPC"
"777","c00004",2020-10-10,"i00778",612,612,2021-01-07,"r00841",0,"WBOEC"
"778","c00004",2020-10-10,"i00775",1215,1215,2021-05-16,"r00988",0,"SLNEL"
"779","c00005",2020-10-10,"i00777",756,756,2021-01-20,"r00872",0,"TQLMI"
"780","c00006",2020-10-11,"i00781",1365,1365,2020-11-26,"r00742",0,"ZUBSA"
"781","c00010",2020-10-11,"i00780",1530,1530,2020-11-19,"r00718",0,"GEXDT"
"782","c00009",2020-10-12,"i00783",504,504,2020-10-12,"r00621",1,"JQWPP"
"786","c00004",2020-10-16,"i00787",378,378,2020-12-13,"r00781",0,"TQLMI"
"787","c00009",2020-10-16,"i00786",1944,1944,2021-03-03,"r00951",0,"JRVPC"
"789","c00007",2020-10-17,"i00792",684,684,2020-12-22,"r00805",0,"ZUBSA"
"790","c00004",2020-10-17,"i00791",2835,2835,2020-11-03,"r00677",0,"JRVPC"
"791","c00008",2020-10-17,"i00789",405,405,2021-03-12,"r00958",0,"JQWPP"
"792","c00003",2020-10-17,"i00790",1170,1170,2021-01-18,"r00867",0,"JQWPP"
"794","c00003",2020-10-18,"i00797",1176,1176,2021-03-20,"r00967",0,"ZUBSA"
"796","c00005",2020-10-18,"i00796",1728,1728,2020-11-03,"r00678",0,"JRVPC"
"798","c00008",2020-10-19,"i00798",952,952,2021-04-03,"r00973",0,"QWBPM"
"799","c00005",2020-10-19,"i00802",540,540,2021-02-03,"r00914",0,"WBOEC"
"801","c00005",2020-10-19,"i00799",216,216,2020-11-28,"r00748",0,"SSBIT"
"802","c00009",2020-10-19,"i00800",540,540,2020-10-19,"r00638",1,"GEXDT"
"803","c00008",2020-10-20,"i00803",936,936,2021-01-18,"r00868",0,"ZUBSA"
"804","c00009",2020-10-20,"i00804",1056,1056,2020-12-09,"r00770",0,"ZUBSA"
"805","c00007",2020-10-21,"i00805",891,891,2021-01-21,"r00877",0,"SLNEL"
"806","c00005",2020-10-21,"i00808",680,680,2021-01-02,"r00835",0,"GEXDT"
"807","c00007",2020-10-21,"i00806",1728,1728,2020-11-20,"r00721",0,"ETKQW"
"808","c00007",2020-10-21,"i00807",966,966,2021-01-18,"r00869",0,"WBOEC"
"809","c00004",2020-10-22,"i00809",459,459,2021-01-23,"r00887",0,"SSBIT"
"810","c00005",2020-10-23,"i00810",1260,1260,2020-12-31,"r00830",0,"QWBPM"
"811","c00009",2020-10-23,"i00811",1890,1890,2020-12-01,"r00754",0,"QWBPM"
"812","c00007",2020-10-24,"i00813",1152,1152,2020-10-24,"r00646",1,"SSBIT"
"814","c00007",2020-10-24,"i00814",1188,1188,2021-01-08,"r00843",0,"SLNEL"
"815","c00008",2020-10-25,"i00815",1215,1215,2021-02-10,"r00924",0,"GEXDT"
"818","c00005",2020-10-26,"i00817",672,672,2020-10-26,"r00659",1,"SSBIT"
"820","c00007",2020-10-27,"i00822",468,468,2020-12-23,"r00808",0,"ETKQW"
"821","c00003",2020-10-27,"i00821",1680,1680,2021-02-05,"r00918",0,"SLNEL"
"823","c00003",2020-10-28,"i00824",1122,1122,2021-08-23,"r00999",0,"ETKQW"
"824","c00003",2020-10-28,"i00823",1440,1440,2020-12-04,"r00763",0,"ETKQW"
"826","c00004",2020-10-29,"i00825",1296,1296,2021-02-22,"r00939",0,"QWBPM"
"827","c00003",2020-10-29,"i00826",2268,2268,2020-11-21,"r00724",0,"SSBIT"
"828","c00003",2020-10-30,"i00831",1050,1050,2021-01-02,"r00836",0,"GEXDT"
"829","c00007",2020-10-30,"i00829",486,486,2020-12-01,"r00755",0,"ZUBSA"
"830","c00005",2020-10-30,"i00832",504,504,2021-01-15,"r00863",0,"JRVPC"
"831","c00009",2020-10-30,"i00828",1224,1224,2021-02-24,"r00941",0,"ZUBSA"
"835","c00010",2020-11-01,"i00835",1458,1458,2020-11-10,"r00698",0,"SLNEL"
"836","c00009",2020-11-02,"i00836",1404,1404,2020-12-30,"r00824",0,"JQWPP"
"837","c00004",2020-11-02,"i00837",672,672,2020-11-16,"r00708",0,"GEXDT"
"838","c00010",2020-11-03,"i00838",1224,1224,2020-11-19,"r00719",0,"SSBIT"
"842","c00005",2020-11-05,"i00843",1512,1512,2020-11-05,"r00686",1,"QWBPM"
"845","c00006",2020-11-06,"i00845",567,567,2020-11-28,"r00749",0,"ZUBSA"
"846","c00006",2020-11-07,"i00847",420,420,2020-11-25,"r00738",0,"JQWPP"
"847","c00004",2020-11-07,"i00846",1404,1404,2021-01-10,"r00852",0,"JQWPP"
"848","c00010",2020-11-08,"i00849",486,486,2020-11-08,"r00692",1,"WBOEC"
"851","c00010",2020-11-09,"i00850",1710,1710,2020-12-09,"r00771",0,"SSBIT"
"852","c00003",2020-11-10,"i00852",504,504,2021-01-27,"r00892",0,"TQLMI"
"853","c00009",2020-11-10,"i00853",1224,1224,2020-11-25,"r00739",0,"QWBPM"
"854","c00003",2020-11-10,"i00854",660,660,2021-03-11,"r00957",0,"SLNEL"
"855","c00001",2020-11-11,"i00855",1134,1134,2020-12-12,"r00779",0,"SLNEL"
"856","c00010",2020-11-12,"i00856",2052,2052,2020-12-31,"r00831",0,"SLNEL"
"857","c00004",2020-11-13,"i00859",351,351,2021-05-15,"r00987",0,"TQLMI"
"858","c00010",2020-11-13,"i00857",672,672,2021-01-10,"r00853",0,"ETKQW"
"859","c00004",2020-11-13,"i00858",884,884,2020-12-27,"r00819",0,"TQLMI"
"860","c00002",2020-11-14,"i00861",1050,1050,2020-12-07,"r00767",0,"SLNEL"
"861","c00005",2020-11-14,"i00860",1350,1350,2020-11-20,"r00722",0,"GEXDT"
"862","c00006",2020-11-15,"i00863",936,936,2021-02-01,"r00902",0,"JQWPP"
"863","c00010",2020-11-15,"i00862",576,576,2021-03-12,"r00959",0,"ZUBSA"
"864","c00008",2020-11-15,"i00864",924,924,2020-12-14,"r00785",0,"ZUBSA"
"866","c00004",2020-11-16,"i00866",1836,1836,2021-02-28,"r00944",0,"GEXDT"
"868","c00009",2020-11-16,"i00868",680,680,2020-11-26,"r00743",0,"SLNEL"
"870","c00005",2020-11-17,"i00871",1785,1785,2020-12-16,"r00791",0,"TQLMI"
"871","c00004",2020-11-17,"i00872",612,612,2021-02-17,"r00932",0,"TQLMI"
"872","c00010",2020-11-17,"i00870",2430,2430,2021-03-01,"r00948",0,"ZUBSA"
"873","c00009",2020-11-18,"i00873",1296,1296,2020-11-26,"r00744",0,"JQWPP"
"876","c00009",2020-11-19,"i00877",546,546,2020-12-01,"r00756",0,"SLNEL"
"878","c00008",2020-11-20,"i00878",1564,1564,2020-12-19,"r00797",0,"WBOEC"
"879","c00009",2020-11-21,"i00881",1995,1995,2020-11-21,"r00725",1,"TQLMI"
"880","c00007",2020-11-21,"i00879",378,378,2021-01-09,"r00848",0,"SLNEL"
"884","c00009",2020-11-22,"i00883",1080,1080,2021-01-29,"r00895",0,"ZUBSA"
"887","c00007",2020-11-22,"i00885",972,972,2020-12-06,"r00764",0,"SLNEL"
"889","c00004",2020-11-23,"i00890",1260,1260,2020-12-11,"r00777",0,"QWBPM"
"892","c00005",2020-11-24,"i00891",1470,1470,2020-11-24,"r00736",1,"SLNEL"
"893","c00007",2020-11-25,"i00894",924,924,2021-01-06,"r00840",0,"WBOEC"
"894","c00007",2020-11-25,"i00893",1008,1008,2021-02-14,"r00930",0,"SLNEL"
"895","c00008",2020-11-26,"i00895",1134,1134,2021-01-15,"r00864",0,"ETKQW"
"896","c00005",2020-11-26,"i00896",1404,1404,2020-12-08,"r00769",0,"WBOEC"
"897","c00008",2020-11-27,"i00899",351,351,2021-03-21,"r00968",0,"GEXDT"
"900","c00005",2020-11-27,"i00901",2100,2100,2020-11-27,"r00746",1,"ETKQW"
"902","c00007",2020-11-27,"i00902",432,432,2021-03-04,"r00952",0,"QWBPM"
"903","c00009",2020-11-28,"i00903",1368,1368,2020-12-06,"r00765",0,"JQWPP"
"905","c00010",2020-11-30,"i00905",1863,1863,2021-02-01,"r00903",0,"SLNEL"
"906","c00005",2020-11-30,"i00908",1156,1156,2021-04-15,"r00978",0,"QWBPM"
"907","c00006",2020-11-30,"i00906",1080,1080,2021-04-07,"r00975",0,"JQWPP"
"908","c00003",2020-11-30,"i00907",546,546,2021-01-08,"r00844",0,"ETKQW"
"911","c00008",2020-12-02,"i00913",1296,1296,2021-01-21,"r00878",0,"ETKQW"
"912","c00006",2020-12-02,"i00911",1365,1365,2021-01-22,"r00881",0,"WBOEC"
"914","c00009",2020-12-03,"i00914",1056,1056,2021-01-22,"r00882",0,"WBOEC"
"917","c00006",2020-12-05,"i00917",420,420,2021-02-11,"r00926",0,"WBOEC"
"918","c00009",2020-12-05,"i00920",1620,1620,2021-05-20,"r00989",0,"JQWPP"
"919","c00007",2020-12-05,"i00918",952,952,2021-01-27,"r00894",0,"TQLMI"
"920","c00005",2020-12-05,"i00919",378,378,2020-12-19,"r00798",0,"JQWPP"
"921","c00004",2020-12-06,"i00924",1386,1386,2020-12-06,"r00766",1,"GEXDT"
"922","c00006",2020-12-06,"i00921",1575,1575,2021-01-21,"r00879",0,"GEXDT"
"925","c00005",2020-12-06,"i00925",1215,1215,2021-02-25,"r00942",0,"GEXDT"
"926","c00003",2020-12-06,"i00923",1368,1368,2020-12-20,"r00801",0,"JRVPC"
"927","c00010",2020-12-07,"i00928",1156,1156,2021-01-15,"r00865",0,"SSBIT"
"928","c00003",2020-12-07,"i00927",882,882,2021-02-13,"r00928",0,"TQLMI"
"929","c00005",2020-12-08,"i00929",270,270,2021-02-05,"r00919",0,"GEXDT"
"930","c00004",2020-12-08,"i00930",1440,1440,2020-12-20,"r00802",0,"ZUBSA"
"931","c00007",2020-12-09,"i00933",864,864,2021-01-20,"r00874",0,"SLNEL"
"932","c00010",2020-12-09,"i00931",1785,1785,2021-01-22,"r00883",0,"WBOEC"
"933","c00005",2020-12-09,"i00934",726,726,2021-08-28,"r01000",0,"GEXDT"
"934","c00005",2020-12-09,"i00932",396,396,2020-12-25,"r00814",0,"JRVPC"
"935","c00001",2020-12-10,"i00935",810,810,2021-03-30,"r00971",0,"GEXDT"
"937","c00008",2020-12-10,"i00937",462,462,2021-01-24,"r00890",0,"SSBIT"
"938","c00008",2020-12-11,"i00938",1156,1156,2021-01-29,"r00897",0,"SSBIT"
"939","c00008",2020-12-12,"i00941",1155,1155,2021-03-02,"r00949",0,"ETKQW"
"940","c00004",2020-12-12,"i00940",1260,1260,2021-02-19,"r00934",0,"TQLMI"
"941","c00006",2020-12-12,"i00939",459,459,2021-01-12,"r00858",0,"SSBIT"
"942","c00009",2020-12-12,"i00942",936,936,2021-04-24,"r00980",0,"ETKQW"
"943","c00009",2020-12-13,"i00946",1620,1620,2020-12-25,"r00815",0,"SSBIT"
"944","c00008",2020-12-13,"i00944",1056,1056,2021-04-05,"r00974",0,"SSBIT"
"945","c00009",2020-12-13,"i00943",1296,1296,2021-02-04,"r00916",0,"SLNEL"
"946","c00004",2020-12-13,"i00945",972,972,2021-02-09,"r00923",0,"GEXDT"
"948","c00004",2020-12-14,"i00948",1020,1020,2021-02-07,"r00921",0,"JRVPC"
"949","c00007",2020-12-15,"i00951",525,525,2020-12-15,"r00789",1,"JRVPC"
"950","c00005",2020-12-15,"i00950",1620,1620,2021-01-18,"r00870",0,"TQLMI"
"952","c00009",2020-12-15,"i00952",396,396,2021-01-13,"r00860",0,"GEXDT"
"953","c00007",2020-12-16,"i00954",1122,1122,2021-01-26,"r00891",0,"JRVPC"
"955","c00007",2020-12-17,"i00957",378,378,2021-01-11,"r00857",0,"JRVPC"
"956","c00005",2020-12-17,"i00960",1530,1530,2021-03-28,"r00969",0,"SLNEL"
"961","c00006",2020-12-18,"i00962",468,468,2021-02-19,"r00936",0,"ETKQW"
"962","c00008",2020-12-18,"i00964",858,858,2021-01-10,"r00854",0,"TQLMI"
"963","c00004",2020-12-18,"i00965",1053,1053,2021-02-28,"r00945",0,"ZUBSA"
"964","c00004",2020-12-18,"i00963",1224,1224,2021-02-15,"r00931",0,"GEXDT"
"965","c00006",2020-12-18,"i00961",1680,1680,2021-03-18,"r00964",0,"TQLMI"
"966","c00006",2020-12-19,"i00966",2052,2052,2021-02-02,"r00910",0,"SSBIT"
"967","c00008",2020-12-19,"i00968",816,816,2021-03-12,"r00960",0,"SLNEL"
"968","c00008",2020-12-19,"i00967",714,714,2021-02-13,"r00929",0,"WBOEC"
"969","c00008",2020-12-21,"i00970",1080,1080,2020-12-21,"r00804",1,"JQWPP"
"971","c00009",2020-12-22,"i00973",720,720,2021-05-11,"r00985",0,"JQWPP"
"972","c00005",2020-12-22,"i00972",504,504,2021-04-10,"r00976",0,"ETKQW"
"973","c00006",2020-12-22,"i00971",2625,2625,2021-02-01,"r00904",0,"TQLMI"
"974","c00007",2020-12-22,"i00974",1056,1056,2020-12-26,"r00817",0,"SLNEL"
"975","c00003",2020-12-23,"i00975",1539,1539,2020-12-25,"r00816",0,"JRVPC"
"977","c00007",2020-12-24,"i00976",1296,1296,2020-12-24,"r00811",1,"JRVPC"
"978","c00005",2020-12-24,"i00978",1156,1156,2021-01-01,"r00834",0,"JRVPC"
"979","c00007",2020-12-26,"i00979",432,432,2021-02-01,"r00906",0,"SSBIT"
"980","c00009",2020-12-26,"i00980",1260,1260,2021-03-08,"r00956",0,"QWBPM"
"981","c00007",2020-12-27,"i00981",1050,1050,2021-01-09,"r00849",0,"SSBIT"
"982","c00005",2020-12-27,"i00983",1080,1080,2021-05-13,"r00986",0,"JQWPP"
"983","c00009",2020-12-27,"i00982",468,468,2021-04-30,"r00982",0,"ZUBSA"
"984","c00007",2020-12-28,"i00984",924,924,2021-03-06,"r00954",0,"TQLMI"
"986","c00005",2020-12-28,"i00985",1296,1296,2020-12-28,"r00822",1,"JQWPP"
"987","c00005",2020-12-28,"i00986",1620,1620,2021-02-02,"r00911",0,"SLNEL"
"989","c00006",2020-12-29,"i00990",1620,1620,2021-04-01,"r00972",0,"ETKQW"
"990","c00004",2020-12-29,"i00989",432,432,2021-07-27,"r00997",0,"ZUBSA"
"992","c00006",2020-12-30,"i00992",468,468,2021-02-05,"r00920",0,"SLNEL"
"996","c00007",2020-12-30,"i00996",1728,1728,2021-05-27,"r00991",0,"TQLMI"
"998","c00006",2020-12-31,"i00999",270,270,2021-01-22,"r00885",0,"ZUBSA"
"1000","c00003",2020-12-31,"i00998",748,748,2021-02-08,"r00922",0,"TQLMI"
"813","c00005",2020-01-30,"i00086",1728,1728,2020-05-15,"r00234",0,"JQWPP"
"891","c00007",2020-02-01,"i00090",1440,1440,2020-02-01,"r00023",1,"QWBPM"
"1571","c00005",2020-02-28,"i00157",420,420,2020-04-19,"r00166",0,"WBOEC"
"2151","c00009",2020-03-19,"i00218",748,748,2020-10-02,"r00594",0,"SSBIT"
"2201","c00007",2020-03-20,"i00220",2070,2070,2020-05-01,"r00199",0,"JQWPP"
"2261","c00007",2020-03-22,"i00227",798,798,2020-03-22,"r00107",1,"GEXDT"
"2521","c00005",2020-04-01,"i00252",432,432,2020-05-17,"r00239",0,"ZUBSA"
"3301","c00009",2020-04-30,"i00332",540,540,2020-07-05,"r00366",0,"TQLMI"
"3351","c00004",2020-05-01,"i00334",1122,1122,2021-01-11,"r00855",0,"JRVPC"
"4031","c00007",2020-05-24,"i00402",684,684,2020-06-25,"r00342",0,"TQLMI"
"4071","c00005",2020-05-26,"i00407",546,546,2020-09-17,"r00555",0,"ZUBSA"
"4221","c00007",2020-05-30,"i00420",1620,1620,2020-07-06,"r00372",0,"JQWPP"
"4391","c00004",2020-06-07,"i00439",432,432,2020-06-25,"r00343",0,"WBOEC"
"4521","c00005",2020-06-14,"i00453",864,864,2020-09-16,"r00551",0,"SLNEL"
"4721","c00009",2020-06-21,"i00475",1053,1053,2020-07-31,"r00428",0,"JQWPP"
"4851","c00009",2020-06-25,"i00485",1701,1701,2020-08-20,"r00479",0,"GEXDT"
"4901","c00010",2020-06-28,"i00490",1530,1530,2020-08-08,"r00443",0,"TQLMI"
"5481","c00006",2020-07-20,"i00548",1224,1224,2020-07-29,"r00424",0,"WBOEC"
"5871","c00004",2020-08-06,"i00589",459,459,2021-01-13,"r00859",0,"SSBIT"
"5981","c00004",2020-08-11,"i00598",1224,1224,2020-08-28,"r00498",0,"WBOEC"
"6161","c00009",2020-08-17,"i00617",756,756,2020-10-12,"r00618",0,"ZUBSA"
"6221","c00004",2020-08-20,"i00622",828,828,2020-09-29,"r00585",0,"TQLMI"
"6401","c00008",2020-08-25,"i00639",324,324,2020-09-10,"r00531",0,"SSBIT"
"7231","c00008",2020-09-25,"i00724",792,792,2020-12-14,"r00783",0,"WBOEC"
"7411","c00009",2020-10-03,"i00743",1080,1080,2020-10-03,"r00600",1,"ZUBSA"
"7471","c00004",2020-10-03,"i00740",1800,1800,2020-12-30,"r00823",0,"JQWPP"
"7691","c00005",2020-10-08,"i00769",486,486,2021-08-11,"r00998",0,"ETKQW"
"7811","c00010",2020-10-11,"i00780",1530,1530,2020-11-19,"r00718",0,"GEXDT"
"7941","c00003",2020-10-18,"i00797",1176,1176,2021-03-20,"r00967",0,"ZUBSA"
"8041","c00009",2020-10-20,"i00804",1056,1056,2020-12-09,"r00770",0,"ZUBSA"
"8361","c00009",2020-11-02,"i00836",1404,1404,2020-12-30,"r00824",0,"JQWPP"
"8921","c00005",2020-11-24,"i00891",1470,1470,2020-11-24,"r00736",1,"SLNEL"
"9111","c00008",2020-12-02,"i00913",1296,1296,2021-01-21,"r00878",0,"ETKQW"
"9141","c00009",2020-12-03,"i00914",1056,1056,2021-01-22,"r00882",0,"WBOEC"
"9181","c00009",2020-12-05,"i00920",1620,1620,2021-05-20,"r00989",0,"JQWPP"
"9601","c00004",2020-12-17,"i00959",351,351,2021-02-19,"r00935",0,"JQWPP"
"9641","c00004",2020-12-18,"i00963",1224,1224,2021-02-15,"r00931",0,"GEXDT"
"9771","c00007",2020-12-24,"i00976",1296,1296,2020-12-24,"r00811",1,"JRVPC"
