"","customer_no","invoice_no","invoice_date","sku","sales_count","sales_return","unit_cost","sales_unit_price","collection_no","collection_date","collection_amount","shipper_no","shipper_date"
"1","c00003","i00002",2020-01-01,"ETKQW",15,0,36,36,"r00020",2020-01-28,540,"s00002",2020-01-04
"2","c00003","i00001",2020-01-01,"JQWPP",20,0,35,105,"r00007",2020-01-09,2100,"s00005",2020-01-07
"3","c00005","i00005",2020-01-02,"SSBIT",20,0,27,81,"r00267",2020-05-29,1620,"s00001",2020-01-03
"4","c00009","i00006",2020-01-02,"GEXDT",15,0,36,108,"r00016",2020-01-24,1620,"s00012",2020-01-14
"5","c00007","i00004",2020-01-02,"GEXDT",21,0,33,66,"r00008",2020-01-10,1386,"s00028",2020-01-21
"6","c00007","i00003",2020-01-02,"TQLMI",24,0,24,72,"r00058",2020-02-25,1728,"s00039",2020-01-25
"7","c00009","i00009",2020-01-03,"JQWPP",19,1,27,27,"r00042",2020-02-15,513,"s00114",2020-02-22
"8","c00003","i00014",2020-01-04,"JQWPP",15,0,33,66,"r00035",2020-02-09,990,"s00050",2020-01-28
"9","c00004","i00013",2020-01-04,"GEXDT",12,1,24,72,"r00102",2020-03-20,864,"s00051",2020-01-28
"10","c00007","i00015",2020-01-05,"JQWPP",17,0,27,81,"r00092",2020-03-17,1377,"s00014",2020-01-14
"11","c00008","i00016",2020-01-05,"GEXDT",15,0,36,108,"r00135",2020-04-03,1620,"s00045",2020-01-27
"12","c00006","i00019",2020-01-06,"JRVPC",22,0,27,27,"r00217",2020-05-10,594,"s00004",2020-01-06
"13","c00005","i00018",2020-01-06,"SSBIT",17,0,34,68,"r00062",2020-02-26,1156,"s00015",2020-01-14
"14","c00007","i00017",2020-01-06,"TQLMI",15,0,42,42,"r00022",2020-01-29,630,"s00018",2020-01-16
"15","c00008","i00022",2020-01-07,"SLNEL",14,0,36,36,"r00213",2020-05-08,504,"s00008",2020-01-10
"16","c00009","i00023",2020-01-07,"JQWPP",20,0,24,72,"r00157",2020-04-13,1440,"s00021",2020-01-17
"17","c00008","i00021",2020-01-07,"QWBPM",12,0,35,105,"r00096",2020-03-19,1260,"s00023",2020-01-18
"18","c00007","i00025",2020-01-09,"SSBIT",16,0,27,81,"r00078",2020-03-08,1296,"s00030",2020-01-22
"19","c00004","i00024",2020-01-09,"JRVPC",14,0,33,66,"r00063",2020-02-26,924,"s00052",2020-01-28
"20","c00009","i00026",2020-01-09,"WBOEC",19,0,36,108,"r00018",2020-01-25,2052,"s00060",2020-01-30
"21","c00002","i00027",2020-01-10,"TQLMI",12,0,42,42,"r00204",2020-05-03,504,"s00040",2020-01-25
"22","c00009","i00031",2020-01-11,"WBOEC",19,1,35,105,"r00025",2020-02-03,1995,"s00029",2020-01-21
"23","c00007","i00030",2020-01-11,"ETKQW",15,0,30,90,"r00358",2020-07-03,1350,"s00042",2020-01-26
"24","c00005","i00029",2020-01-11,"JQWPP",20,0,27,27,"r00331",2020-06-22,540,"s00071",2020-02-03
"25","c00003","i00036",2020-01-12,"ETKQW",16,0,36,108,"r00175",2020-04-23,1728,"s00011",2020-01-13
"26","c00004","i00035",2020-01-12,"JQWPP",17,0,27,81,"r00111",2020-03-24,1377,"s00019",2020-01-16
"27","c00005","i00033",2020-01-12,"ETKQW",15,0,24,72,"r00026",2020-02-03,1080,"s00022",2020-01-17
"28","c00005","i00037",2020-01-12,"SSBIT",16,0,42,42,"r00106",2020-03-22,672,"s00024",2020-01-18
"29","c00009","i00032",2020-01-12,"TQLMI",9,0,36,36,"r00091",2020-03-16,324,"s00032",2020-01-23
"30","c00005","i00040",2020-01-13,"ZUBSA",18,0,30,90,"r00048",2020-02-19,1620,"s00017",2020-01-15
"31","c00007","i00038",2020-01-13,"JQWPP",16,0,34,68,"r00077",2020-03-07,1088,"s00033",2020-01-23
"32","c00008","i00039",2020-01-13,"SSBIT",11,0,27,27,"r00241",2020-05-18,297,"s00062",2020-01-31
"33","c00004","i00043",2020-01-14,"ETKQW",8,0,24,72,"r00550",2020-09-16,576,"s00020",2020-01-16
"34","c00003","i00042",2020-01-14,"ETKQW",17,0,36,36,"r00465",2020-08-16,612,"s00036",2020-01-24
"35","c00004","i00041",2020-01-14,"ETKQW",20,1,35,105,"r00179",2020-04-24,2100,"s00046",2020-01-27
"36","c00008","i00044",2020-01-15,"ZUBSA",14,0,33,66,"r00138",2020-04-04,924,"s00025",2020-01-18
"37","c00009","i00046",2020-01-16,"ZUBSA",10,0,36,108,"r00027",2020-02-03,1080,"s00034",2020-01-23
"38","c00007","i00047",2020-01-16,"SLNEL",16,0,42,42,"r00591",2020-10-01,672,"s00041",2020-01-25
"39","c00003","i00048",2020-01-17,"TQLMI",21,0,34,68,"r00122",2020-03-30,1428,"s00026",2020-01-18
"40","c00005","i00049",2020-01-17,"JRVPC",15,0,27,27,"r00059",2020-02-25,405,"s00037",2020-01-24
"41","c00009","i00050",2020-01-17,"SSBIT",16,0,30,90,"r00045",2020-02-18,1440,"s00157",2020-03-09
"42","c00010","i00052",2020-01-18,"SLNEL",17,0,36,36,"r00148",2020-04-09,612,"s00031",2020-01-22
"43","c00007","i00051",2020-01-18,"JQWPP",9,0,35,105,"r00034",2020-02-08,945,"s00077",2020-02-05
"44","c00008","i00054",2020-01-20,"GEXDT",11,0,33,66,"r00173",2020-04-22,726,"s00053",2020-01-28
"45","c00005","i00056",2020-01-21,"JQWPP",19,0,36,108,"r00419",2020-07-27,2052,"s00088",2020-02-10
"46","c00009","i00057",2020-01-21,"TQLMI",13,0,42,42,"r00043",2020-02-17,546,"s00134",2020-03-01
"47","c00006","i00060",2020-01-22,"TQLMI",9,0,30,90,"r00040",2020-02-12,810,"s00038",2020-01-24
"48","c00010","i00058",2020-01-22,"SSBIT",14,0,34,68,"r00032",2020-02-07,952,"s00067",2020-02-02
"49","c00009","i00061",2020-01-23,"TQLMI",13,0,35,105,"r00015",2020-01-23,1365,"s00035",2020-01-23
"50","c00009","i00063",2020-01-24,"SSBIT",19,0,24,72,"r00176",2020-04-23,1368,"s00044",2020-01-26
"51","c00005","i00062",2020-01-24,"WBOEC",12,0,36,36,"r00206",2020-05-04,432,"s00105",2020-02-16
"52","c00009","i00067",2020-01-25,"ZUBSA",15,0,42,42,"r00112",2020-03-25,630,"s00048",2020-01-27
"53","c00008","i00066",2020-01-25,"GEXDT",13,0,36,108,"r00038",2020-02-11,1404,"s00072",2020-02-03
"54","c00007","i00065",2020-01-25,"ZUBSA",10,0,27,81,"r00053",2020-02-22,810,"s00073",2020-02-03
"55","c00004","i00070",2020-01-26,"QWBPM",17,0,30,90,"r00028",2020-02-03,1530,"s00049",2020-01-27
"56","c00007","i00072",2020-01-26,"JQWPP",17,0,36,36,"r00024",2020-02-02,612,"s00054",2020-01-28
"57","c00004","i00073",2020-01-26,"ZUBSA",7,0,24,72,"r00162",2020-04-16,504,"s00057",2020-01-29
"58","c00005","i00071",2020-01-26,"JQWPP",11,0,35,105,"r00080",2020-03-09,1155,"s00063",2020-01-31
"59","c00007","i00069",2020-01-26,"TQLMI",20,0,27,27,"r00214",2020-05-08,540,"s00064",2020-01-31
"60","c00007","i00076",2020-01-28,"GEXDT",20,0,36,108,"r00067",2020-03-01,2160,"s00058",2020-01-29
"61","c00008","i00077",2020-01-28,"JRVPC",21,1,42,42,"r00044",2020-02-17,882,"s00061",2020-01-30
"62","c00008","i00075",2020-01-28,"SLNEL",20,0,27,81,"r00056",2020-02-24,1620,"s00065",2020-02-01
"63","c00005","i00079",2020-01-29,"JQWPP",16,0,27,27,"r00126",2020-03-31,432,"s00059",2020-01-29
"64","c00004","i00080",2020-01-29,"GEXDT",18,0,30,90,"r00041",2020-02-14,1620,"s00080",2020-02-06
"65","c00004","i00078",2020-01-29,"SSBIT",16,0,34,68,"r00229",2020-05-13,1088,"s00089",2020-02-10
"66","c00005","i00086",2020-01-30,"JQWPP",16,0,36,108,"r00234",2020-05-15,1728,"s00069",2020-02-02
"67","c00009","i00081",2020-01-30,"ETKQW",19,0,35,105,"r00128",2020-04-01,1995,"s00078",2020-02-05
"68","c00009","i00085",2020-01-30,"QWBPM",9,0,27,81,"r00108",2020-03-23,729,"s00081",2020-02-06
"69","c00003","i00082",2020-01-30,"SLNEL",16,0,36,36,"r00193",2020-04-28,576,"s00083",2020-02-07
"70","c00008","i00084",2020-01-30,"SSBIT",22,0,33,66,"r00083",2020-03-11,1452,"s00102",2020-02-15
"71","c00009","i00083",2020-01-30,"JQWPP",11,0,24,72,"r00313",2020-06-15,792,"s00113",2020-02-21
"72","c00008","i00088",2020-01-31,"TQLMI",16,0,34,68,"r00143",2020-04-06,1088,"s00070",2020-02-02
"73","c00009","i00087",2020-01-31,"ZUBSA",24,0,42,42,"r00161",2020-04-15,1008,"s00075",2020-02-04
"74","c00003","i00091",2020-02-01,"SSBIT",15,0,35,105,"r00149",2020-04-09,1575,"s00076",2020-02-04
"75","c00005","i00089",2020-02-01,"GEXDT",9,0,27,27,"r00209",2020-05-06,243,"s00098",2020-02-14
"76","c00005","i00092",2020-02-02,"QWBPM",19,0,36,36,"r00284",2020-06-03,684,"s00099",2020-02-14
"77","c00008","i00094",2020-02-03,"JRVPC",18,0,33,66,"r00070",2020-03-02,1188,"s00074",2020-02-03
"78","c00008","i00095",2020-02-03,"SSBIT",22,0,27,81,"r00180",2020-04-24,1782,"s00079",2020-02-05
"79","c00007","i00093",2020-02-03,"ETKQW",10,0,24,72,"r00375",2020-07-08,720,"s00082",2020-02-06
"80","c00007","i00097",2020-02-04,"TQLMI",11,0,42,42,"r00081",2020-03-09,462,"s00106",2020-02-16
"81","c00008","i00098",2020-02-05,"TQLMI",10,0,34,68,"r00051",2020-02-21,680,"s00084",2020-02-08
"82","c00010","i00099",2020-02-05,"WBOEC",13,0,27,27,"r00068",2020-03-01,351,"s00085",2020-02-08
"83","c00005","i00100",2020-02-05,"SLNEL",23,0,30,90,"r00094",2020-03-18,2070,"s00092",2020-02-12
"84","c00007","i00102",2020-02-06,"SSBIT",21,0,36,36,"r00248",2020-05-22,756,"s00179",2020-03-16
"85","c00007","i00104",2020-02-07,"JRVPC",20,0,33,66,"r00052",2020-02-21,1320,"s00086",2020-02-08
"86","c00008","i00108",2020-02-08,"JRVPC",11,0,34,68,"r00074",2020-03-05,748,"s00094",2020-02-13
"87","c00008","i00106",2020-02-08,"JRVPC",18,0,36,108,"r00466",2020-08-16,1944,"s00110",2020-02-19
"88","c00007","i00107",2020-02-08,"JQWPP",27,0,42,42,"r00129",2020-04-01,1134,"s00173",2020-03-14
"89","c00008","i00109",2020-02-09,"WBOEC",18,0,27,27,"r00115",2020-03-27,486,"s00103",2020-02-15
"90","c00003","i00110",2020-02-09,"QWBPM",18,0,30,90,"r00183",2020-04-26,1620,"s00139",2020-03-02
"91","c00010","i00111",2020-02-09,"TQLMI",15,0,35,105,"r00155",2020-04-12,1575,"s00149",2020-03-07
"92","c00009","i00113",2020-02-10,"QWBPM",17,0,24,72,"r00482",2020-08-22,1224,"s00104",2020-02-15
"93","c00009","i00117",2020-02-11,"TQLMI",4,0,42,42,"r00391",2020-07-15,168,"s00093",2020-02-12
"94","c00006","i00115",2020-02-11,"SLNEL",8,0,27,81,"r00303",2020-06-10,648,"s00096",2020-02-13
"95","c00010","i00118",2020-02-12,"JQWPP",10,0,34,68,"r00109",2020-03-23,680,"s00111",2020-02-19
"96","c00006","i00119",2020-02-13,"ETKQW",13,0,27,27,"r00090",2020-03-15,351,"s00107",2020-02-17
"97","c00007","i00120",2020-02-14,"JQWPP",12,1,30,90,"r00251",2020-05-23,1080,"s00109",2020-02-18
"98","c00008","i00121",2020-02-14,"JRVPC",14,0,35,105,"r00188",2020-04-27,1470,"s00112",2020-02-19
"99","c00009","i00122",2020-02-14,"SLNEL",19,0,36,36,"r00266",2020-05-28,684,"s00124",2020-02-25
"100","c00008","i00123",2020-02-14,"GEXDT",14,0,24,72,"r00144",2020-04-08,1008,"s00158",2020-03-09
"101","c00005","i00124",2020-02-16,"JRVPC",20,0,33,66,"r00218",2020-05-10,1320,"s00108",2020-02-17
"102","c00009","i00125",2020-02-16,"JRVPC",10,0,27,81,"r00084",2020-03-11,810,"s00154",2020-03-08
"103","c00005","i00126",2020-02-17,"SLNEL",18,0,36,108,"r00087",2020-03-14,1944,"s00125",2020-02-25
"104","c00006","i00130",2020-02-18,"JRVPC",16,0,30,90,"r00130",2020-04-01,1440,"s00127",2020-02-26
"105","c00007","i00131",2020-02-18,"QWBPM",17,1,35,105,"r00224",2020-05-12,1785,"s00131",2020-02-28
"106","c00009","i00128",2020-02-18,"GEXDT",13,0,34,68,"r00642",2020-10-22,884,"s00228",2020-04-02
"107","c00009","i00133",2020-02-19,"JQWPP",10,0,24,72,"r00158",2020-04-14,720,"s00132",2020-02-28
"108","c00003","i00135",2020-02-19,"JQWPP",6,0,27,81,"r00088",2020-03-14,486,"s00193",2020-03-22
"109","c00009","i00132",2020-02-19,"SSBIT",11,0,36,36,"r00075",2020-03-06,396,"s00220",2020-03-31
"110","c00006","i00137",2020-02-20,"JQWPP",26,0,42,42,"r00072",2020-03-04,1092,"s00116",2020-02-22
"111","c00007","i00138",2020-02-20,"JQWPP",13,0,34,68,"r00136",2020-04-03,884,"s00135",2020-03-01
"112","c00008","i00140",2020-02-21,"JQWPP",21,0,30,90,"r00477",2020-08-19,1890,"s00129",2020-02-27
"113","c00003","i00139",2020-02-21,"GEXDT",11,0,27,27,"r00123",2020-03-30,297,"s00167",2020-03-12
"114","c00003","i00143",2020-02-22,"GEXDT",11,0,24,72,"r00073",2020-03-04,792,"s00119",2020-02-23
"115","c00010","i00142",2020-02-22,"WBOEC",20,0,36,36,"r00165",2020-04-19,720,"s00122",2020-02-24
"116","c00002","i00141",2020-02-22,"TQLMI",15,0,35,105,"r00252",2020-05-24,1575,"s00123",2020-02-24
"117","c00005","i00147",2020-02-23,"ZUBSA",11,0,42,42,"r00866",2021-01-16,462,"s00136",2020-03-01
"118","c00005","i00146",2020-02-23,"GEXDT",12,0,36,108,"r00116",2020-03-27,1296,"s00140",2020-03-02
"119","c00009","i00149",2020-02-24,"SLNEL",17,0,27,27,"r00286",2020-06-04,459,"s00126",2020-02-25
"120","c00010","i00150",2020-02-24,"JQWPP",18,0,30,90,"r00260",2020-05-27,1620,"s00142",2020-03-03
"121","c00005","i00148",2020-02-24,"JRVPC",16,0,34,68,"r00526",2020-09-08,1088,"s00159",2020-03-09
"122","c00004","i00152",2020-02-25,"TQLMI",16,0,36,36,"r00268",2020-05-29,576,"s00130",2020-02-27
"123","c00009","i00156",2020-02-27,"ZUBSA",15,1,36,108,"r00245",2020-05-20,1620,"s00141",2020-03-02
"124","c00005","i00157",2020-02-28,"WBOEC",10,0,42,42,"r00166",2020-04-19,420,"s00133",2020-02-29
"125","c00005","i00158",2020-02-28,"ZUBSA",11,0,34,68,"r00097",2020-03-19,748,"s00144",2020-03-03
"126","c00006","i00159",2020-02-28,"GEXDT",16,0,27,27,"r00131",2020-04-02,432,"s00147",2020-03-06
"127","c00005","i00162",2020-02-29,"ZUBSA",17,0,36,36,"r00184",2020-04-26,612,"s00138",2020-03-01
"128","c00009","i00161",2020-02-29,"SLNEL",22,0,35,105,"r00117",2020-03-27,2310,"s00152",2020-03-07
"129","c00003","i00163",2020-02-29,"JQWPP",15,0,24,72,"r00132",2020-04-02,1080,"s00165",2020-03-11
"130","c00007","i00167",2020-03-01,"GEXDT",17,0,42,42,"r00205",2020-05-03,714,"s00160",2020-03-09
"131","c00006","i00166",2020-03-01,"ZUBSA",15,0,36,108,"r00236",2020-05-16,1620,"s00249",2020-04-09
"132","c00010","i00170",2020-03-03,"JRVPC",14,0,30,90,"r00499",2020-08-29,1260,"s00148",2020-03-06
"133","c00009","i00168",2020-03-03,"ETKQW",10,0,34,68,"r00210",2020-05-06,680,"s00155",2020-03-08
"134","c00007","i00171",2020-03-04,"TQLMI",12,0,35,105,"r00242",2020-05-18,1260,"s00145",2020-03-05
"135","c00010","i00172",2020-03-04,"JRVPC",20,0,36,36,"r00151",2020-04-10,720,"s00215",2020-03-29
"136","c00009","i00174",2020-03-05,"TQLMI",12,0,33,66,"r00156",2020-04-12,792,"s00153",2020-03-07
"137","c00005","i00173",2020-03-05,"WBOEC",15,0,24,72,"r00120",2020-03-29,1080,"s00163",2020-03-10
"138","c00009","i00176",2020-03-06,"GEXDT",14,0,36,108,"r00093",2020-03-17,1512,"s00164",2020-03-10
"139","c00009","i00178",2020-03-07,"SSBIT",15,0,34,68,"r00140",2020-04-04,1020,"s00168",2020-03-12
"140","c00007","i00177",2020-03-07,"JRVPC",16,0,42,42,"r00139",2020-04-04,672,"s00207",2020-03-26
"141","c00005","i00179",2020-03-07,"QWBPM",21,0,27,27,"r00141",2020-04-05,567,"s00231",2020-04-03
"142","c00005","i00185",2020-03-08,"WBOEC",18,0,27,81,"r00275",2020-06-01,1458,"s00161",2020-03-09
"143","c00004","i00180",2020-03-08,"SSBIT",21,0,30,90,"r00119",2020-03-28,1890,"s00169",2020-03-12
"144","c00006","i00181",2020-03-08,"SSBIT",16,0,35,105,"r00292",2020-06-06,1680,"s00183",2020-03-17
"145","c00009","i00183",2020-03-08,"WBOEC",18,0,24,72,"r00098",2020-03-19,1296,"s00188",2020-03-20
"146","c00008","i00184",2020-03-08,"QWBPM",16,0,33,66,"r00373",2020-07-07,1056,"s00209",2020-03-27
"147","c00005","i00186",2020-03-10,"GEXDT",10,0,36,108,"r00222",2020-05-11,1080,"s00166",2020-03-11
"148","c00005","i00188",2020-03-10,"ZUBSA",12,0,34,68,"r00153",2020-04-11,816,"s00181",2020-03-16
"149","c00007","i00189",2020-03-11,"JRVPC",28,0,27,27,"r00103",2020-03-20,756,"s00171",2020-03-13
"150","c00009","i00190",2020-03-11,"GEXDT",15,0,30,90,"r00215",2020-05-08,1350,"s00216",2020-03-29
"151","c00007","i00191",2020-03-12,"ZUBSA",15,0,35,105,"r00388",2020-07-14,1575,"s00175",2020-03-14
"152","c00008","i00192",2020-03-13,"SSBIT",11,0,36,36,"r00308",2020-06-12,396,"s00172",2020-03-13
"153","c00006","i00193",2020-03-13,"ZUBSA",9,0,24,72,"r00118",2020-03-27,648,"s00176",2020-03-15
"154","c00004","i00198",2020-03-13,"WBOEC",13,0,34,68,"r00261",2020-05-27,884,"s00177",2020-03-15
"155","c00004","i00194",2020-03-13,"JQWPP",20,0,33,66,"r00349",2020-06-30,1320,"s00178",2020-03-15
"156","c00006","i00195",2020-03-13,"TQLMI",12,0,27,81,"r00104",2020-03-21,972,"s00184",2020-03-17
"157","c00008","i00200",2020-03-14,"JRVPC",16,0,30,90,"r00322",2020-06-17,1440,"s00192",2020-03-21
"158","c00009","i00201",2020-03-15,"ZUBSA",14,0,35,105,"r00270",2020-05-30,1470,"s00186",2020-03-19
"159","c00009","i00203",2020-03-15,"SSBIT",16,0,24,72,"r00207",2020-05-04,1152,"s00194",2020-03-22
"160","c00005","i00202",2020-03-15,"GEXDT",13,0,36,36,"r00194",2020-04-28,468,"s00212",2020-03-28
"161","c00006","i00204",2020-03-16,"JRVPC",10,0,33,66,"r00363",2020-07-04,660,"s00195",2020-03-22
"162","c00005","i00206",2020-03-17,"SSBIT",16,0,36,108,"r00198",2020-05-01,1728,"s00189",2020-03-20
"163","c00007","i00205",2020-03-17,"WBOEC",19,0,27,81,"r00392",2020-07-16,1539,"s00190",2020-03-20
"164","c00008","i00208",2020-03-18,"SSBIT",17,0,34,68,"r00249",2020-05-22,1156,"s00208",2020-03-26
"165","c00009","i00210",2020-03-18,"JQWPP",12,0,30,90,"r00368",2020-07-06,1080,"s00221",2020-03-31
"166","c00009","i00209",2020-03-18,"ZUBSA",13,0,27,27,"r00124",2020-03-30,351,"s00232",2020-04-03
"167","c00009","i00217",2020-03-19,"SLNEL",11,0,42,42,"r00133",2020-04-02,462,"s00196",2020-03-22
"168","c00007","i00211",2020-03-19,"TQLMI",14,0,35,105,"r00195",2020-04-28,1470,"s00197",2020-03-22
"169","c00007","i00214",2020-03-19,"JQWPP",14,0,33,66,"r00485",2020-08-23,924,"s00198",2020-03-22
"170","c00009","i00218",2020-03-19,"SSBIT",11,0,34,68,"r00594",2020-10-02,748,"s00199",2020-03-22
"171","c00005","i00215",2020-03-19,"GEXDT",15,1,27,81,"r00125",2020-03-30,1215,"s00217",2020-03-30
"172","c00006","i00219",2020-03-20,"SSBIT",14,0,27,27,"r00231",2020-05-14,378,"s00191",2020-03-20
"173","c00007","i00220",2020-03-20,"JQWPP",23,0,30,90,"r00199",2020-05-01,2070,"s00265",2020-04-17
"174","c00007","i00221",2020-03-20,"TQLMI",18,0,35,105,"r00170",2020-04-21,1890,"s00271",2020-04-19
"175","c00003","i00225",2020-03-21,"ZUBSA",19,0,27,81,"r00257",2020-05-26,1539,"s00205",2020-03-24
"176","c00004","i00222",2020-03-21,"SLNEL",13,0,36,36,"r00134",2020-04-02,468,"s00248",2020-04-08
"177","c00008","i00223",2020-03-21,"SSBIT",11,0,24,72,"r00405",2020-07-23,792,"s00272",2020-04-19
"178","c00005","i00226",2020-03-22,"SLNEL",19,0,36,108,"r00253",2020-05-24,2052,"s00225",2020-04-01
"179","c00008","i00230",2020-03-23,"TQLMI",11,0,30,90,"r00177",2020-04-23,990,"s00213",2020-03-28
"180","c00005","i00229",2020-03-23,"GEXDT",12,0,27,27,"r00171",2020-04-21,324,"s00222",2020-03-31
"181","c00009","i00232",2020-03-24,"GEXDT",10,0,36,36,"r00341",2020-06-25,360,"s00290",2020-04-24
"182","c00007","i00231",2020-03-24,"SSBIT",15,0,35,105,"r00347",2020-06-29,1575,"s00312",2020-05-02
"183","c00006","i00236",2020-03-26,"SLNEL",13,0,36,108,"r00197",2020-04-29,1404,"s00218",2020-03-30
"184","c00008","i00234",2020-03-26,"JRVPC",19,0,33,66,"r00137",2020-04-03,1254,"s00251",2020-04-09
"185","c00005","i00237",2020-03-28,"WBOEC",12,0,42,42,"r00150",2020-04-09,504,"s00223",2020-03-31
"186","c00009","i00238",2020-03-28,"SLNEL",16,0,34,68,"r00376",2020-07-08,1088,"s00291",2020-04-24
"187","c00005","i00244",2020-03-29,"ETKQW",19,0,33,66,"r00327",2020-06-19,1254,"s00219",2020-03-30
"188","c00005","i00239",2020-03-29,"WBOEC",15,0,27,27,"r00516",2020-09-06,405,"s00224",2020-03-31
"189","c00009","i00245",2020-03-29,"SLNEL",6,1,27,81,"r00232",2020-05-14,486,"s00226",2020-04-01
"190","c00008","i00241",2020-03-29,"WBOEC",11,0,35,105,"r00301",2020-06-09,1155,"s00227",2020-04-01
"191","c00003","i00240",2020-03-29,"JQWPP",13,0,30,90,"r00145",2020-04-08,1170,"s00243",2020-04-07
"192","c00007","i00242",2020-03-29,"JRVPC",15,0,36,36,"r00328",2020-06-20,540,"s00278",2020-04-21
"193","c00005","i00247",2020-03-30,"WBOEC",12,0,42,42,"r00276",2020-06-01,504,"s00235",2020-04-04
"194","c00007","i00246",2020-03-30,"GEXDT",9,0,36,108,"r00369",2020-07-06,972,"s00256",2020-04-14
"195","c00008","i00251",2020-03-31,"SLNEL",16,0,35,105,"r00189",2020-04-27,1680,"s00233",2020-04-03
"196","c00007","i00248",2020-03-31,"JRVPC",16,0,34,68,"r00181",2020-04-24,1088,"s00239",2020-04-05
"197","c00003","i00249",2020-03-31,"ETKQW",21,0,27,27,"r00318",2020-06-16,567,"s00244",2020-04-07
"198","c00005","i00252",2020-04-01,"ZUBSA",12,0,36,36,"r00239",2020-05-17,432,"s00234",2020-04-03
"199","c00003","i00253",2020-04-01,"WBOEC",20,0,24,72,"r00167",2020-04-19,1440,"s00261",2020-04-15
"200","c00008","i00254",2020-04-01,"JQWPP",6,0,33,66,"r00196",2020-04-28,396,"s00266",2020-04-17
"201","c00001","i00255",2020-04-02,"JQWPP",17,0,27,81,"r00185",2020-04-26,1377,"s00245",2020-04-07
"202","c00005","i00258",2020-04-03,"JRVPC",14,0,34,68,"r00337",2020-06-24,952,"s00236",2020-04-04
"203","c00010","i00256",2020-04-03,"JRVPC",13,0,36,108,"r00611",2020-10-09,1404,"s00237",2020-04-04
"204","c00004","i00261",2020-04-03,"ZUBSA",21,0,35,105,"r00159",2020-04-14,2205,"s00240",2020-04-05
"205","c00009","i00259",2020-04-03,"JRVPC",11,0,27,27,"r00553",2020-09-17,297,"s00241",2020-04-05
"206","c00004","i00260",2020-04-03,"JRVPC",20,0,30,90,"r00258",2020-05-26,1800,"s00246",2020-04-07
"207","c00008","i00257",2020-04-03,"QWBPM",11,0,42,42,"r00174",2020-04-22,462,"s00273",2020-04-19
"208","c00009","i00262",2020-04-04,"JQWPP",14,0,36,36,"r00186",2020-04-26,504,"s00238",2020-04-04
"209","c00006","i00263",2020-04-04,"WBOEC",14,0,24,72,"r00200",2020-05-01,1008,"s00307",2020-05-01
"210","c00010","i00266",2020-04-05,"JQWPP",17,0,36,108,"r00413",2020-07-25,1836,"s00242",2020-04-05
"211","c00007","i00264",2020-04-05,"SSBIT",16,0,33,66,"r00450",2020-08-11,1056,"s00276",2020-04-20
"212","c00009","i00267",2020-04-06,"WBOEC",15,0,42,42,"r00237",2020-05-16,630,"s00257",2020-04-14
"213","c00006","i00268",2020-04-07,"ETKQW",13,0,34,68,"r00445",2020-08-09,884,"s00262",2020-04-15
"214","c00006","i00269",2020-04-07,"SLNEL",15,0,27,27,"r00225",2020-05-12,405,"s00267",2020-04-17
"215","c00006","i00272",2020-04-08,"WBOEC",11,0,36,36,"r00190",2020-04-27,396,"s00253",2020-04-12
"216","c00009","i00270",2020-04-08,"WBOEC",9,0,30,90,"r00314",2020-06-15,810,"s00255",2020-04-13
"217","c00007","i00273",2020-04-08,"SLNEL",11,0,24,72,"r00216",2020-05-08,792,"s00295",2020-04-25
"218","c00004","i00275",2020-04-10,"ZUBSA",18,0,27,81,"r00324",2020-06-18,1458,"s00254",2020-04-12
"219","c00009","i00278",2020-04-10,"ETKQW",9,0,34,68,"r00554",2020-09-17,612,"s00268",2020-04-17
"220","c00005","i00277",2020-04-10,"SLNEL",13,0,42,42,"r00414",2020-07-25,546,"s00274",2020-04-19
"221","c00007","i00281",2020-04-11,"JQWPP",16,0,35,105,"r00277",2020-06-01,1680,"s00263",2020-04-15
"222","c00007","i00282",2020-04-11,"SSBIT",9,0,36,36,"r00458",2020-08-13,324,"s00292",2020-04-24
"223","c00009","i00279",2020-04-11,"ZUBSA",19,0,27,27,"r00452",2020-08-12,513,"s00303",2020-04-29
"224","c00004","i00283",2020-04-12,"ETKQW",15,0,24,72,"r00178",2020-04-23,1080,"s00279",2020-04-21
"225","c00001","i00286",2020-04-13,"QWBPM",13,0,36,108,"r00293",2020-06-06,1404,"s00259",2020-04-14
"226","c00006","i00284",2020-04-13,"SSBIT",15,0,33,66,"r00262",2020-05-27,990,"s00280",2020-04-21
"227","c00009","i00285",2020-04-13,"JQWPP",17,0,27,81,"r00312",2020-06-14,1377,"s00308",2020-05-01
"228","c00009","i00288",2020-04-14,"GEXDT",18,0,34,68,"r00219",2020-05-10,1224,"s00264",2020-04-16
"229","c00009","i00289",2020-04-14,"TQLMI",19,0,27,27,"r00278",2020-06-01,513,"s00281",2020-04-21
"230","c00008","i00293",2020-04-15,"JRVPC",12,0,24,72,"r00377",2020-07-08,864,"s00269",2020-04-17
"231","c00004","i00292",2020-04-15,"SLNEL",16,0,36,36,"r00201",2020-05-01,576,"s00277",2020-04-20
"232","c00010","i00290",2020-04-15,"ZUBSA",21,0,30,90,"r00298",2020-06-08,1890,"s00300",2020-04-28
"233","c00004","i00291",2020-04-15,"TQLMI",13,0,35,105,"r00338",2020-06-24,1365,"s00309",2020-05-01
"234","c00005","i00294",2020-04-16,"QWBPM",20,0,33,66,"r00191",2020-04-27,1320,"s00275",2020-04-19
"235","c00009","i00296",2020-04-16,"JQWPP",17,0,36,108,"r00182",2020-04-25,1836,"s00287",2020-04-22
"236","c00005","i00298",2020-04-17,"JRVPC",21,0,34,68,"r00387",2020-07-13,1428,"s00270",2020-04-17
"237","c00007","i00297",2020-04-17,"QWBPM",12,0,42,42,"r00246",2020-05-21,504,"s00293",2020-04-24
"238","c00009","i00300",2020-04-18,"WBOEC",22,0,30,90,"r00510",2020-09-02,1980,"s00283",2020-04-21
"239","c00006","i00299",2020-04-18,"SSBIT",16,0,27,27,"r00625",2020-10-14,432,"s00343",2020-05-13
"240","c00007","i00303",2020-04-19,"ETKQW",19,0,24,72,"r00235",2020-05-15,1368,"s00284",2020-04-21
"241","c00006","i00304",2020-04-19,"TQLMI",20,0,33,66,"r00772",2020-12-10,1320,"s00301",2020-04-28
"242","c00007","i00302",2020-04-19,"TQLMI",14,0,36,36,"r00899",2021-01-31,504,"s00313",2020-05-02
"243","c00005","i00306",2020-04-20,"SSBIT",18,0,36,108,"r00187",2020-04-26,1944,"s00294",2020-04-24
"244","c00007","i00305",2020-04-20,"WBOEC",10,0,27,81,"r00263",2020-05-27,810,"s00298",2020-04-27
"245","c00007","i00309",2020-04-20,"QWBPM",14,0,27,27,"r00782",2020-12-14,378,"s00444",2020-06-18
"246","c00010","i00312",2020-04-21,"SSBIT",19,0,36,36,"r00359",2020-07-03,684,"s00286",2020-04-21
"247","c00003","i00310",2020-04-21,"QWBPM",30,0,30,90,"r00244",2020-05-19,2700,"s00316",2020-05-03
"248","c00009","i00313",2020-04-22,"JQWPP",18,0,24,72,"r00211",2020-05-07,1296,"s00304",2020-04-29
"249","c00009","i00315",2020-04-23,"ZUBSA",15,0,27,81,"r00223",2020-05-11,1215,"s00310",2020-05-01
"250","c00010","i00314",2020-04-23,"WBOEC",15,0,33,66,"r00240",2020-05-17,990,"s00314",2020-05-02
"251","c00009","i00316",2020-04-23,"QWBPM",11,0,36,108,"r00289",2020-06-05,1188,"s00323",2020-05-06
"252","c00005","i00320",2020-04-24,"SLNEL",9,0,30,90,"r00202",2020-05-02,810,"s00296",2020-04-25
"253","c00009","i00318",2020-04-24,"JRVPC",12,0,34,68,"r00333",2020-06-23,816,"s00299",2020-04-27
"254","c00009","i00317",2020-04-24,"TQLMI",21,0,42,42,"r00220",2020-05-10,882,"s00305",2020-04-29
"255","c00003","i00319",2020-04-24,"TQLMI",14,1,27,27,"r00264",2020-05-27,378,"s00331",2020-05-09
"256","c00007","i00322",2020-04-26,"JRVPC",16,0,36,36,"r00527",2020-09-08,576,"s00321",2020-05-04
"257","c00005","i00321",2020-04-26,"JRVPC",16,0,35,105,"r00319",2020-06-16,1680,"s00326",2020-05-07
"258","c00007","i00325",2020-04-27,"WBOEC",19,0,27,81,"r00243",2020-05-18,1539,"s00324",2020-05-06
"259","c00009","i00324",2020-04-27,"GEXDT",18,0,33,66,"r00315",2020-06-15,1188,"s00330",2020-05-08
"260","c00008","i00323",2020-04-27,"JQWPP",20,0,24,72,"r00400",2020-07-20,1440,"s00352",2020-05-15
"261","c00008","i00327",2020-04-28,"QWBPM",11,0,42,42,"r00296",2020-06-07,462,"s00306",2020-04-30
"262","c00007","i00328",2020-04-28,"TQLMI",11,0,34,68,"r00203",2020-05-02,748,"s00361",2020-05-19
"263","c00009","i00329",2020-04-29,"JQWPP",16,0,27,27,"r00329",2020-06-21,432,"s00396",2020-06-01
"264","c00009","i00332",2020-04-30,"TQLMI",15,0,36,36,"r00366",2020-07-05,540,"s00317",2020-05-03
"265","c00010","i00333",2020-04-30,"SLNEL",18,0,24,72,"r00297",2020-06-07,1296,"s00327",2020-05-07
"266","c00004","i00331",2020-04-30,"SSBIT",15,1,35,105,"r00334",2020-06-23,1575,"s00328",2020-05-07
"267","c00009","i00330",2020-04-30,"TQLMI",11,0,30,90,"r00453",2020-08-12,990,"s00329",2020-05-07
"268","c00005","i00336",2020-05-01,"JRVPC",12,1,36,108,"r00227",2020-05-12,1296,"s00311",2020-05-01
"269","c00004","i00334",2020-05-01,"JRVPC",17,0,33,66,"r00855",2021-01-11,1122,"s00318",2020-05-03
"270","c00004","i00335",2020-05-01,"JQWPP",13,0,27,81,"r00226",2020-05-12,1053,"s00332",2020-05-09
"271","c00006","i00338",2020-05-02,"ETKQW",12,0,34,68,"r00254",2020-05-24,816,"s00315",2020-05-02
"272","c00005","i00339",2020-05-02,"ETKQW",14,0,27,27,"r00294",2020-06-06,378,"s00319",2020-05-03
"273","c00010","i00337",2020-05-02,"ZUBSA",17,0,42,42,"r00332",2020-06-22,714,"s00320",2020-05-03
"274","c00001","i00340",2020-05-03,"JQWPP",10,0,30,90,"r00265",2020-05-27,900,"s00333",2020-05-09
"275","c00008","i00341",2020-05-03,"QWBPM",17,0,35,105,"r00626",2020-10-14,1785,"s00334",2020-05-09
"276","c00003","i00342",2020-05-03,"JQWPP",10,0,36,36,"r00221",2020-05-10,360,"s00358",2020-05-18
"277","c00009","i00344",2020-05-04,"WBOEC",21,0,33,66,"r00696",2020-11-10,1386,"s00344",2020-05-13
"278","c00007","i00343",2020-05-04,"JRVPC",23,0,24,72,"r00259",2020-05-26,1656,"s00348",2020-05-14
"279","c00009","i00346",2020-05-05,"GEXDT",19,0,36,108,"r00285",2020-06-03,2052,"s00374",2020-05-25
"280","c00006","i00347",2020-05-06,"ETKQW",11,0,42,42,"r00316",2020-06-15,462,"s00335",2020-05-09
"281","c00010","i00348",2020-05-06,"JQWPP",19,0,34,68,"r00983",2021-05-04,1292,"s00345",2020-05-13
"282","c00008","i00351",2020-05-07,"QWBPM",19,0,35,105,"r00436",2020-08-05,1995,"s00336",2020-05-09
"283","c00005","i00352",2020-05-07,"JRVPC",11,0,36,36,"r00290",2020-06-05,396,"s00339",2020-05-10
"284","c00004","i00349",2020-05-07,"TQLMI",12,0,27,27,"r00360",2020-07-03,324,"s00342",2020-05-12
"285","c00005","i00353",2020-05-08,"WBOEC",13,0,24,72,"r00305",2020-06-11,936,"s00337",2020-05-09
"286","c00005","i00357",2020-05-09,"GEXDT",22,0,42,42,"r00255",2020-05-25,924,"s00349",2020-05-14
"287","c00007","i00354",2020-05-09,"WBOEC",20,1,33,66,"r00282",2020-06-02,1320,"s00353",2020-05-15
"288","c00006","i00355",2020-05-09,"SSBIT",22,0,27,81,"r00279",2020-06-01,1782,"s00368",2020-05-23
"289","c00008","i00356",2020-05-09,"JRVPC",16,0,36,108,"r00397",2020-07-19,1728,"s00373",2020-05-24
"290","c00004","i00363",2020-05-10,"SSBIT",19,0,24,72,"r00344",2020-06-27,1368,"s00341",2020-05-11
"291","c00010","i00360",2020-05-10,"ETKQW",14,0,30,90,"r00415",2020-07-25,1260,"s00346",2020-05-13
"292","c00008","i00364",2020-05-10,"TQLMI",17,0,33,66,"r00238",2020-05-16,1122,"s00354",2020-05-15
"293","c00004","i00362",2020-05-10,"ETKQW",17,0,36,36,"r00471",2020-08-18,612,"s00355",2020-05-15
"294","c00001","i00361",2020-05-10,"WBOEC",16,0,35,105,"r00378",2020-07-08,1680,"s00356",2020-05-17
"295","c00008","i00359",2020-05-10,"WBOEC",21,0,27,27,"r00370",2020-07-06,567,"s00359",2020-05-18
"296","c00006","i00358",2020-05-10,"SLNEL",17,0,34,68,"r00323",2020-06-17,1156,"s00377",2020-05-26
"297","c00008","i00365",2020-05-12,"SLNEL",7,0,27,81,"r00271",2020-05-30,567,"s00350",2020-05-14
"298","c00004","i00368",2020-05-13,"SLNEL",13,0,34,68,"r00272",2020-05-30,884,"s00360",2020-05-18
"299","c00009","i00369",2020-05-14,"WBOEC",20,0,27,27,"r00335",2020-06-23,540,"s00357",2020-05-17
"300","c00003","i00372",2020-05-15,"JRVPC",7,0,36,36,"r00440",2020-08-07,252,"s00363",2020-05-21
"301","c00005","i00371",2020-05-15,"GEXDT",14,0,35,105,"r00425",2020-07-31,1470,"s00365",2020-05-22
"302","c00007","i00373",2020-05-15,"SLNEL",18,0,24,72,"r00283",2020-06-02,1296,"s00397",2020-06-01
"303","c00004","i00374",2020-05-15,"SLNEL",17,0,33,66,"r00505",2020-09-01,1122,"s00407",2020-06-04
"304","c00007","i00377",2020-05-16,"GEXDT",21,0,42,42,"r00382",2020-07-11,882,"s00369",2020-05-23
"305","c00008","i00376",2020-05-16,"WBOEC",12,0,36,108,"r00401",2020-07-20,1296,"s00378",2020-05-26
"306","c00007","i00375",2020-05-16,"JQWPP",16,0,27,81,"r00442",2020-08-08,1296,"s00433",2020-06-13
"307","c00007","i00378",2020-05-17,"TQLMI",16,0,34,68,"r00506",2020-09-01,1088,"s00388",2020-05-29
"308","c00003","i00380",2020-05-18,"JQWPP",17,0,30,90,"r00492",2020-08-26,1530,"s00366",2020-05-22
"309","c00005","i00379",2020-05-18,"WBOEC",13,0,27,27,"r00396",2020-07-18,351,"s00383",2020-05-28
"310","c00004","i00382",2020-05-19,"JRVPC",11,0,36,36,"r00632",2020-10-16,396,"s00367",2020-05-22
"311","c00001","i00383",2020-05-19,"JQWPP",14,0,24,72,"r00406",2020-07-23,1008,"s00380",2020-05-27
"312","c00004","i00381",2020-05-19,"ETKQW",14,0,35,105,"r00320",2020-06-16,1470,"s00389",2020-05-29
"313","c00005","i00385",2020-05-20,"GEXDT",16,0,27,81,"r00426",2020-07-31,1296,"s00364",2020-05-21
"314","c00003","i00384",2020-05-20,"JRVPC",12,0,33,66,"r00487",2020-08-24,792,"s00408",2020-06-04
"315","c00007","i00386",2020-05-21,"TQLMI",11,0,36,108,"r00407",2020-07-23,1188,"s00371",2020-05-23
"316","c00009","i00387",2020-05-21,"TQLMI",18,0,42,42,"r00304",2020-06-10,756,"s00384",2020-05-28
"317","c00007","i00389",2020-05-21,"ZUBSA",27,0,27,27,"r00361",2020-07-03,729,"s00390",2020-05-29
"318","c00009","i00388",2020-05-21,"TQLMI",18,0,34,68,"r00280",2020-06-01,1224,"s00393",2020-05-31
"319","c00008","i00390",2020-05-21,"ETKQW",11,0,30,90,"r00379",2020-07-09,990,"s00394",2020-05-31
"320","c00004","i00392",2020-05-22,"WBOEC",13,0,36,36,"r00701",2020-11-13,468,"s00382",2020-05-27
"321","c00007","i00393",2020-05-22,"WBOEC",8,0,24,72,"r00441",2020-08-07,576,"s00413",2020-06-06
"322","c00003","i00397",2020-05-23,"GEXDT",9,0,42,42,"r00820",2020-12-28,378,"s00372",2020-05-23
"323","c00006","i00400",2020-05-23,"ETKQW",12,0,30,90,"r00306",2020-06-11,1080,"s00375",2020-05-25
"324","c00004","i00398",2020-05-23,"JRVPC",14,0,34,68,"r00493",2020-08-27,952,"s00376",2020-05-25
"325","c00005","i00396",2020-05-23,"WBOEC",24,0,36,108,"r00345",2020-06-28,2592,"s00379",2020-05-26
"326","c00004","i00395",2020-05-23,"JQWPP",9,0,27,81,"r00654",2020-10-26,729,"s00409",2020-06-04
"327","c00004","i00399",2020-05-23,"WBOEC",10,0,27,27,"r00299",2020-06-08,270,"s00416",2020-06-07
"328","c00009","i00401",2020-05-24,"SLNEL",17,0,35,105,"r00371",2020-07-06,1785,"s00385",2020-05-28
"329","c00007","i00403",2020-05-24,"SLNEL",19,0,24,72,"r00287",2020-06-04,1368,"s00391",2020-05-29
"330","c00007","i00402",2020-05-24,"TQLMI",19,0,36,36,"r00342",2020-06-25,684,"s00445",2020-06-18
"331","c00008","i00405",2020-05-25,"ZUBSA",17,0,27,81,"r00309",2020-06-12,1377,"s00419",2020-06-08
"332","c00004","i00409",2020-05-26,"TQLMI",10,0,27,27,"r00352",2020-07-01,270,"s00386",2020-05-28
"333","c00005","i00407",2020-05-26,"ZUBSA",13,0,42,42,"r00555",2020-09-17,546,"s00387",2020-05-28
"334","c00009","i00410",2020-05-26,"ZUBSA",18,0,30,90,"r00302",2020-06-09,1620,"s00398",2020-06-01
"335","c00008","i00406",2020-05-26,"TQLMI",8,0,36,108,"r00350",2020-06-30,864,"s00404",2020-06-03
"336","c00008","i00408",2020-05-26,"JRVPC",20,0,34,68,"r00437",2020-08-05,1360,"s00414",2020-06-06
"337","c00004","i00411",2020-05-27,"QWBPM",19,0,35,105,"r00559",2020-09-18,1995,"s00392",2020-05-29
"338","c00010","i00413",2020-05-27,"GEXDT",24,0,24,72,"r00295",2020-06-06,1728,"s00400",2020-06-02
"339","c00008","i00412",2020-05-27,"ETKQW",12,0,36,36,"r00336",2020-06-23,432,"s00424",2020-06-09
"340","c00004","i00414",2020-05-28,"QWBPM",18,0,33,66,"r00300",2020-06-08,1188,"s00401",2020-06-02
"341","c00005","i00415",2020-05-28,"SLNEL",13,0,27,81,"r00356",2020-07-02,1053,"s00470",2020-06-28
"342","c00008","i00417",2020-05-29,"JQWPP",16,0,42,42,"r00394",2020-07-16,672,"s00405",2020-06-03
"343","c00005","i00416",2020-05-29,"ETKQW",15,0,36,108,"r00393",2020-07-16,1620,"s00425",2020-06-09
"344","c00010","i00421",2020-05-30,"ZUBSA",17,0,35,105,"r00467",2020-08-16,1785,"s00410",2020-06-04
"345","c00009","i00422",2020-05-30,"TQLMI",14,1,36,36,"r00288",2020-06-04,504,"s00420",2020-06-08
"346","c00007","i00420",2020-05-30,"JQWPP",18,0,30,90,"r00372",2020-07-06,1620,"s00421",2020-06-08
"347","c00007","i00423",2020-05-31,"QWBPM",19,0,24,72,"r00480",2020-08-21,1368,"s00406",2020-06-03
"348","c00007","i00426",2020-05-31,"ZUBSA",21,1,36,108,"r00374",2020-07-07,2268,"s00411",2020-06-05
"349","c00007","i00425",2020-05-31,"TQLMI",11,0,27,81,"r00412",2020-07-24,891,"s00412",2020-06-05
"350","c00009","i00430",2020-06-01,"ETKQW",16,0,30,90,"r00697",2020-11-10,1440,"s00417",2020-06-07
"351","c00005","i00427",2020-06-01,"QWBPM",11,0,42,42,"r00717",2020-11-19,462,"s00429",2020-06-12
"352","c00004","i00429",2020-06-01,"JRVPC",13,0,27,27,"r00507",2020-09-01,351,"s00458",2020-06-23
"353","c00009","i00432",2020-06-03,"SLNEL",15,0,36,36,"r00502",2020-08-30,540,"s00415",2020-06-06
"354","c00003","i00431",2020-06-03,"WBOEC",13,0,35,105,"r00689",2020-11-08,1365,"s00436",2020-06-15
"355","c00007","i00435",2020-06-05,"TQLMI",10,0,27,81,"r00357",2020-07-02,810,"s00426",2020-06-09
"356","c00007","i00436",2020-06-05,"TQLMI",7,0,36,108,"r00495",2020-08-28,756,"s00428",2020-06-11
"357","c00004","i00433",2020-06-05,"ZUBSA",16,0,24,72,"r00423",2020-07-29,1152,"s00430",2020-06-12
"358","c00008","i00438",2020-06-06,"JRVPC",14,0,34,68,"r00325",2020-06-18,952,"s00431",2020-06-12
"359","c00005","i00437",2020-06-06,"WBOEC",18,0,42,42,"r00966",2021-03-20,756,"s00437",2020-06-15
"360","c00004","i00439",2020-06-07,"WBOEC",16,0,27,27,"r00343",2020-06-25,432,"s00423",2020-06-08
"361","c00009","i00440",2020-06-07,"SLNEL",16,0,30,90,"r00408",2020-07-23,1440,"s00432",2020-06-12
"362","c00009","i00441",2020-06-09,"ETKQW",13,0,35,105,"r00432",2020-08-02,1365,"s00427",2020-06-10
"363","c00008","i00443",2020-06-09,"WBOEC",7,0,24,72,"r00311",2020-06-13,504,"s00438",2020-06-16
"364","c00004","i00442",2020-06-09,"GEXDT",13,1,36,36,"r00380",2020-07-09,468,"s00439",2020-06-16
"365","c00007","i00444",2020-06-10,"GEXDT",18,0,33,66,"r00317",2020-06-15,1188,"s00434",2020-06-13
"366","c00008","i00445",2020-06-10,"SLNEL",14,0,27,81,"r00514",2020-09-05,1134,"s00496",2020-07-09
"367","c00001","i00447",2020-06-11,"SLNEL",19,0,42,42,"r00512",2020-09-03,798,"s00440",2020-06-16
"368","c00008","i00448",2020-06-11,"JQWPP",13,0,34,68,"r00901",2021-02-01,884,"s00442",2020-06-17
"369","c00009","i00450",2020-06-13,"SSBIT",20,0,30,90,"r00491",2020-08-25,1800,"s00441",2020-06-16
"370","c00004","i00451",2020-06-13,"GEXDT",14,0,35,105,"r00483",2020-08-22,1470,"s00460",2020-06-24
"371","c00005","i00453",2020-06-14,"SLNEL",12,0,24,72,"r00551",2020-09-16,864,"s00451",2020-06-21
"372","c00009","i00452",2020-06-14,"SLNEL",22,0,36,36,"r00353",2020-07-01,792,"s00473",2020-06-29
"373","c00007","i00455",2020-06-15,"JRVPC",14,0,27,81,"r00402",2020-07-20,1134,"s00452",2020-06-21
"374","c00008","i00454",2020-06-15,"WBOEC",13,0,33,66,"r00385",2020-07-12,858,"s00455",2020-06-22
"375","c00002","i00458",2020-06-15,"TQLMI",18,0,34,68,"r00430",2020-08-01,1224,"s00466",2020-06-26
"376","c00007","i00457",2020-06-15,"SSBIT",10,0,42,42,"r00354",2020-07-01,420,"s00469",2020-06-27
"377","c00007","i00456",2020-06-15,"SSBIT",13,0,36,108,"r00351",2020-06-30,1404,"s00480",2020-07-01
"378","c00003","i00460",2020-06-16,"JRVPC",17,0,30,90,"r00592",2020-10-01,1530,"s00448",2020-06-20
"379","c00009","i00459",2020-06-16,"ETKQW",19,0,27,27,"r00416",2020-07-25,513,"s00463",2020-06-25
"380","c00005","i00461",2020-06-16,"SLNEL",14,0,35,105,"r00832",2021-01-01,1470,"s00481",2020-07-01
"381","c00009","i00463",2020-06-18,"WBOEC",16,0,24,72,"r00799",2020-12-20,1152,"s00447",2020-06-19
"382","c00005","i00467",2020-06-18,"SSBIT",6,0,42,42,"r00339",2020-06-24,252,"s00457",2020-06-22
"383","c00004","i00465",2020-06-18,"GEXDT",13,0,27,81,"r00484",2020-08-22,1053,"s00461",2020-06-24
"384","c00006","i00464",2020-06-18,"SSBIT",9,0,33,66,"r00409",2020-07-23,594,"s00478",2020-06-30
"385","c00008","i00468",2020-06-19,"SLNEL",11,0,34,68,"r00433",2020-08-02,748,"s00449",2020-06-20
"386","c00007","i00470",2020-06-19,"ZUBSA",16,0,30,90,"r00417",2020-07-25,1440,"s00453",2020-06-21
"387","c00010","i00469",2020-06-19,"ZUBSA",13,0,27,27,"r00427",2020-07-31,351,"s00462",2020-06-24
"388","c00003","i00471",2020-06-19,"QWBPM",16,0,35,105,"r00513",2020-09-03,1680,"s00472",2020-06-28
"389","c00009","i00475",2020-06-21,"JQWPP",13,0,27,81,"r00428",2020-07-31,1053,"s00454",2020-06-21
"390","c00005","i00473",2020-06-21,"QWBPM",18,0,24,72,"r00845",2021-01-09,1296,"s00482",2020-07-01
"391","c00003","i00472",2020-06-21,"TQLMI",10,0,36,36,"r00792",2020-12-18,360,"s00488",2020-07-05
"392","c00010","i00477",2020-06-22,"JQWPP",6,0,42,42,"r00576",2020-09-25,252,"s00464",2020-06-25
"393","c00005","i00476",2020-06-22,"ZUBSA",17,0,36,108,"r00488",2020-08-24,1836,"s00479",2020-06-30
"394","c00009","i00478",2020-06-23,"QWBPM",11,0,34,68,"r00367",2020-07-05,748,"s00459",2020-06-23
"395","c00001","i00479",2020-06-23,"TQLMI",18,0,27,27,"r00543",2020-09-15,486,"s00467",2020-06-26
"396","c00009","i00484",2020-06-24,"WBOEC",8,0,33,66,"r00410",2020-07-23,528,"s00465",2020-06-25
"397","c00001","i00482",2020-06-24,"SSBIT",15,0,36,36,"r00404",2020-07-21,540,"s00474",2020-06-29
"398","c00006","i00481",2020-06-24,"WBOEC",20,0,35,105,"r00478",2020-08-20,2100,"s00484",2020-07-02
"399","c00009","i00480",2020-06-24,"SSBIT",16,0,30,90,"r00508",2020-09-01,1440,"s00508",2020-07-13
"400","c00009","i00485",2020-06-25,"GEXDT",21,0,27,81,"r00479",2020-08-20,1701,"s00497",2020-07-09
"401","c00004","i00487",2020-06-26,"SLNEL",7,0,42,42,"r00496",2020-08-28,294,"s00468",2020-06-26
"402","c00004","i00486",2020-06-26,"ETKQW",16,0,36,108,"r00839",2021-01-04,1728,"s00485",2020-07-03
"403","c00004","i00488",2020-06-27,"GEXDT",16,1,34,68,"r00750",2020-11-29,1088,"s00475",2020-06-29
"404","c00009","i00491",2020-06-28,"TQLMI",12,0,35,105,"r00439",2020-08-06,1260,"s00476",2020-06-29
"405","c00010","i00490",2020-06-28,"TQLMI",17,1,30,90,"r00443",2020-08-08,1530,"s00477",2020-06-29
"406","c00006","i00489",2020-06-28,"TQLMI",15,0,27,27,"r00535",2020-09-12,405,"s00529",2020-07-24
"407","c00006","i00494",2020-06-29,"SLNEL",13,0,33,66,"r00846",2021-01-09,858,"s00498",2020-07-09
"408","c00006","i00493",2020-06-29,"ETKQW",14,0,24,72,"r00560",2020-09-18,1008,"s00503",2020-07-11
"409","c00008","i00497",2020-06-30,"TQLMI",10,0,42,42,"r00552",2020-09-16,420,"s00487",2020-07-04
"410","c00008","i00496",2020-06-30,"JQWPP",19,0,36,108,"r00381",2020-07-09,2052,"s00491",2020-07-07
"411","c00008","i00498",2020-06-30,"SSBIT",19,0,34,68,"r00511",2020-09-02,1292,"s00509",2020-07-13
"412","c00006","i00502",2020-07-01,"GEXDT",12,0,36,36,"r00583",2020-09-29,432,"s00492",2020-07-07
"413","c00008","i00503",2020-07-01,"ETKQW",14,0,24,72,"r00462",2020-08-14,1008,"s00499",2020-07-09
"414","c00003","i00500",2020-07-01,"QWBPM",17,0,30,90,"r00602",2020-10-05,1530,"s00536",2020-07-27
"415","c00004","i00501",2020-07-01,"ZUBSA",14,0,35,105,"r00431",2020-08-01,1470,"s00545",2020-07-30
"416","c00005","i00504",2020-07-02,"ETKQW",10,0,33,66,"r00580",2020-09-27,660,"s00486",2020-07-03
"417","c00009","i00505",2020-07-02,"JRVPC",14,0,27,81,"r00418",2020-07-26,1134,"s00493",2020-07-08
"418","c00008","i00506",2020-07-02,"QWBPM",20,1,36,108,"r00519",2020-09-07,2160,"s00522",2020-07-20
"419","c00005","i00512",2020-07-04,"QWBPM",13,0,36,36,"r00468",2020-08-16,468,"s00490",2020-07-05
"420","c00003","i00511",2020-07-04,"TQLMI",18,0,35,105,"r00943",2021-02-27,1890,"s00513",2020-07-16
"421","c00009","i00508",2020-07-04,"QWBPM",14,0,34,68,"r00751",2020-11-30,952,"s00516",2020-07-17
"422","c00007","i00514",2020-07-05,"SSBIT",14,0,33,66,"r00446",2020-08-09,924,"s00494",2020-07-08
"423","c00009","i00513",2020-07-05,"JRVPC",16,1,24,72,"r00573",2020-09-24,1152,"s00538",2020-07-27
"424","c00005","i00515",2020-07-06,"ZUBSA",16,0,27,81,"r00429",2020-07-31,1296,"s00495",2020-07-08
"425","c00008","i00519",2020-07-07,"GEXDT",12,0,27,27,"r00403",2020-07-20,324,"s00501",2020-07-10
"426","c00009","i00517",2020-07-07,"TQLMI",14,0,42,42,"r00528",2020-09-08,588,"s00502",2020-07-10
"427","c00004","i00516",2020-07-07,"ETKQW",17,0,36,108,"r00434",2020-08-02,1836,"s00504",2020-07-11
"428","c00007","i00518",2020-07-07,"WBOEC",8,0,34,68,"r00383",2020-07-11,544,"s00517",2020-07-18
"429","c00005","i00520",2020-07-08,"ETKQW",9,0,30,90,"r00664",2020-10-29,810,"s00531",2020-07-25
"430","c00010","i00522",2020-07-09,"WBOEC",15,0,36,36,"r00459",2020-08-13,540,"s00505",2020-07-11
"431","c00005","i00521",2020-07-09,"ETKQW",19,0,35,105,"r00733",2020-11-24,1995,"s00519",2020-07-19
"432","c00004","i00523",2020-07-10,"WBOEC",9,0,24,72,"r00687",2020-11-07,648,"s00532",2020-07-26
"433","c00005","i00524",2020-07-11,"JRVPC",20,0,33,66,"r00463",2020-08-14,1320,"s00511",2020-07-15
"434","c00004","i00526",2020-07-11,"QWBPM",17,0,36,108,"r00395",2020-07-17,1836,"s00514",2020-07-16
"435","c00006","i00529",2020-07-12,"ZUBSA",11,0,27,27,"r00454",2020-08-12,297,"s00507",2020-07-12
"436","c00004","i00527",2020-07-12,"ZUBSA",21,0,42,42,"r00469",2020-08-16,882,"s00520",2020-07-19
"437","c00009","i00530",2020-07-13,"JQWPP",11,0,30,90,"r00481",2020-08-21,990,"s00510",2020-07-14
"438","c00007","i00531",2020-07-13,"ZUBSA",21,0,35,105,"r00520",2020-09-07,2205,"s00558",2020-08-04
"439","c00008","i00534",2020-07-14,"ETKQW",17,0,33,66,"r00420",2020-07-28,1122,"s00525",2020-07-21
"440","c00008","i00535",2020-07-14,"WBOEC",14,0,27,81,"r00500",2020-08-29,1134,"s00563",2020-08-06
"441","c00005","i00536",2020-07-14,"JQWPP",12,0,36,108,"r00593",2020-10-01,1296,"s00579",2020-08-12
"442","c00008","i00538",2020-07-15,"ETKQW",14,0,34,68,"r00567",2020-09-22,952,"s00515",2020-07-16
"443","c00008","i00537",2020-07-15,"GEXDT",11,0,42,42,"r00411",2020-07-23,462,"s00518",2020-07-18
"444","c00008","i00539",2020-07-15,"QWBPM",17,0,27,27,"r00517",2020-09-06,459,"s00546",2020-07-30
"445","c00007","i00540",2020-07-16,"ZUBSA",15,0,30,90,"r00667",2020-10-31,1350,"s00539",2020-07-27
"446","c00009","i00542",2020-07-17,"SLNEL",16,0,36,36,"r00605",2020-10-06,576,"s00523",2020-07-20
"447","c00005","i00543",2020-07-17,"ETKQW",13,0,24,72,"r00635",2020-10-19,936,"s00528",2020-07-23
"448","c00004","i00541",2020-07-17,"SSBIT",18,0,35,105,"r00726",2020-11-22,1890,"s00550",2020-08-01
"449","c00007","i00544",2020-07-18,"ZUBSA",14,0,33,66,"r00565",2020-09-21,924,"s00534",2020-07-26
"450","c00007","i00547",2020-07-20,"QWBPM",9,0,42,42,"r00690",2020-11-08,378,"s00526",2020-07-22
"451","c00006","i00548",2020-07-20,"WBOEC",18,0,34,68,"r00424",2020-07-29,1224,"s00552",2020-08-03
"452","c00005","i00549",2020-07-21,"JRVPC",18,0,27,27,"r00655",2020-10-26,486,"s00564",2020-08-06
"453","c00004","i00551",2020-07-22,"JQWPP",13,0,35,105,"r00464",2020-08-14,1365,"s00530",2020-07-24
"454","c00008","i00552",2020-07-22,"WBOEC",14,0,36,36,"r00670",2020-11-01,504,"s00547",2020-07-30
"455","c00005","i00550",2020-07-22,"ETKQW",12,1,30,90,"r00584",2020-09-29,1080,"s00565",2020-08-06
"456","c00010","i00553",2020-07-23,"JQWPP",8,0,24,72,"r00693",2020-11-09,576,"s00548",2020-07-30
"457","c00004","i00554",2020-07-23,"SLNEL",19,0,33,66,"r00661",2020-10-27,1254,"s00642",2020-09-04
"458","c00005","i00556",2020-07-24,"ZUBSA",24,0,36,108,"r00563",2020-09-19,2592,"s00535",2020-07-26
"459","c00003","i00555",2020-07-24,"SLNEL",16,0,27,81,"r00435",2020-08-02,1296,"s00542",2020-07-28
"460","c00003","i00557",2020-07-24,"JQWPP",13,0,42,42,"r00472",2020-08-18,546,"s00561",2020-08-05
"461","c00005","i00558",2020-07-25,"TQLMI",12,0,34,68,"r00581",2020-09-27,816,"s00553",2020-08-03
"462","c00004","i00560",2020-07-26,"WBOEC",18,0,30,90,"r00608",2020-10-07,1620,"s00540",2020-07-27
"463","c00005","i00561",2020-07-26,"QWBPM",12,0,35,105,"r00539",2020-09-14,1260,"s00554",2020-08-03
"464","c00006","i00559",2020-07-26,"GEXDT",19,0,27,27,"r00574",2020-09-24,513,"s00566",2020-08-07
"465","c00006","i00562",2020-07-27,"WBOEC",12,0,36,36,"r00759",2020-12-03,432,"s00562",2020-08-05
"466","c00005","i00568",2020-07-28,"JQWPP",21,0,34,68,"r00794",2020-12-19,1428,"s00543",2020-07-29
"467","c00006","i00566",2020-07-28,"ZUBSA",18,0,36,108,"r00965",2021-03-19,1944,"s00544",2020-07-29
"468","c00003","i00565",2020-07-28,"SSBIT",15,0,27,81,"r00568",2020-09-23,1215,"s00559",2020-08-04
"469","c00003","i00563",2020-07-28,"WBOEC",14,1,24,72,"r00473",2020-08-18,1008,"s00568",2020-08-07
"470","c00004","i00569",2020-07-28,"SSBIT",18,0,27,27,"r00529",2020-09-09,486,"s00584",2020-08-13
"471","c00006","i00570",2020-07-29,"SLNEL",14,0,30,90,"r00616",2020-10-11,1260,"s00593",2020-08-16
"472","c00008","i00571",2020-07-30,"JQWPP",18,0,35,105,"r00497",2020-08-28,1890,"s00569",2020-08-07
"473","c00005","i00572",2020-07-31,"JRVPC",9,0,36,36,"r00614",2020-10-10,324,"s00594",2020-08-16
"474","c00002","i00575",2020-08-01,"QWBPM",16,0,27,81,"r00856",2021-01-11,1296,"s00555",2020-08-03
"475","c00004","i00574",2020-08-01,"SSBIT",15,0,33,66,"r00460",2020-08-13,990,"s00580",2020-08-12
"476","c00006","i00573",2020-08-01,"ZUBSA",17,0,24,72,"r00917",2021-02-05,1224,"s00606",2020-08-21
"477","c00009","i00578",2020-08-02,"SSBIT",11,0,34,68,"r00447",2020-08-10,748,"s00556",2020-08-03
"478","c00009","i00576",2020-08-02,"WBOEC",12,0,36,108,"r00536",2020-09-12,1296,"s00560",2020-08-04
"479","c00010","i00577",2020-08-02,"QWBPM",19,1,42,42,"r00509",2020-09-01,798,"s00570",2020-08-07
"480","c00007","i00580",2020-08-03,"ETKQW",11,0,30,90,"r00617",2020-10-11,990,"s00575",2020-08-10
"481","c00008","i00579",2020-08-03,"SSBIT",17,0,27,27,"r00577",2020-09-25,459,"s00670",2020-09-15
"482","c00009","i00581",2020-08-04,"JQWPP",14,0,35,105,"r00647",2020-10-25,1470,"s00679",2020-09-17
"483","c00001","i00586",2020-08-05,"QWBPM",15,0,36,108,"r00665",2020-10-29,1620,"s00571",2020-08-08
"484","c00007","i00582",2020-08-05,"ETKQW",15,0,36,36,"r00984",2021-05-08,540,"s00581",2020-08-12
"485","c00006","i00584",2020-08-05,"JRVPC",16,0,33,66,"r00636",2020-10-19,1056,"s00589",2020-08-15
"486","c00010","i00585",2020-08-05,"SSBIT",19,0,27,81,"r00455",2020-08-12,1539,"s00599",2020-08-18
"487","c00004","i00589",2020-08-06,"SSBIT",17,0,27,27,"r00859",2021-01-13,459,"s00576",2020-08-10
"488","c00009","i00587",2020-08-06,"QWBPM",18,0,42,42,"r00470",2020-08-16,756,"s00582",2020-08-12
"489","c00003","i00588",2020-08-06,"JQWPP",12,0,34,68,"r00530",2020-09-10,816,"s00585",2020-08-13
"490","c00007","i00590",2020-08-07,"JRVPC",17,0,30,90,"r00603",2020-10-05,1530,"s00572",2020-08-08
"491","c00004","i00591",2020-08-07,"SLNEL",14,0,35,105,"r00875",2021-01-21,1470,"s00577",2020-08-10
"492","c00006","i00592",2020-08-08,"SLNEL",13,0,36,36,"r00610",2020-10-08,468,"s00586",2020-08-13
"493","c00006","i00594",2020-08-08,"TQLMI",14,0,33,66,"r00712",2020-11-17,924,"s00621",2020-08-28
"494","c00009","i00597",2020-08-10,"SLNEL",10,0,42,42,"r00663",2020-10-28,420,"s00591",2020-08-15
"495","c00004","i00598",2020-08-11,"WBOEC",18,1,34,68,"r00498",2020-08-28,1224,"s00578",2020-08-11
"496","c00004","i00600",2020-08-11,"GEXDT",12,0,30,90,"r00889",2021-01-24,1080,"s00600",2020-08-18
"497","c00009","i00601",2020-08-12,"ZUBSA",16,0,35,105,"r00737",2020-11-25,1680,"s00604",2020-08-20
"498","c00009","i00605",2020-08-13,"ETKQW",11,0,27,81,"r00556",2020-09-17,891,"s00588",2020-08-14
"499","c00007","i00606",2020-08-14,"SSBIT",15,0,36,108,"r00946",2021-03-01,1620,"s00598",2020-08-17
"500","c00006","i00607",2020-08-14,"QWBPM",14,0,42,42,"r00790",2020-12-16,588,"s00607",2020-08-21
"501","c00008","i00608",2020-08-14,"ZUBSA",17,0,34,68,"r00566",2020-09-21,1156,"s00615",2020-08-26
"502","c00004","i00611",2020-08-15,"SLNEL",15,0,35,105,"r00486",2020-08-23,1575,"s00596",2020-08-16
"503","c00005","i00612",2020-08-15,"QWBPM",22,0,36,36,"r00537",2020-09-12,792,"s00601",2020-08-18
"504","c00003","i00610",2020-08-15,"ETKQW",14,0,30,90,"r00474",2020-08-18,1260,"s00602",2020-08-19
"505","c00005","i00609",2020-08-15,"SLNEL",16,0,27,27,"r00706",2020-11-15,432,"s00603",2020-08-19
"506","c00005","i00613",2020-08-15,"ETKQW",19,0,24,72,"r00787",2020-12-15,1368,"s00605",2020-08-20
"507","c00009","i00614",2020-08-16,"JRVPC",19,0,33,66,"r00518",2020-09-06,1254,"s00597",2020-08-16
"508","c00007","i00615",2020-08-16,"JRVPC",18,0,27,81,"r00694",2020-11-09,1458,"s00609",2020-08-23
"509","c00009","i00617",2020-08-17,"ZUBSA",18,0,42,42,"r00618",2020-10-12,756,"s00608",2020-08-21
"510","c00003","i00618",2020-08-17,"SSBIT",17,0,34,68,"r00540",2020-09-14,1156,"s00610",2020-08-23
"511","c00009","i00616",2020-08-17,"ETKQW",11,0,36,108,"r00515",2020-09-05,1188,"s00628",2020-08-31
"512","c00007","i00619",2020-08-18,"WBOEC",13,0,27,27,"r00838",2021-01-03,351,"s00611",2020-08-23
"513","c00004","i00622",2020-08-20,"TQLMI",23,1,36,36,"r00585",2020-09-29,828,"s00631",2020-09-01
"514","c00003","i00623",2020-08-21,"GEXDT",12,0,24,72,"r00953",2021-03-06,864,"s00618",2020-08-27
"515","c00006","i00624",2020-08-21,"JQWPP",16,0,33,66,"r00695",2020-11-09,1056,"s00667",2020-09-13
"516","c00006","i00625",2020-08-21,"JQWPP",11,0,27,81,"r00532",2020-09-11,891,"s00688",2020-09-23
"517","c00006","i00626",2020-08-22,"QWBPM",9,0,36,108,"r00761",2020-12-04,972,"s00616",2020-08-26
"518","c00004","i00627",2020-08-22,"ETKQW",14,0,42,42,"r00521",2020-09-07,588,"s00619",2020-08-27
"519","c00010","i00628",2020-08-22,"SSBIT",17,0,34,68,"r00541",2020-09-14,1156,"s00640",2020-09-03
"520","c00004","i00631",2020-08-23,"GEXDT",17,0,35,105,"r00714",2020-11-18,1785,"s00612",2020-08-24
"521","c00010","i00630",2020-08-23,"JRVPC",17,0,30,90,"r00886",2021-01-23,1530,"s00613",2020-08-24
"522","c00005","i00633",2020-08-23,"QWBPM",18,0,24,72,"r00598",2020-10-03,1296,"s00649",2020-09-06
"523","c00005","i00632",2020-08-23,"JRVPC",16,0,36,36,"r00569",2020-09-23,576,"s00655",2020-09-08
"524","c00006","i00629",2020-08-23,"SLNEL",20,0,27,27,"r00702",2020-11-13,540,"s00760",2020-10-17
"525","c00007","i00638",2020-08-24,"ETKQW",18,0,34,68,"r00538",2020-09-13,1224,"s00614",2020-08-25
"526","c00004","i00634",2020-08-24,"QWBPM",13,0,33,66,"r00522",2020-09-07,858,"s00632",2020-09-01
"527","c00004","i00637",2020-08-24,"TQLMI",16,0,42,42,"r00619",2020-10-12,672,"s00633",2020-09-01
"528","c00009","i00641",2020-08-25,"QWBPM",12,0,35,105,"r00648",2020-10-25,1260,"s00620",2020-08-27
"529","c00008","i00639",2020-08-25,"SSBIT",12,0,27,27,"r00531",2020-09-10,324,"s00662",2020-09-10
"530","c00005","i00640",2020-08-25,"JRVPC",17,0,30,90,"r00656",2020-10-26,1530,"s00676",2020-09-16
"531","c00005","i00642",2020-08-26,"QWBPM",15,0,36,36,"r00640",2020-10-21,540,"s00622",2020-08-28
"532","c00005","i00645",2020-08-26,"SSBIT",11,1,27,81,"r00633",2020-10-17,891,"s00625",2020-08-29
"533","c00003","i00647",2020-08-26,"JRVPC",17,0,42,42,"r00700",2020-11-12,714,"s00630",2020-08-31
"534","c00004","i00646",2020-08-26,"WBOEC",16,0,36,108,"r00703",2020-11-13,1728,"s00637",2020-09-02
"535","c00003","i00643",2020-08-26,"ETKQW",13,0,24,72,"r00601",2020-10-04,936,"s00682",2020-09-21
"536","c00007","i00644",2020-08-26,"WBOEC",13,0,33,66,"r00829",2020-12-31,858,"s00689",2020-09-23
"537","c00005","i00649",2020-08-27,"WBOEC",18,0,27,27,"r00671",2020-11-02,486,"s00623",2020-08-28
"538","c00004","i00651",2020-08-29,"WBOEC",11,0,35,105,"r00704",2020-11-14,1155,"s00626",2020-08-29
"539","c00007","i00650",2020-08-29,"SSBIT",25,0,30,90,"r00557",2020-09-17,2250,"s00635",2020-09-01
"540","c00001","i00654",2020-08-29,"ETKQW",15,0,33,66,"r00544",2020-09-15,990,"s00638",2020-09-02
"541","c00009","i00653",2020-08-29,"SSBIT",21,0,24,72,"r00850",2021-01-10,1512,"s00639",2020-09-02
"542","c00008","i00652",2020-08-29,"ZUBSA",19,0,36,36,"r00570",2020-09-23,684,"s00704",2020-09-28
"543","c00009","i00656",2020-08-30,"ETKQW",18,1,36,108,"r00629",2020-10-15,1944,"s00643",2020-09-04
"544","c00006","i00658",2020-08-30,"ZUBSA",20,0,34,68,"r00595",2020-10-02,1360,"s00651",2020-09-07
"545","c00005","i00657",2020-08-30,"TQLMI",21,0,42,42,"r00542",2020-09-14,882,"s00656",2020-09-08
"546","c00006","i00660",2020-08-30,"ETKQW",13,0,30,90,"r00713",2020-11-17,1170,"s00659",2020-09-09
"547","c00004","i00662",2020-08-31,"SSBIT",11,0,36,36,"r00561",2020-09-18,396,"s00644",2020-09-04
"548","c00004","i00663",2020-08-31,"WBOEC",15,0,24,72,"r00620",2020-10-12,1080,"s00652",2020-09-07
"549","c00002","i00664",2020-09-01,"ETKQW",10,0,33,66,"r00871",2021-01-20,660,"s00647",2020-09-05
"550","c00007","i00665",2020-09-02,"JRVPC",9,0,27,81,"r00533",2020-09-11,729,"s00657",2020-09-08
"551","c00004","i00667",2020-09-03,"SSBIT",16,0,42,42,"r00727",2020-11-22,672,"s00641",2020-09-03
"552","c00008","i00669",2020-09-03,"ZUBSA",11,0,27,27,"r00623",2020-10-13,297,"s00648",2020-09-05
"553","c00009","i00666",2020-09-03,"ETKQW",17,0,36,108,"r00622",2020-10-13,1836,"s00653",2020-09-07
"554","c00009","i00670",2020-09-03,"JQWPP",13,0,30,90,"r00795",2020-12-19,1170,"s00654",2020-09-07
"555","c00004","i00668",2020-09-03,"TQLMI",22,0,34,68,"r00861",2021-01-14,1496,"s00761",2020-10-17
"556","c00009","i00672",2020-09-04,"QWBPM",13,0,36,36,"r00586",2020-09-29,468,"s00645",2020-09-04
"557","c00010","i00674",2020-09-04,"WBOEC",23,0,33,66,"r00637",2020-10-19,1518,"s00646",2020-09-04
"558","c00009","i00673",2020-09-04,"WBOEC",29,0,24,72,"r00523",2020-09-07,2088,"s00671",2020-09-15
"559","c00008","i00675",2020-09-04,"JRVPC",12,0,27,81,"r00937",2021-02-20,972,"s00672",2020-09-15
"560","c00010","i00671",2020-09-04,"ETKQW",16,0,35,105,"r00649",2020-10-25,1680,"s00727",2020-10-05
"561","c00005","i00678",2020-09-05,"GEXDT",14,0,34,68,"r00558",2020-09-17,952,"s00650",2020-09-06
"562","c00003","i00679",2020-09-05,"SSBIT",15,0,27,27,"r00627",2020-10-14,405,"s00663",2020-09-11
"563","c00004","i00677",2020-09-05,"WBOEC",17,0,42,42,"r00679",2020-11-04,714,"s00664",2020-09-11
"564","c00007","i00676",2020-09-05,"TQLMI",21,0,36,108,"r00564",2020-09-20,2268,"s00711",2020-09-30
"565","c00006","i00681",2020-09-07,"TQLMI",16,0,35,105,"r00862",2021-01-14,1680,"s00661",2020-09-09
"566","c00004","i00683",2020-09-08,"SSBIT",16,0,24,72,"r00590",2020-09-30,1152,"s00666",2020-09-12
"567","c00004","i00685",2020-09-08,"ZUBSA",17,0,27,81,"r00682",2020-11-05,1377,"s00669",2020-09-14
"568","c00010","i00684",2020-09-08,"JRVPC",23,0,33,66,"r00940",2021-02-23,1518,"s00691",2020-09-24
"569","c00004","i00686",2020-09-10,"ZUBSA",11,0,36,108,"r00818",2020-12-27,1188,"s00665",2020-09-11
"570","c00007","i00687",2020-09-10,"ZUBSA",19,0,42,42,"r00639",2020-10-20,798,"s00680",2020-09-17
"571","c00009","i00691",2020-09-12,"JRVPC",11,0,35,105,"r00720",2020-11-20,1155,"s00674",2020-09-15
"572","c00001","i00690",2020-09-12,"QWBPM",19,0,30,90,"r00876",2021-01-21,1710,"s00675",2020-09-15
"573","c00010","i00689",2020-09-12,"ZUBSA",16,0,27,27,"r00575",2020-09-24,432,"s00690",2020-09-23
"574","c00003","i00692",2020-09-12,"JRVPC",15,0,36,36,"r00578",2020-09-25,540,"s00715",2020-10-02
"575","c00009","i00693",2020-09-13,"SSBIT",16,0,24,72,"r00666",2020-10-30,1152,"s00681",2020-09-19
"576","c00007","i00700",2020-09-16,"GEXDT",9,0,30,90,"r00740",2020-11-26,810,"s00678",2020-09-16
"577","c00005","i00702",2020-09-16,"WBOEC",12,0,36,36,"r00683",2020-11-05,432,"s00684",2020-09-21
"578","c00006","i00699",2020-09-16,"ZUBSA",15,0,27,27,"r00774",2020-12-11,405,"s00713",2020-10-01
"579","c00009","i00701",2020-09-16,"JRVPC",14,0,35,105,"r00582",2020-09-27,1470,"s00738",2020-10-10
"580","c00008","i00703",2020-09-17,"ETKQW",8,0,24,72,"r00898",2021-01-30,576,"s00699",2020-09-26
"581","c00005","i00704",2020-09-17,"ETKQW",6,0,33,66,"r00657",2020-10-26,396,"s00776",2020-10-23
"582","c00009","i00706",2020-09-18,"JQWPP",14,0,36,108,"r00596",2020-10-02,1512,"s00692",2020-09-24
"583","c00009","i00707",2020-09-19,"SSBIT",12,0,42,42,"r00597",2020-10-02,504,"s00693",2020-09-24
"584","c00009","i00708",2020-09-19,"SSBIT",14,0,34,68,"r00587",2020-09-29,952,"s00694",2020-09-25
"585","c00008","i00709",2020-09-19,"SSBIT",10,0,27,27,"r00732",2020-11-23,270,"s00701",2020-09-27
"586","c00006","i00712",2020-09-20,"JRVPC",7,0,36,36,"r00821",2020-12-28,252,"s00685",2020-09-22
"587","c00004","i00713",2020-09-20,"ZUBSA",8,0,24,72,"r00912",2021-02-03,576,"s00686",2020-09-22
"588","c00007","i00710",2020-09-20,"QWBPM",18,0,30,90,"r00650",2020-10-25,1620,"s00718",2020-10-03
"589","c00006","i00711",2020-09-20,"WBOEC",11,0,35,105,"r00806",2020-12-23,1155,"s00753",2020-10-15
"590","c00006","i00714",2020-09-21,"GEXDT",20,1,33,66,"r00757",2020-12-02,1320,"s00708",2020-09-29
"591","c00003","i00716",2020-09-22,"SSBIT",10,0,36,108,"r00630",2020-10-15,1080,"s00687",2020-09-22
"592","c00009","i00715",2020-09-22,"ZUBSA",19,0,27,81,"r00674",2020-11-03,1539,"s00695",2020-09-25
"593","c00009","i00718",2020-09-22,"JQWPP",19,0,34,68,"r00723",2020-11-21,1292,"s00696",2020-09-25
"594","c00001","i00717",2020-09-22,"WBOEC",16,0,42,42,"r00938",2021-02-22,672,"s00709",2020-09-29
"595","c00005","i00719",2020-09-23,"JRVPC",13,0,27,27,"r00631",2020-10-15,351,"s00705",2020-09-28
"596","c00007","i00722",2020-09-24,"TQLMI",19,0,36,36,"r00615",2020-10-10,684,"s00719",2020-10-03
"597","c00008","i00724",2020-09-25,"WBOEC",12,0,33,66,"r00783",2020-12-14,792,"s00697",2020-09-25
"598","c00009","i00723",2020-09-25,"SSBIT",17,0,24,72,"r00675",2020-11-03,1224,"s00703",2020-09-27
"599","c00007","i00726",2020-09-25,"WBOEC",15,0,36,108,"r00780",2020-12-13,1620,"s00717",2020-10-02
"600","c00005","i00727",2020-09-25,"GEXDT",12,0,42,42,"r00907",2021-02-02,504,"s00729",2020-10-05
"601","c00010","i00728",2020-09-26,"ZUBSA",16,0,34,68,"r00908",2021-02-02,1088,"s00785",2020-10-26
"602","c00003","i00729",2020-09-27,"TQLMI",9,0,27,27,"r00672",2020-11-02,243,"s00707",2020-09-28
"603","c00003","i00730",2020-09-27,"SLNEL",18,0,30,90,"r00662",2020-10-27,1620,"s00710",2020-09-29
"604","c00007","i00731",2020-09-28,"ETKQW",15,0,35,105,"r00676",2020-11-03,1575,"s00765",2020-10-19
"605","c00004","i00732",2020-09-28,"ETKQW",16,0,36,36,"r00734",2020-11-24,576,"s00786",2020-10-26
"606","c00010","i00736",2020-09-30,"WBOEC",15,0,36,108,"r00793",2020-12-18,1620,"s00730",2020-10-06
"607","c00009","i00735",2020-09-30,"ZUBSA",18,0,27,81,"r00688",2020-11-07,1458,"s00736",2020-10-09
"608","c00008","i00737",2020-10-01,"TQLMI",17,0,42,42,"r00775",2020-12-11,714,"s00714",2020-10-01
"609","c00007","i00738",2020-10-01,"SLNEL",16,0,34,68,"r00981",2021-04-25,1088,"s00723",2020-10-04
"610","c00005","i00739",2020-10-02,"WBOEC",11,0,27,27,"r00641",2020-10-21,297,"s00720",2020-10-03
"611","c00005","i00744",2020-10-03,"JRVPC",14,0,33,66,"r00784",2020-12-14,924,"s00724",2020-10-04
"612","c00003","i00747",2020-10-03,"ETKQW",11,0,42,42,"r00728",2020-11-22,462,"s00739",2020-10-10
"613","c00007","i00745",2020-10-03,"ETKQW",15,0,27,81,"r00909",2021-02-02,1215,"s00746",2020-10-13
"614","c00008","i00741",2020-10-03,"GEXDT",19,0,35,105,"r00644",2020-10-24,1995,"s00791",2020-10-27
"615","c00009","i00746",2020-10-03,"ZUBSA",15,0,36,108,"r00735",2020-11-24,1620,"s00798",2020-10-30
"616","c00004","i00740",2020-10-03,"JQWPP",20,0,30,90,"r00823",2020-12-30,1800,"s00804",2020-11-01
"617","c00005","i00749",2020-10-04,"JQWPP",16,0,27,27,"r00913",2021-02-03,432,"s00725",2020-10-04
"618","c00009","i00751",2020-10-04,"ETKQW",8,0,35,105,"r00796",2020-12-19,840,"s00743",2020-10-12
"619","c00005","i00748",2020-10-04,"JRVPC",19,0,34,68,"r00933",2021-02-18,1292,"s00751",2020-10-14
"620","c00008","i00750",2020-10-04,"TQLMI",17,0,30,90,"r00658",2020-10-26,1530,"s00799",2020-10-31
"621","c00004","i00756",2020-10-06,"SLNEL",10,0,36,108,"r00705",2020-11-14,1080,"s00731",2020-10-06
"622","c00006","i00759",2020-10-06,"GEXDT",14,0,27,27,"r00643",2020-10-22,378,"s00735",2020-10-08
"623","c00007","i00758",2020-10-06,"JQWPP",12,0,34,68,"r00651",2020-10-25,816,"s00754",2020-10-15
"624","c00005","i00753",2020-10-06,"JQWPP",14,0,24,72,"r00691",2020-11-08,1008,"s00755",2020-10-15
"625","c00009","i00760",2020-10-06,"JQWPP",10,0,30,90,"r00645",2020-10-24,900,"s00757",2020-10-16
"626","c00009","i00761",2020-10-06,"GEXDT",14,0,35,105,"r00673",2020-11-02,1470,"s00762",2020-10-18
"627","c00008","i00755",2020-10-06,"JRVPC",14,0,27,81,"r00915",2021-02-04,1134,"s00793",2020-10-28
"628","c00005","i00763",2020-10-07,"JQWPP",16,0,24,72,"r00715",2020-11-18,1152,"s00747",2020-10-13
"629","c00005","i00766",2020-10-07,"JRVPC",12,0,36,108,"r00778",2020-12-12,1296,"s00748",2020-10-13
"630","c00009","i00765",2020-10-07,"JQWPP",18,0,27,81,"r00741",2020-11-26,1458,"s00766",2020-10-19
"631","c00004","i00767",2020-10-07,"TQLMI",20,0,42,42,"r00684",2020-11-05,840,"s00767",2020-10-20
"632","c00008","i00762",2020-10-07,"GEXDT",19,0,36,36,"r00747",2020-11-28,684,"s00769",2020-10-21
"633","c00007","i00768",2020-10-08,"ETKQW",13,0,34,68,"r00803",2020-12-21,884,"s00756",2020-10-15
"634","c00005","i00769",2020-10-08,"ETKQW",18,1,27,27,"r00998",2021-08-11,486,"s00777",2020-10-23
"635","c00009","i00770",2020-10-08,"SLNEL",7,0,30,90,"r00994",2021-06-22,630,"s00800",2020-10-31
"636","c00009","i00773",2020-10-09,"QWBPM",10,0,24,72,"r00707",2020-11-16,720,"s00774",2020-10-22
"637","c00009","i00774",2020-10-09,"ETKQW",14,0,33,66,"r00977",2021-04-12,924,"s00780",2020-10-25
"638","c00010","i00779",2020-10-10,"JRVPC",10,0,27,27,"r00851",2021-01-10,270,"s00741",2020-10-10
"639","c00008","i00776",2020-10-10,"TQLMI",14,1,36,108,"r00652",2020-10-25,1512,"s00744",2020-10-12
"640","c00004","i00778",2020-10-10,"WBOEC",9,0,34,68,"r00841",2021-01-07,612,"s00750",2020-10-13
"641","c00004","i00775",2020-10-10,"SLNEL",15,0,27,81,"r00988",2021-05-16,1215,"s00758",2020-10-16
"642","c00005","i00777",2020-10-10,"TQLMI",18,0,42,42,"r00872",2021-01-20,756,"s00779",2020-10-24
"643","c00006","i00781",2020-10-11,"ZUBSA",13,0,35,105,"r00742",2020-11-26,1365,"s00768",2020-10-20
"644","c00010","i00780",2020-10-11,"GEXDT",17,0,30,90,"r00718",2020-11-19,1530,"s00848",2020-11-17
"645","c00005","i00782",2020-10-12,"ZUBSA",15,0,36,36,"r00699",2020-11-11,540,"s00787",2020-10-26
"646","c00004","i00787",2020-10-16,"TQLMI",9,0,42,42,"r00781",2020-12-13,378,"s00781",2020-10-25
"647","c00009","i00786",2020-10-16,"JRVPC",18,0,36,108,"r00951",2021-03-03,1944,"s00816",2020-11-05
"648","c00007","i00792",2020-10-17,"ZUBSA",19,0,36,36,"r00805",2020-12-22,684,"s00771",2020-10-21
"649","c00004","i00791",2020-10-17,"JRVPC",27,0,35,105,"r00677",2020-11-03,2835,"s00788",2020-10-26
"650","c00008","i00789",2020-10-17,"JQWPP",15,0,27,27,"r00958",2021-03-12,405,"s00789",2020-10-26
"651","c00003","i00790",2020-10-17,"JQWPP",13,0,30,90,"r00867",2021-01-18,1170,"s00805",2020-11-01
"652","c00006","i00795",2020-10-18,"WBOEC",19,0,27,81,"r00947",2021-03-01,1539,"s00782",2020-10-25
"653","c00003","i00797",2020-10-18,"ZUBSA",28,0,42,42,"r00967",2021-03-20,1176,"s00792",2020-10-27
"654","c00007","i00794",2020-10-18,"JQWPP",15,0,33,66,"r00807",2020-12-23,990,"s00794",2020-10-28
"655","c00005","i00796",2020-10-18,"JRVPC",16,0,36,108,"r00678",2020-11-03,1728,"s00809",2020-11-02
"656","c00007","i00793",2020-10-18,"GEXDT",19,0,24,72,"r00762",2020-12-04,1368,"s00813",2020-11-03
"657","c00008","i00798",2020-10-19,"QWBPM",14,0,34,68,"r00973",2021-04-03,952,"s00772",2020-10-21
"658","c00005","i00802",2020-10-19,"WBOEC",15,0,36,36,"r00914",2021-02-03,540,"s00775",2020-10-22
"659","c00005","i00801",2020-10-19,"ETKQW",14,0,35,105,"r00970",2021-03-29,1470,"s00806",2020-11-01
"660","c00005","i00799",2020-10-19,"SSBIT",8,1,27,27,"r00748",2020-11-28,216,"s00834",2020-11-12
"661","c00008","i00803",2020-10-20,"ZUBSA",13,0,24,72,"r00868",2021-01-18,936,"s00773",2020-10-21
"662","c00009","i00804",2020-10-20,"ZUBSA",16,0,33,66,"r00770",2020-12-09,1056,"s00783",2020-10-25
"663","c00007","i00805",2020-10-21,"SLNEL",11,0,27,81,"r00877",2021-01-21,891,"s00784",2020-10-25
"664","c00005","i00808",2020-10-21,"GEXDT",10,0,34,68,"r00835",2021-01-02,680,"s00795",2020-10-28
"665","c00007","i00806",2020-10-21,"ETKQW",16,0,36,108,"r00721",2020-11-20,1728,"s00828",2020-11-08
"666","c00007","i00807",2020-10-21,"WBOEC",23,0,42,42,"r00869",2021-01-18,966,"s00829",2020-11-08
"667","c00004","i00809",2020-10-22,"SSBIT",17,0,27,27,"r00887",2021-01-23,459,"s00824",2020-11-07
"668","c00005","i00810",2020-10-23,"QWBPM",14,0,30,90,"r00830",2020-12-31,1260,"s00778",2020-10-23
"669","c00009","i00811",2020-10-23,"QWBPM",18,0,35,105,"r00754",2020-12-01,1890,"s00810",2020-11-02
"670","c00004","i00812",2020-10-24,"SLNEL",21,0,36,36,"r00847",2021-01-09,756,"s00817",2020-11-05
"671","c00007","i00814",2020-10-24,"SLNEL",18,0,33,66,"r00843",2021-01-08,1188,"s00830",2020-11-08
"672","c00008","i00815",2020-10-25,"GEXDT",15,0,27,81,"r00924",2021-02-10,1215,"s00790",2020-10-26
"673","c00004","i00818",2020-10-26,"SSBIT",9,0,34,68,"r00800",2020-12-20,612,"s00862",2020-11-22
"674","c00007","i00822",2020-10-27,"ETKQW",13,0,36,36,"r00808",2020-12-23,468,"s00814",2020-11-03
"675","c00003","i00821",2020-10-27,"SLNEL",16,0,35,105,"r00918",2021-02-05,1680,"s00815",2020-11-04
"676","c00005","i00820",2020-10-27,"JQWPP",15,0,30,90,"r00812",2020-12-25,1350,"s00818",2020-11-05
"677","c00003","i00824",2020-10-28,"ETKQW",17,0,33,66,"r00999",2021-08-23,1122,"s00796",2020-10-28
"678","c00003","i00823",2020-10-28,"ETKQW",20,0,24,72,"r00763",2020-12-04,1440,"s00807",2020-11-01
"679","c00005","i00827",2020-10-29,"ZUBSA",12,0,42,42,"r00996",2021-07-25,504,"s00797",2020-10-29
"680","c00004","i00825",2020-10-29,"QWBPM",16,0,27,81,"r00939",2021-02-22,1296,"s00823",2020-11-06
"681","c00003","i00826",2020-10-29,"SSBIT",21,0,36,108,"r00724",2020-11-21,2268,"s00877",2020-11-28
"682","c00003","i00831",2020-10-30,"GEXDT",10,0,35,105,"r00836",2021-01-02,1050,"s00803",2020-10-31
"683","c00007","i00829",2020-10-30,"ZUBSA",18,0,27,27,"r00755",2020-12-01,486,"s00819",2020-11-05
"684","c00005","i00832",2020-10-30,"JRVPC",14,0,36,36,"r00863",2021-01-15,504,"s00825",2020-11-07
"685","c00009","i00828",2020-10-30,"ZUBSA",18,0,34,68,"r00941",2021-02-24,1224,"s00832",2020-11-11
"686","c00006","i00830",2020-10-30,"TQLMI",18,0,30,90,"r00773",2020-12-10,1620,"s00840",2020-11-14
"687","c00010","i00835",2020-11-01,"SLNEL",18,0,27,81,"r00698",2020-11-10,1458,"s00808",2020-11-01
"688","c00009","i00836",2020-11-02,"JQWPP",13,0,36,108,"r00824",2020-12-30,1404,"s00835",2020-11-12
"689","c00004","i00837",2020-11-02,"GEXDT",16,0,42,42,"r00708",2020-11-16,672,"s00841",2020-11-14
"690","c00010","i00838",2020-11-03,"SSBIT",18,0,34,68,"r00719",2020-11-19,1224,"s00820",2020-11-05
"691","c00009","i00842",2020-11-05,"GEXDT",7,0,36,36,"r00833",2021-01-01,252,"s00866",2020-11-24
"692","c00005","i00844",2020-11-06,"SLNEL",8,0,33,66,"r00925",2021-02-11,528,"s00839",2020-11-13
"693","c00006","i00845",2020-11-06,"ZUBSA",7,0,27,81,"r00749",2020-11-28,567,"s00875",2020-11-26
"694","c00006","i00847",2020-11-07,"JQWPP",10,1,42,42,"r00738",2020-11-25,420,"s00826",2020-11-07
"695","c00004","i00846",2020-11-07,"JQWPP",13,0,36,108,"r00852",2021-01-10,1404,"s00827",2020-11-07
"696","c00005","i00848",2020-11-08,"WBOEC",18,0,34,68,"r00745",2020-11-27,1224,"s00854",2020-11-19
"697","c00004","i00851",2020-11-09,"SLNEL",14,0,35,105,"r00776",2020-12-11,1470,"s00833",2020-11-11
"698","c00010","i00850",2020-11-09,"SSBIT",19,0,30,90,"r00771",2020-12-09,1710,"s00855",2020-11-19
"699","c00003","i00852",2020-11-10,"TQLMI",14,0,36,36,"r00892",2021-01-27,504,"s00842",2020-11-14
"700","c00009","i00853",2020-11-10,"QWBPM",17,0,24,72,"r00739",2020-11-25,1224,"s00868",2020-11-25
"701","c00003","i00854",2020-11-10,"SLNEL",10,0,33,66,"r00957",2021-03-11,660,"s00883",2020-11-30
"702","c00001","i00855",2020-11-11,"SLNEL",14,0,27,81,"r00779",2020-12-12,1134,"s00884",2020-11-30
"703","c00010","i00856",2020-11-12,"SLNEL",19,0,36,108,"r00831",2020-12-31,2052,"s00837",2020-11-12
"704","c00004","i00859",2020-11-13,"TQLMI",13,0,27,27,"r00987",2021-05-15,351,"s00843",2020-11-15
"705","c00010","i00857",2020-11-13,"ETKQW",16,0,42,42,"r00853",2021-01-10,672,"s00849",2020-11-17
"706","c00004","i00858",2020-11-13,"TQLMI",13,0,34,68,"r00819",2020-12-27,884,"s00897",2020-12-06
"707","c00002","i00861",2020-11-14,"SLNEL",10,0,35,105,"r00767",2020-12-07,1050,"s00846",2020-11-16
"708","c00005","i00860",2020-11-14,"GEXDT",15,0,30,90,"r00722",2020-11-20,1350,"s00850",2020-11-17
"709","c00006","i00863",2020-11-15,"JQWPP",13,0,24,72,"r00902",2021-02-01,936,"s00876",2020-11-26
"710","c00010","i00862",2020-11-15,"ZUBSA",16,0,36,36,"r00959",2021-03-12,576,"s00879",2020-11-29
"711","c00008","i00864",2020-11-15,"ZUBSA",14,0,33,66,"r00785",2020-12-14,924,"s00906",2020-12-09
"712","c00004","i00866",2020-11-16,"GEXDT",17,0,36,108,"r00944",2021-02-28,1836,"s00861",2020-11-21
"713","c00009","i00868",2020-11-16,"SLNEL",10,0,34,68,"r00743",2020-11-26,680,"s00865",2020-11-23
"714","c00005","i00871",2020-11-17,"TQLMI",17,0,35,105,"r00791",2020-12-16,1785,"s00852",2020-11-18
"715","c00004","i00872",2020-11-17,"TQLMI",17,0,36,36,"r00932",2021-02-17,612,"s00856",2020-11-19
"716","c00010","i00870",2020-11-17,"ZUBSA",27,0,30,90,"r00948",2021-03-01,2430,"s00857",2020-11-19
"717","c00009","i00873",2020-11-18,"JQWPP",18,0,24,72,"r00744",2020-11-26,1296,"s00853",2020-11-18
"718","c00003","i00875",2020-11-18,"TQLMI",15,0,27,81,"r00837",2021-01-02,1215,"s00896",2020-12-05
"719","c00009","i00877",2020-11-19,"SLNEL",13,0,42,42,"r00756",2020-12-01,546,"s00860",2020-11-20
"720","c00008","i00876",2020-11-19,"SSBIT",20,0,36,108,"r00810",2020-12-24,2160,"s00887",2020-12-01
"721","c00008","i00878",2020-11-20,"WBOEC",23,0,34,68,"r00797",2020-12-19,1564,"s00901",2020-12-07
"722","c00007","i00879",2020-11-21,"SLNEL",14,0,27,27,"r00848",2021-01-09,378,"s00898",2020-12-06
"723","c00009","i00880",2020-11-21,"GEXDT",14,0,30,90,"r00873",2021-01-20,1260,"s00949",2020-12-24
"724","c00007","i00884",2020-11-22,"TQLMI",15,0,33,66,"r00813",2020-12-25,990,"s00870",2020-11-25
"725","c00009","i00883",2020-11-22,"ZUBSA",15,0,24,72,"r00895",2021-01-29,1080,"s00871",2020-11-25
"726","c00007","i00885",2020-11-22,"SLNEL",12,0,27,81,"r00764",2020-12-06,972,"s00894",2020-12-04
"727","c00006","i00887",2020-11-22,"JQWPP",14,0,42,42,"r00880",2021-01-22,588,"s00902",2020-12-07
"728","c00004","i00890",2020-11-23,"QWBPM",14,0,30,90,"r00777",2020-12-11,1260,"s00872",2020-11-25
"729","c00004","i00889",2020-11-23,"ETKQW",14,0,27,27,"r00955",2021-03-07,378,"s00873",2020-11-25
"730","c00009","i00892",2020-11-24,"JRVPC",18,0,36,36,"r00768",2020-12-07,648,"s00867",2020-11-24
"731","c00007","i00894",2020-11-25,"WBOEC",14,0,33,66,"r00840",2021-01-06,924,"s00911",2020-12-11
"732","c00007","i00893",2020-11-25,"SLNEL",14,0,24,72,"r00930",2021-02-14,1008,"s00921",2020-12-14
"733","c00008","i00895",2020-11-26,"ETKQW",14,0,27,81,"r00864",2021-01-15,1134,"s00881",2020-11-29
"734","c00005","i00896",2020-11-26,"WBOEC",13,0,36,108,"r00769",2020-12-08,1404,"s00922",2020-12-14
"735","c00008","i00899",2020-11-27,"GEXDT",13,0,27,27,"r00968",2021-03-21,351,"s00878",2020-11-28
"736","c00005","i00898",2020-11-27,"GEXDT",19,0,34,68,"r00962",2021-03-17,1292,"s00882",2020-11-29
"737","c00004","i00897",2020-11-27,"WBOEC",12,0,42,42,"r00788",2020-12-15,504,"s00888",2020-12-01
"738","c00004","i00900",2020-11-27,"SLNEL",14,0,30,90,"r00809",2020-12-23,1260,"s00904",2020-12-08
"739","c00007","i00902",2020-11-27,"QWBPM",12,1,36,36,"r00952",2021-03-04,432,"s00923",2020-12-14
"740","c00009","i00903",2020-11-28,"JQWPP",19,0,24,72,"r00765",2020-12-06,1368,"s00899",2020-12-06
"741","c00010","i00905",2020-11-30,"SLNEL",23,0,27,81,"r00903",2021-02-01,1863,"s00890",2020-12-02
"742","c00005","i00908",2020-11-30,"QWBPM",17,0,34,68,"r00978",2021-04-15,1156,"s00895",2020-12-04
"743","c00006","i00906",2020-11-30,"JQWPP",10,0,36,108,"r00975",2021-04-07,1080,"s00903",2020-12-07
"744","c00003","i00907",2020-11-30,"ETKQW",13,0,42,42,"r00844",2021-01-08,546,"s00916",2020-12-12
"745","c00008","i00913",2020-12-02,"ETKQW",18,0,24,72,"r00878",2021-01-21,1296,"s00917",2020-12-12
"746","c00006","i00911",2020-12-02,"WBOEC",13,0,35,105,"r00881",2021-01-22,1365,"s00924",2020-12-14
"747","c00003","i00912",2020-12-02,"SLNEL",12,0,36,36,"r00979",2021-04-22,432,"s00950",2020-12-24
"748","c00009","i00914",2020-12-03,"WBOEC",16,0,33,66,"r00882",2021-01-22,1056,"s00893",2020-12-03
"749","c00008","i00916",2020-12-04,"GEXDT",11,0,36,108,"r00893",2021-01-27,1188,"s00957",2020-12-26
"750","c00006","i00917",2020-12-05,"WBOEC",10,0,42,42,"r00926",2021-02-11,420,"s00900",2020-12-06
"751","c00009","i00920",2020-12-05,"JQWPP",18,0,30,90,"r00989",2021-05-20,1620,"s00912",2020-12-11
"752","c00007","i00918",2020-12-05,"TQLMI",14,0,34,68,"r00894",2021-01-27,952,"s00919",2020-12-13
"753","c00005","i00919",2020-12-05,"JQWPP",14,0,27,27,"r00798",2020-12-19,378,"s00927",2020-12-16
"754","c00006","i00921",2020-12-06,"GEXDT",15,0,35,105,"r00879",2021-01-21,1575,"s00907",2020-12-09
"755","c00005","i00922",2020-12-06,"JQWPP",9,0,36,36,"r00896",2021-01-29,324,"s00913",2020-12-11
"756","c00005","i00926",2020-12-06,"SLNEL",18,0,36,108,"r00993",2021-06-18,1944,"s00914",2020-12-11
"757","c00005","i00925",2020-12-06,"GEXDT",15,0,27,81,"r00942",2021-02-25,1215,"s00918",2020-12-12
"758","c00003","i00923",2020-12-06,"JRVPC",19,1,24,72,"r00801",2020-12-20,1368,"s00959",2020-12-27
"759","c00010","i00928",2020-12-07,"SSBIT",17,0,34,68,"r00865",2021-01-15,1156,"s00909",2020-12-10
"760","c00003","i00927",2020-12-07,"TQLMI",21,0,42,42,"r00928",2021-02-13,882,"s00937",2020-12-19
"761","c00005","i00929",2020-12-08,"GEXDT",10,0,27,27,"r00919",2021-02-05,270,"s00920",2020-12-13
"762","c00004","i00930",2020-12-08,"ZUBSA",16,0,30,90,"r00802",2020-12-20,1440,"s00951",2020-12-24
"763","c00007","i00933",2020-12-09,"SLNEL",12,0,24,72,"r00874",2021-01-20,864,"s00908",2020-12-09
"764","c00010","i00931",2020-12-09,"WBOEC",17,0,35,105,"r00883",2021-01-22,1785,"s00934",2020-12-18
"765","c00005","i00934",2020-12-09,"GEXDT",11,0,33,66,"r01000",2021-08-28,726,"s00943",2020-12-21
"766","c00005","i00932",2020-12-09,"JRVPC",11,0,36,36,"r00814",2020-12-25,396,"s00963",2020-12-28
"767","c00001","i00935",2020-12-10,"GEXDT",10,0,27,81,"r00971",2021-03-30,810,"s00910",2020-12-10
"768","c00007","i00936",2020-12-10,"ZUBSA",20,0,36,108,"r00888",2021-01-23,2160,"s00915",2020-12-11
"769","c00008","i00937",2020-12-10,"SSBIT",11,0,42,42,"r00890",2021-01-24,462,"s00942",2020-12-20
"770","c00008","i00938",2020-12-11,"SSBIT",17,0,34,68,"r00897",2021-01-29,1156,"s00945",2020-12-22
"771","c00008","i00941",2020-12-12,"ETKQW",11,0,35,105,"r00949",2021-03-02,1155,"s00932",2020-12-17
"772","c00004","i00940",2020-12-12,"TQLMI",14,0,30,90,"r00934",2021-02-19,1260,"s00935",2020-12-18
"773","c00006","i00939",2020-12-12,"SSBIT",17,0,27,27,"r00858",2021-01-12,459,"s00944",2020-12-21
"774","c00009","i00942",2020-12-12,"ETKQW",26,0,36,36,"r00980",2021-04-24,936,"s00999",2021-01-24
"775","c00009","i00946",2020-12-13,"SSBIT",15,0,36,108,"r00815",2020-12-25,1620,"s00925",2020-12-14
"776","c00008","i00944",2020-12-13,"SSBIT",16,0,33,66,"r00974",2021-04-05,1056,"s00926",2020-12-14
"777","c00009","i00943",2020-12-13,"SLNEL",18,0,24,72,"r00916",2021-02-04,1296,"s00946",2020-12-22
"778","c00004","i00945",2020-12-13,"GEXDT",12,0,27,81,"r00923",2021-02-09,972,"s00981",2021-01-04
"779","c00004","i00948",2020-12-14,"JRVPC",15,0,34,68,"r00921",2021-02-07,1020,"s00938",2020-12-19
"780","c00005","i00950",2020-12-15,"TQLMI",18,0,30,90,"r00870",2021-01-18,1620,"s00929",2020-12-16
"781","c00006","i00949",2020-12-15,"WBOEC",21,0,27,27,"r00900",2021-01-31,567,"s00930",2020-12-16
"782","c00009","i00952",2020-12-15,"GEXDT",11,0,36,36,"r00860",2021-01-13,396,"s00960",2020-12-27
"783","c00007","i00954",2020-12-16,"JRVPC",17,0,33,66,"r00891",2021-01-26,1122,"s00939",2020-12-19
"784","c00008","i00953",2020-12-16,"WBOEC",10,0,24,72,"r00961",2021-03-14,720,"s00985",2021-01-06
"785","c00007","i00957",2020-12-17,"JRVPC",9,0,42,42,"r00857",2021-01-11,378,"s00933",2020-12-17
"786","c00005","i00960",2020-12-17,"SLNEL",17,0,30,90,"r00969",2021-03-28,1530,"s00940",2020-12-19
"787","c00007","i00958",2020-12-17,"GEXDT",12,0,34,68,"r00963",2021-03-18,816,"s00947",2020-12-22
"788","c00008","i00956",2020-12-17,"JQWPP",12,0,36,108,"r00842",2021-01-07,1296,"s00956",2020-12-25
"789","c00007","i00955",2020-12-17,"WBOEC",22,0,27,81,"r00990",2021-05-22,1782,"s00968",2020-12-31
"790","c00004","i00959",2020-12-17,"JQWPP",13,0,27,27,"r00935",2021-02-19,351,"s00983",2021-01-05
"791","c00006","i00962",2020-12-18,"ETKQW",13,0,36,36,"r00936",2021-02-19,468,"s00941",2020-12-19
"792","c00008","i00964",2020-12-18,"TQLMI",13,0,33,66,"r00854",2021-01-10,858,"s00952",2020-12-24
"793","c00004","i00965",2020-12-18,"ZUBSA",13,1,27,81,"r00945",2021-02-28,1053,"s00953",2020-12-24
"794","c00004","i00963",2020-12-18,"GEXDT",17,0,24,72,"r00931",2021-02-15,1224,"s00961",2020-12-27
"795","c00006","i00961",2020-12-18,"TQLMI",16,0,35,105,"r00964",2021-03-18,1680,"s00976",2021-01-03
"796","c00006","i00966",2020-12-19,"SSBIT",19,1,36,108,"r00910",2021-02-02,2052,"s00964",2020-12-28
"797","c00008","i00968",2020-12-19,"SLNEL",12,0,34,68,"r00960",2021-03-12,816,"s00986",2021-01-07
"798","c00008","i00967",2020-12-19,"WBOEC",17,0,42,42,"r00929",2021-02-13,714,"s00994",2021-01-15
"799","c00006","i00969",2020-12-21,"ZUBSA",15,0,27,27,"r00884",2021-01-22,405,"s00969",2020-12-31
"800","c00009","i00973",2020-12-22,"JQWPP",10,0,24,72,"r00985",2021-05-11,720,"s00955",2020-12-24
"801","c00005","i00972",2020-12-22,"ETKQW",14,0,36,36,"r00976",2021-04-10,504,"s00962",2020-12-27
"802","c00006","i00971",2020-12-22,"TQLMI",25,0,35,105,"r00904",2021-02-01,2625,"s00977",2021-01-03
"803","c00007","i00974",2020-12-22,"SLNEL",16,0,33,66,"r00817",2020-12-26,1056,"s00996",2021-01-20
"804","c00003","i00975",2020-12-23,"JRVPC",19,0,27,81,"r00816",2020-12-25,1539,"s00948",2020-12-23
"805","c00007","i00977",2020-12-24,"ZUBSA",19,0,42,42,"r00905",2021-02-01,798,"s00965",2020-12-28
"806","c00005","i00978",2020-12-24,"JRVPC",17,0,34,68,"r00834",2021-01-01,1156,"s00989",2021-01-10
"807","c00007","i00979",2020-12-26,"SSBIT",16,0,27,27,"r00906",2021-02-01,432,"s00993",2021-01-13
"808","c00009","i00980",2020-12-26,"QWBPM",14,0,30,90,"r00956",2021-03-08,1260,"s00997",2021-01-21
"809","c00007","i00981",2020-12-27,"SSBIT",10,0,35,105,"r00849",2021-01-09,1050,"s00973",2021-01-01
"810","c00005","i00983",2020-12-27,"JQWPP",15,0,24,72,"r00986",2021-05-13,1080,"s00974",2021-01-02
"811","c00009","i00982",2020-12-27,"ZUBSA",13,0,36,36,"r00982",2021-04-30,468,"s00990",2021-01-11
"812","c00007","i00984",2020-12-28,"TQLMI",14,0,33,66,"r00954",2021-03-06,924,"s00966",2020-12-29
"813","c00008","i00987",2020-12-28,"ZUBSA",8,0,42,42,"r00995",2021-07-13,336,"s00967",2020-12-30
"814","c00005","i00986",2020-12-28,"SLNEL",15,0,36,108,"r00911",2021-02-02,1620,"s00978",2021-01-03
"815","c00007","i00988",2020-12-29,"ETKQW",17,0,34,68,"r00992",2021-06-05,1156,"s00971",2020-12-31
"816","c00006","i00990",2020-12-29,"ETKQW",18,0,30,90,"r00972",2021-04-01,1620,"s00982",2021-01-04
"817","c00004","i00989",2020-12-29,"ZUBSA",16,0,27,27,"r00997",2021-07-27,432,"s01000",2021-02-15
"818","c00006","i00997",2020-12-30,"GEXDT",17,0,42,42,"r00927",2021-02-11,714,"s00972",2020-12-31
"819","c00006","i00992",2020-12-30,"SLNEL",13,0,36,36,"r00920",2021-02-05,468,"s00979",2021-01-03
"820","c00007","i00996",2020-12-30,"TQLMI",16,0,36,108,"r00991",2021-05-27,1728,"s00992",2021-01-12
"821","c00006","i00999",2020-12-31,"ZUBSA",10,0,27,27,"r00885",2021-01-22,270,"s00980",2021-01-03
"822","c00004","i01000",2020-12-31,"JQWPP",6,0,30,90,"r00950",2021-03-02,540,"s00988",2021-01-08
"823","c00003","i00998",2020-12-31,"TQLMI",11,0,34,68,"r00922",2021-02-08,748,"s00998",2021-01-21
