"","shipper_no","date","customer_no","sku","invoice_no","invoice_date","quantity"
"1","s00002",2020-01-04,"c00003","ETKQW","i00002",2020-01-01,15
"2","s00005",2020-01-07,"c00003","JQWPP","i00001",2020-01-01,20
"3","s00001",2020-01-03,"c00005","SSBIT","i00005",2020-01-02,20
"4","s00003",2020-01-04,"c00009","SLNEL","i00007",2020-01-02,14
"5","s00007",2020-01-10,"c00005","JRVPC","i00008",2020-01-02,15
"6","s00012",2020-01-14,"c00009","GEXDT","i00006",2020-01-02,15
"7","s00028",2020-01-21,"c00007","GEXDT","i00004",2020-01-02,21
"8","s00039",2020-01-25,"c00007","TQLMI","i00003",2020-01-02,24
"9","s00009",2020-01-12,"c00005","QWBPM","i00010",2020-01-03,15
"10","s00010",2020-01-13,"c00005","SSBIT","i00011",2020-01-03,13
"11","s00114",2020-02-22,"c00009","JQWPP","i00009",2020-01-03,19
"12","s00013",2020-01-14,"c00004","ZUBSA","i00012",2020-01-04,12
"13","s00050",2020-01-28,"c00003","JQWPP","i00014",2020-01-04,15
"14","s00051",2020-01-28,"c00004","GEXDT","i00013",2020-01-04,12
"15","s00014",2020-01-14,"c00007","JQWPP","i00015",2020-01-05,17
"16","s00045",2020-01-27,"c00008","GEXDT","i00016",2020-01-05,15
"17","s00004",2020-01-06,"c00006","JRVPC","i00019",2020-01-06,22
"18","s00015",2020-01-14,"c00005","SSBIT","i00018",2020-01-06,17
"19","s00018",2020-01-16,"c00007","TQLMI","i00017",2020-01-06,15
"20","s00006",2020-01-09,"c00004","GEXDT","i00020",2020-01-07,18
"21","s00008",2020-01-10,"c00008","SLNEL","i00022",2020-01-07,14
"22","s00021",2020-01-17,"c00009","JQWPP","i00023",2020-01-07,20
"23","s00023",2020-01-18,"c00008","QWBPM","i00021",2020-01-07,12
"24","s00030",2020-01-22,"c00007","SSBIT","i00025",2020-01-09,16
"25","s00052",2020-01-28,"c00004","JRVPC","i00024",2020-01-09,14
"26","s00060",2020-01-30,"c00009","WBOEC","i00026",2020-01-09,19
"27","s00016",2020-01-14,"c00008","GEXDT","i00028",2020-01-10,11
"28","s00040",2020-01-25,"c00002","TQLMI","i00027",2020-01-10,12
"29","s00029",2020-01-21,"c00009","WBOEC","i00031",2020-01-11,19
"30","s00042",2020-01-26,"c00007","ETKQW","i00030",2020-01-11,15
"31","s00071",2020-02-03,"c00005","JQWPP","i00029",2020-01-11,20
"32","s00011",2020-01-13,"c00003","ETKQW","i00036",2020-01-12,16
"33","s00019",2020-01-16,"c00004","JQWPP","i00035",2020-01-12,17
"34","s00022",2020-01-17,"c00005","ETKQW","i00033",2020-01-12,15
"35","s00024",2020-01-18,"c00005","SSBIT","i00037",2020-01-12,16
"36","s00032",2020-01-23,"c00009","TQLMI","i00032",2020-01-12,9
"37","s00117",2020-02-23,"c00007","ETKQW","i00034",2020-01-12,11
"38","s00017",2020-01-15,"c00005","ZUBSA","i00040",2020-01-13,18
"39","s00033",2020-01-23,"c00007","JQWPP","i00038",2020-01-13,16
"40","s00062",2020-01-31,"c00008","SSBIT","i00039",2020-01-13,11
"41","s00020",2020-01-16,"c00004","ETKQW","i00043",2020-01-14,8
"42","s00036",2020-01-24,"c00003","ETKQW","i00042",2020-01-14,17
"43","s00046",2020-01-27,"c00004","ETKQW","i00041",2020-01-14,20
"44","s00025",2020-01-18,"c00008","ZUBSA","i00044",2020-01-15,14
"45","s00027",2020-01-19,"c00008","WBOEC","i00045",2020-01-16,13
"46","s00034",2020-01-23,"c00009","ZUBSA","i00046",2020-01-16,10
"47","s00041",2020-01-25,"c00007","SLNEL","i00047",2020-01-16,16
"48","s00026",2020-01-18,"c00003","TQLMI","i00048",2020-01-17,21
"49","s00037",2020-01-24,"c00005","JRVPC","i00049",2020-01-17,15
"50","s00157",2020-03-09,"c00009","SSBIT","i00050",2020-01-17,16
"51","s00031",2020-01-22,"c00010","SLNEL","i00052",2020-01-18,17
"52","s00077",2020-02-05,"c00007","JQWPP","i00051",2020-01-18,9
"53","s00055",2020-01-29,"c00001","WBOEC","i00053",2020-01-19,18
"54","s00043",2020-01-26,"c00009","ETKQW","i00055",2020-01-20,15
"55","s00053",2020-01-28,"c00008","GEXDT","i00054",2020-01-20,11
"56","s00088",2020-02-10,"c00005","JQWPP","i00056",2020-01-21,19
"57","s00134",2020-03-01,"c00009","TQLMI","i00057",2020-01-21,13
"58","s00038",2020-01-24,"c00006","TQLMI","i00060",2020-01-22,9
"59","s00056",2020-01-29,"c00007","ZUBSA","i00059",2020-01-22,12
"60","s00067",2020-02-02,"c00010","SSBIT","i00058",2020-01-22,14
"61","s00035",2020-01-23,"c00009","TQLMI","i00061",2020-01-23,13
"62","s00044",2020-01-26,"c00009","SSBIT","i00063",2020-01-24,19
"63","s00047",2020-01-27,"c00004","JRVPC","i00064",2020-01-24,23
"64","s00105",2020-02-16,"c00005","WBOEC","i00062",2020-01-24,12
"65","s00048",2020-01-27,"c00009","ZUBSA","i00067",2020-01-25,15
"66","s00072",2020-02-03,"c00008","GEXDT","i00066",2020-01-25,13
"67","s00073",2020-02-03,"c00007","ZUBSA","i00065",2020-01-25,10
"68","s00049",2020-01-27,"c00004","QWBPM","i00070",2020-01-26,17
"69","s00054",2020-01-28,"c00007","JQWPP","i00072",2020-01-26,17
"70","s00057",2020-01-29,"c00004","ZUBSA","i00073",2020-01-26,7
"71","s00063",2020-01-31,"c00005","JQWPP","i00071",2020-01-26,11
"72","s00064",2020-01-31,"c00007","TQLMI","i00069",2020-01-26,20
"73","s00097",2020-02-14,"c00003","SLNEL","i00068",2020-01-26,13
"74","s00058",2020-01-29,"c00007","GEXDT","i00076",2020-01-28,20
"75","s00061",2020-01-30,"c00008","JRVPC","i00077",2020-01-28,21
"76","s00065",2020-02-01,"c00008","SLNEL","i00075",2020-01-28,20
"77","s00068",2020-02-02,"c00006","WBOEC","i00074",2020-01-28,11
"78","s00059",2020-01-29,"c00005","JQWPP","i00079",2020-01-29,16
"79","s00080",2020-02-06,"c00004","GEXDT","i00080",2020-01-29,18
"80","s00089",2020-02-10,"c00004","SSBIT","i00078",2020-01-29,16
"81","s00069",2020-02-02,"c00005","JQWPP","i00086",2020-01-30,16
"82","s00078",2020-02-05,"c00009","ETKQW","i00081",2020-01-30,19
"83","s00081",2020-02-06,"c00009","QWBPM","i00085",2020-01-30,9
"84","s00083",2020-02-07,"c00003","SLNEL","i00082",2020-01-30,16
"85","s00102",2020-02-15,"c00008","SSBIT","i00084",2020-01-30,22
"86","s00113",2020-02-21,"c00009","JQWPP","i00083",2020-01-30,11
"87","s00070",2020-02-02,"c00008","TQLMI","i00088",2020-01-31,16
"88","s00075",2020-02-04,"c00009","ZUBSA","i00087",2020-01-31,24
"89","s00066",2020-02-01,"c00007","QWBPM","i00090",2020-02-01,16
"90","s00076",2020-02-04,"c00003","SSBIT","i00091",2020-02-01,15
"91","s00098",2020-02-14,"c00005","GEXDT","i00089",2020-02-01,9
"92","s00099",2020-02-14,"c00005","QWBPM","i00092",2020-02-02,19
"93","s00074",2020-02-03,"c00008","JRVPC","i00094",2020-02-03,18
"94","s00079",2020-02-05,"c00008","SSBIT","i00095",2020-02-03,22
"95","s00082",2020-02-06,"c00007","ETKQW","i00093",2020-02-03,10
"96","s00091",2020-02-11,"c00005","SLNEL","i00096",2020-02-04,28
"97","s00106",2020-02-16,"c00007","TQLMI","i00097",2020-02-04,11
"98","s00084",2020-02-08,"c00008","TQLMI","i00098",2020-02-05,10
"99","s00085",2020-02-08,"c00010","WBOEC","i00099",2020-02-05,13
"100","s00092",2020-02-12,"c00005","SLNEL","i00100",2020-02-05,23
"101","s00087",2020-02-09,"c00007","TQLMI","i00103",2020-02-06,23
"102","s00090",2020-02-10,"c00008","SLNEL","i00101",2020-02-06,13
"103","s00179",2020-03-16,"c00007","SSBIT","i00102",2020-02-06,21
"104","s00086",2020-02-08,"c00007","JRVPC","i00104",2020-02-07,20
"105","s00100",2020-02-14,"c00008","ZUBSA","i00105",2020-02-07,14
"106","s00094",2020-02-13,"c00008","JRVPC","i00108",2020-02-08,11
"107","s00110",2020-02-19,"c00008","JRVPC","i00106",2020-02-08,18
"108","s00173",2020-03-14,"c00007","JQWPP","i00107",2020-02-08,27
"109","s00103",2020-02-15,"c00008","WBOEC","i00109",2020-02-09,18
"110","s00139",2020-03-02,"c00003","QWBPM","i00110",2020-02-09,18
"111","s00149",2020-03-07,"c00010","TQLMI","i00111",2020-02-09,15
"112","s00095",2020-02-13,"c00005","TQLMI","i00112",2020-02-10,15
"113","s00101",2020-02-14,"c00005","GEXDT","i00114",2020-02-10,18
"114","s00104",2020-02-15,"c00009","QWBPM","i00113",2020-02-10,17
"115","s00093",2020-02-12,"c00009","TQLMI","i00117",2020-02-11,4
"116","s00096",2020-02-13,"c00006","SLNEL","i00115",2020-02-11,8
"117","s00115",2020-02-22,"c00007","ETKQW","i00116",2020-02-11,19
"118","s00111",2020-02-19,"c00010","JQWPP","i00118",2020-02-12,10
"119","s00107",2020-02-17,"c00006","ETKQW","i00119",2020-02-13,13
"120","s00109",2020-02-18,"c00007","JQWPP","i00120",2020-02-14,12
"121","s00112",2020-02-19,"c00008","JRVPC","i00121",2020-02-14,14
"122","s00124",2020-02-25,"c00009","SLNEL","i00122",2020-02-14,19
"123","s00158",2020-03-09,"c00008","GEXDT","i00123",2020-02-14,14
"124","s00108",2020-02-17,"c00005","JRVPC","i00124",2020-02-16,20
"125","s00154",2020-03-08,"c00009","JRVPC","i00125",2020-02-16,10
"126","s00125",2020-02-25,"c00005","SLNEL","i00126",2020-02-17,18
"127","s00118",2020-02-23,"c00009","ZUBSA","i00127",2020-02-18,18
"128","s00127",2020-02-26,"c00006","JRVPC","i00130",2020-02-18,16
"129","s00131",2020-02-28,"c00007","QWBPM","i00131",2020-02-18,17
"130","s00228",2020-04-02,"c00009","GEXDT","i00128",2020-02-18,13
"131","s00297",2020-04-27,"c00005","ETKQW","i00129",2020-02-18,15
"132","s00128",2020-02-27,"c00003","TQLMI","i00134",2020-02-19,16
"133","s00132",2020-02-28,"c00009","JQWPP","i00133",2020-02-19,10
"134","s00193",2020-03-22,"c00003","JQWPP","i00135",2020-02-19,6
"135","s00220",2020-03-31,"c00009","SSBIT","i00132",2020-02-19,11
"136","s00116",2020-02-22,"c00006","JQWPP","i00137",2020-02-20,26
"137","s00121",2020-02-24,"c00008","SSBIT","i00136",2020-02-20,21
"138","s00135",2020-03-01,"c00007","JQWPP","i00138",2020-02-20,13
"139","s00129",2020-02-27,"c00008","JQWPP","i00140",2020-02-21,21
"140","s00167",2020-03-12,"c00003","GEXDT","i00139",2020-02-21,11
"141","s00119",2020-02-23,"c00003","GEXDT","i00143",2020-02-22,11
"142","s00122",2020-02-24,"c00010","WBOEC","i00142",2020-02-22,20
"143","s00123",2020-02-24,"c00002","TQLMI","i00141",2020-02-22,15
"144","s00146",2020-03-06,"c00003","SSBIT","i00144",2020-02-22,20
"145","s00120",2020-02-23,"c00008","TQLMI","i00145",2020-02-23,6
"146","s00136",2020-03-01,"c00005","ZUBSA","i00147",2020-02-23,11
"147","s00140",2020-03-02,"c00005","GEXDT","i00146",2020-02-23,12
"148","s00126",2020-02-25,"c00009","SLNEL","i00149",2020-02-24,17
"149","s00142",2020-03-03,"c00010","JQWPP","i00150",2020-02-24,18
"150","s00150",2020-03-07,"c00009","SLNEL","i00151",2020-02-24,9
"151","s00159",2020-03-09,"c00005","JRVPC","i00148",2020-02-24,16
"152","s00130",2020-02-27,"c00004","TQLMI","i00152",2020-02-25,16
"153","s00143",2020-03-03,"c00005","JQWPP","i00154",2020-02-25,12
"154","s00174",2020-03-14,"c00008","QWBPM","i00153",2020-02-25,19
"155","s00137",2020-03-01,"c00001","TQLMI","i00155",2020-02-27,15
"156","s00141",2020-03-02,"c00009","ZUBSA","i00156",2020-02-27,15
"157","s00133",2020-02-29,"c00005","WBOEC","i00157",2020-02-28,10
"158","s00144",2020-03-03,"c00005","ZUBSA","i00158",2020-02-28,11
"159","s00147",2020-03-06,"c00006","GEXDT","i00159",2020-02-28,16
"160","s00138",2020-03-01,"c00005","ZUBSA","i00162",2020-02-29,17
"161","s00151",2020-03-07,"c00009","ETKQW","i00160",2020-02-29,10
"162","s00152",2020-03-07,"c00009","SLNEL","i00161",2020-02-29,22
"163","s00165",2020-03-11,"c00003","JQWPP","i00163",2020-02-29,15
"164","s00180",2020-03-16,"c00006","QWBPM","i00164",2020-02-29,16
"165","s00160",2020-03-09,"c00007","GEXDT","i00167",2020-03-01,17
"166","s00185",2020-03-18,"c00003","GEXDT","i00165",2020-03-01,16
"167","s00249",2020-04-09,"c00006","ZUBSA","i00166",2020-03-01,15
"168","s00148",2020-03-06,"c00010","JRVPC","i00170",2020-03-03,14
"169","s00155",2020-03-08,"c00009","ETKQW","i00168",2020-03-03,10
"170","s00162",2020-03-10,"c00004","GEXDT","i00169",2020-03-03,14
"171","s00145",2020-03-05,"c00007","TQLMI","i00171",2020-03-04,12
"172","s00215",2020-03-29,"c00010","JRVPC","i00172",2020-03-04,20
"173","s00153",2020-03-07,"c00009","TQLMI","i00174",2020-03-05,12
"174","s00163",2020-03-10,"c00005","WBOEC","i00173",2020-03-05,15
"175","s00156",2020-03-08,"c00007","WBOEC","i00175",2020-03-06,16
"176","s00164",2020-03-10,"c00009","GEXDT","i00176",2020-03-06,14
"177","s00168",2020-03-12,"c00009","SSBIT","i00178",2020-03-07,15
"178","s00207",2020-03-26,"c00007","JRVPC","i00177",2020-03-07,16
"179","s00231",2020-04-03,"c00005","QWBPM","i00179",2020-03-07,21
"180","s00161",2020-03-09,"c00005","WBOEC","i00185",2020-03-08,18
"181","s00169",2020-03-12,"c00004","SSBIT","i00180",2020-03-08,21
"182","s00170",2020-03-13,"c00003","WBOEC","i00182",2020-03-08,17
"183","s00183",2020-03-17,"c00006","SSBIT","i00181",2020-03-08,16
"184","s00188",2020-03-20,"c00009","WBOEC","i00183",2020-03-08,18
"185","s00209",2020-03-27,"c00008","QWBPM","i00184",2020-03-08,16
"186","s00166",2020-03-11,"c00005","GEXDT","i00186",2020-03-10,10
"187","s00181",2020-03-16,"c00005","ZUBSA","i00188",2020-03-10,12
"188","s00252",2020-04-10,"c00004","QWBPM","i00187",2020-03-10,16
"189","s00171",2020-03-13,"c00007","JRVPC","i00189",2020-03-11,28
"190","s00216",2020-03-29,"c00009","GEXDT","i00190",2020-03-11,15
"191","s00175",2020-03-14,"c00007","ZUBSA","i00191",2020-03-12,15
"192","s00172",2020-03-13,"c00008","SSBIT","i00192",2020-03-13,11
"193","s00176",2020-03-15,"c00006","ZUBSA","i00193",2020-03-13,9
"194","s00177",2020-03-15,"c00004","WBOEC","i00198",2020-03-13,13
"195","s00178",2020-03-15,"c00004","JQWPP","i00194",2020-03-13,20
"196","s00184",2020-03-17,"c00006","TQLMI","i00195",2020-03-13,12
"197","s00200",2020-03-23,"c00008","GEXDT","i00197",2020-03-13,14
"198","s00250",2020-04-09,"c00003","TQLMI","i00196",2020-03-13,15
"199","s00182",2020-03-16,"c00007","JRVPC","i00199",2020-03-14,11
"200","s00192",2020-03-21,"c00008","JRVPC","i00200",2020-03-14,16
"201","s00186",2020-03-19,"c00009","ZUBSA","i00201",2020-03-15,14
"202","s00194",2020-03-22,"c00009","SSBIT","i00203",2020-03-15,16
"203","s00212",2020-03-28,"c00005","GEXDT","i00202",2020-03-15,13
"204","s00195",2020-03-22,"c00006","JRVPC","i00204",2020-03-16,10
"205","s00189",2020-03-20,"c00005","SSBIT","i00206",2020-03-17,16
"206","s00190",2020-03-20,"c00007","WBOEC","i00205",2020-03-17,19
"207","s00202",2020-03-24,"c00008","JRVPC","i00207",2020-03-18,18
"208","s00208",2020-03-26,"c00008","SSBIT","i00208",2020-03-18,17
"209","s00221",2020-03-31,"c00009","JQWPP","i00210",2020-03-18,12
"210","s00232",2020-04-03,"c00009","ZUBSA","i00209",2020-03-18,13
"211","s00187",2020-03-19,"c00005","ZUBSA","i00212",2020-03-19,23
"212","s00196",2020-03-22,"c00009","SLNEL","i00217",2020-03-19,11
"213","s00197",2020-03-22,"c00007","TQLMI","i00211",2020-03-19,14
"214","s00198",2020-03-22,"c00007","JQWPP","i00214",2020-03-19,14
"215","s00199",2020-03-22,"c00009","SSBIT","i00218",2020-03-19,11
"216","s00201",2020-03-23,"c00006","QWBPM","i00213",2020-03-19,13
"217","s00203",2020-03-24,"c00004","JQWPP","i00216",2020-03-19,11
"218","s00217",2020-03-30,"c00005","GEXDT","i00215",2020-03-19,15
"219","s00191",2020-03-20,"c00006","SSBIT","i00219",2020-03-20,14
"220","s00265",2020-04-17,"c00007","JQWPP","i00220",2020-03-20,23
"221","s00271",2020-04-19,"c00007","TQLMI","i00221",2020-03-20,18
"222","s00204",2020-03-24,"c00005","SSBIT","i00224",2020-03-21,15
"223","s00205",2020-03-24,"c00003","ZUBSA","i00225",2020-03-21,19
"224","s00248",2020-04-08,"c00004","SLNEL","i00222",2020-03-21,13
"225","s00272",2020-04-19,"c00008","SSBIT","i00223",2020-03-21,11
"226","s00206",2020-03-24,"c00007","GEXDT","i00227",2020-03-22,19
"227","s00225",2020-04-01,"c00005","SLNEL","i00226",2020-03-22,19
"228","s00210",2020-03-27,"c00007","ETKQW","i00228",2020-03-23,17
"229","s00213",2020-03-28,"c00008","TQLMI","i00230",2020-03-23,11
"230","s00222",2020-03-31,"c00005","GEXDT","i00229",2020-03-23,12
"231","s00290",2020-04-24,"c00009","GEXDT","i00232",2020-03-24,10
"232","s00312",2020-05-02,"c00007","SSBIT","i00231",2020-03-24,15
"233","s00211",2020-03-27,"c00004","ZUBSA","i00233",2020-03-25,16
"234","s00214",2020-03-28,"c00005","ZUBSA","i00235",2020-03-26,13
"235","s00218",2020-03-30,"c00006","SLNEL","i00236",2020-03-26,13
"236","s00251",2020-04-09,"c00008","JRVPC","i00234",2020-03-26,19
"237","s00223",2020-03-31,"c00005","WBOEC","i00237",2020-03-28,12
"238","s00291",2020-04-24,"c00009","SLNEL","i00238",2020-03-28,16
"239","s00219",2020-03-30,"c00005","ETKQW","i00244",2020-03-29,19
"240","s00224",2020-03-31,"c00005","WBOEC","i00239",2020-03-29,15
"241","s00226",2020-04-01,"c00009","SLNEL","i00245",2020-03-29,6
"242","s00227",2020-04-01,"c00008","WBOEC","i00241",2020-03-29,11
"243","s00229",2020-04-02,"c00005","GEXDT","i00243",2020-03-29,15
"244","s00243",2020-04-07,"c00003","JQWPP","i00240",2020-03-29,13
"245","s00278",2020-04-21,"c00007","JRVPC","i00242",2020-03-29,15
"246","s00235",2020-04-04,"c00005","WBOEC","i00247",2020-03-30,12
"247","s00256",2020-04-14,"c00007","GEXDT","i00246",2020-03-30,9
"248","s00230",2020-04-02,"c00010","WBOEC","i00250",2020-03-31,20
"249","s00233",2020-04-03,"c00008","SLNEL","i00251",2020-03-31,16
"250","s00239",2020-04-05,"c00007","JRVPC","i00248",2020-03-31,16
"251","s00244",2020-04-07,"c00003","ETKQW","i00249",2020-03-31,21
"252","s00234",2020-04-03,"c00005","ZUBSA","i00252",2020-04-01,12
"253","s00261",2020-04-15,"c00003","WBOEC","i00253",2020-04-01,20
"254","s00266",2020-04-17,"c00008","JQWPP","i00254",2020-04-01,6
"255","s00245",2020-04-07,"c00001","JQWPP","i00255",2020-04-02,17
"256","s00236",2020-04-04,"c00005","JRVPC","i00258",2020-04-03,14
"257","s00237",2020-04-04,"c00010","JRVPC","i00256",2020-04-03,13
"258","s00240",2020-04-05,"c00004","ZUBSA","i00261",2020-04-03,21
"259","s00241",2020-04-05,"c00009","JRVPC","i00259",2020-04-03,11
"260","s00246",2020-04-07,"c00004","JRVPC","i00260",2020-04-03,20
"261","s00273",2020-04-19,"c00008","QWBPM","i00257",2020-04-03,11
"262","s00238",2020-04-04,"c00009","JQWPP","i00262",2020-04-04,14
"263","s00307",2020-05-01,"c00006","WBOEC","i00263",2020-04-04,14
"264","s00242",2020-04-05,"c00010","JQWPP","i00266",2020-04-05,17
"265","s00247",2020-04-07,"c00008","GEXDT","i00265",2020-04-05,19
"266","s00276",2020-04-20,"c00007","SSBIT","i00264",2020-04-05,16
"267","s00257",2020-04-14,"c00009","WBOEC","i00267",2020-04-06,15
"268","s00262",2020-04-15,"c00006","ETKQW","i00268",2020-04-07,13
"269","s00267",2020-04-17,"c00006","SLNEL","i00269",2020-04-07,15
"270","s00253",2020-04-12,"c00006","WBOEC","i00272",2020-04-08,11
"271","s00255",2020-04-13,"c00009","WBOEC","i00270",2020-04-08,9
"272","s00258",2020-04-14,"c00009","TQLMI","i00274",2020-04-08,10
"273","s00295",2020-04-25,"c00007","SLNEL","i00273",2020-04-08,11
"274","s00325",2020-05-07,"c00008","QWBPM","i00271",2020-04-08,17
"275","s00254",2020-04-12,"c00004","ZUBSA","i00275",2020-04-10,18
"276","s00268",2020-04-17,"c00009","ETKQW","i00278",2020-04-10,9
"277","s00274",2020-04-19,"c00005","SLNEL","i00277",2020-04-10,13
"278","s00289",2020-04-23,"c00005","SLNEL","i00276",2020-04-10,18
"279","s00263",2020-04-15,"c00007","JQWPP","i00281",2020-04-11,16
"280","s00292",2020-04-24,"c00007","SSBIT","i00282",2020-04-11,9
"281","s00303",2020-04-29,"c00009","ZUBSA","i00279",2020-04-11,19
"282","s00340",2020-05-11,"c00008","SSBIT","i00280",2020-04-11,10
"283","s00279",2020-04-21,"c00004","ETKQW","i00283",2020-04-12,15
"284","s00259",2020-04-14,"c00001","QWBPM","i00286",2020-04-13,13
"285","s00280",2020-04-21,"c00006","SSBIT","i00284",2020-04-13,15
"286","s00308",2020-05-01,"c00009","JQWPP","i00285",2020-04-13,17
"287","s00260",2020-04-14,"c00009","JRVPC","i00287",2020-04-14,15
"288","s00264",2020-04-16,"c00009","GEXDT","i00288",2020-04-14,18
"289","s00281",2020-04-21,"c00009","TQLMI","i00289",2020-04-14,19
"290","s00269",2020-04-17,"c00008","JRVPC","i00293",2020-04-15,12
"291","s00277",2020-04-20,"c00004","SLNEL","i00292",2020-04-15,16
"292","s00300",2020-04-28,"c00010","ZUBSA","i00290",2020-04-15,21
"293","s00309",2020-05-01,"c00004","TQLMI","i00291",2020-04-15,13
"294","s00275",2020-04-19,"c00005","QWBPM","i00294",2020-04-16,20
"295","s00282",2020-04-21,"c00004","SSBIT","i00295",2020-04-16,11
"296","s00287",2020-04-22,"c00009","JQWPP","i00296",2020-04-16,17
"297","s00270",2020-04-17,"c00005","JRVPC","i00298",2020-04-17,21
"298","s00293",2020-04-24,"c00007","QWBPM","i00297",2020-04-17,12
"299","s00283",2020-04-21,"c00009","WBOEC","i00300",2020-04-18,22
"300","s00338",2020-05-10,"c00003","GEXDT","i00301",2020-04-18,20
"301","s00343",2020-05-13,"c00006","SSBIT","i00299",2020-04-18,16
"302","s00284",2020-04-21,"c00007","ETKQW","i00303",2020-04-19,19
"303","s00301",2020-04-28,"c00006","TQLMI","i00304",2020-04-19,20
"304","s00313",2020-05-02,"c00007","TQLMI","i00302",2020-04-19,14
"305","s00285",2020-04-21,"c00004","ETKQW","i00308",2020-04-20,15
"306","s00294",2020-04-24,"c00005","SSBIT","i00306",2020-04-20,18
"307","s00298",2020-04-27,"c00007","WBOEC","i00305",2020-04-20,10
"308","s00302",2020-04-28,"c00004","SSBIT","i00307",2020-04-20,16
"309","s00444",2020-06-18,"c00007","QWBPM","i00309",2020-04-20,14
"310","s00286",2020-04-21,"c00010","SSBIT","i00312",2020-04-21,19
"311","s00288",2020-04-22,"c00008","SSBIT","i00311",2020-04-21,15
"312","s00316",2020-05-03,"c00003","QWBPM","i00310",2020-04-21,30
"313","s00304",2020-04-29,"c00009","JQWPP","i00313",2020-04-22,18
"314","s00310",2020-05-01,"c00009","ZUBSA","i00315",2020-04-23,15
"315","s00314",2020-05-02,"c00010","WBOEC","i00314",2020-04-23,15
"316","s00323",2020-05-06,"c00009","QWBPM","i00316",2020-04-23,11
"317","s00296",2020-04-25,"c00005","SLNEL","i00320",2020-04-24,9
"318","s00299",2020-04-27,"c00009","JRVPC","i00318",2020-04-24,12
"319","s00305",2020-04-29,"c00009","TQLMI","i00317",2020-04-24,21
"320","s00331",2020-05-09,"c00003","TQLMI","i00319",2020-04-24,14
"321","s00321",2020-05-04,"c00007","JRVPC","i00322",2020-04-26,16
"322","s00326",2020-05-07,"c00005","JRVPC","i00321",2020-04-26,16
"323","s00324",2020-05-06,"c00007","WBOEC","i00325",2020-04-27,19
"324","s00330",2020-05-08,"c00009","GEXDT","i00324",2020-04-27,18
"325","s00347",2020-05-14,"c00004","ZUBSA","i00326",2020-04-27,18
"326","s00352",2020-05-15,"c00008","JQWPP","i00323",2020-04-27,20
"327","s00306",2020-04-30,"c00008","QWBPM","i00327",2020-04-28,11
"328","s00361",2020-05-19,"c00007","TQLMI","i00328",2020-04-28,11
"329","s00396",2020-06-01,"c00009","JQWPP","i00329",2020-04-29,16
"330","s00317",2020-05-03,"c00009","TQLMI","i00332",2020-04-30,15
"331","s00327",2020-05-07,"c00010","SLNEL","i00333",2020-04-30,18
"332","s00328",2020-05-07,"c00004","SSBIT","i00331",2020-04-30,15
"333","s00329",2020-05-07,"c00009","TQLMI","i00330",2020-04-30,11
"334","s00311",2020-05-01,"c00005","JRVPC","i00336",2020-05-01,12
"335","s00318",2020-05-03,"c00004","JRVPC","i00334",2020-05-01,17
"336","s00332",2020-05-09,"c00004","JQWPP","i00335",2020-05-01,13
"337","s00315",2020-05-02,"c00006","ETKQW","i00338",2020-05-02,12
"338","s00319",2020-05-03,"c00005","ETKQW","i00339",2020-05-02,14
"339","s00320",2020-05-03,"c00010","ZUBSA","i00337",2020-05-02,17
"340","s00333",2020-05-09,"c00001","JQWPP","i00340",2020-05-03,10
"341","s00334",2020-05-09,"c00008","QWBPM","i00341",2020-05-03,17
"342","s00358",2020-05-18,"c00003","JQWPP","i00342",2020-05-03,10
"343","s00344",2020-05-13,"c00009","WBOEC","i00344",2020-05-04,21
"344","s00348",2020-05-14,"c00007","JRVPC","i00343",2020-05-04,23
"345","s00322",2020-05-05,"c00005","JQWPP","i00345",2020-05-05,14
"346","s00374",2020-05-25,"c00009","GEXDT","i00346",2020-05-05,19
"347","s00335",2020-05-09,"c00006","ETKQW","i00347",2020-05-06,11
"348","s00345",2020-05-13,"c00010","JQWPP","i00348",2020-05-06,19
"349","s00336",2020-05-09,"c00008","QWBPM","i00351",2020-05-07,19
"350","s00339",2020-05-10,"c00005","JRVPC","i00352",2020-05-07,11
"351","s00342",2020-05-12,"c00004","TQLMI","i00349",2020-05-07,12
"352","s00402",2020-06-03,"c00010","GEXDT","i00350",2020-05-07,14
"353","s00337",2020-05-09,"c00005","WBOEC","i00353",2020-05-08,13
"354","s00349",2020-05-14,"c00005","GEXDT","i00357",2020-05-09,22
"355","s00353",2020-05-15,"c00007","WBOEC","i00354",2020-05-09,20
"356","s00368",2020-05-23,"c00006","SSBIT","i00355",2020-05-09,22
"357","s00373",2020-05-24,"c00008","JRVPC","i00356",2020-05-09,16
"358","s00341",2020-05-11,"c00004","SSBIT","i00363",2020-05-10,19
"359","s00346",2020-05-13,"c00010","ETKQW","i00360",2020-05-10,14
"360","s00354",2020-05-15,"c00008","TQLMI","i00364",2020-05-10,17
"361","s00355",2020-05-15,"c00004","ETKQW","i00362",2020-05-10,17
"362","s00356",2020-05-17,"c00001","WBOEC","i00361",2020-05-10,16
"363","s00359",2020-05-18,"c00008","WBOEC","i00359",2020-05-10,21
"364","s00377",2020-05-26,"c00006","SLNEL","i00358",2020-05-10,17
"365","s00350",2020-05-14,"c00008","SLNEL","i00365",2020-05-12,7
"366","s00362",2020-05-20,"c00006","ETKQW","i00366",2020-05-12,15
"367","s00351",2020-05-14,"c00005","JQWPP","i00367",2020-05-13,14
"368","s00360",2020-05-18,"c00004","SLNEL","i00368",2020-05-13,13
"369","s00357",2020-05-17,"c00009","WBOEC","i00369",2020-05-14,20
"370","s00403",2020-06-03,"c00004","ETKQW","i00370",2020-05-14,10
"371","s00363",2020-05-21,"c00003","JRVPC","i00372",2020-05-15,7
"372","s00365",2020-05-22,"c00005","GEXDT","i00371",2020-05-15,14
"373","s00397",2020-06-01,"c00007","SLNEL","i00373",2020-05-15,18
"374","s00407",2020-06-04,"c00004","SLNEL","i00374",2020-05-15,17
"375","s00369",2020-05-23,"c00007","GEXDT","i00377",2020-05-16,21
"376","s00378",2020-05-26,"c00008","WBOEC","i00376",2020-05-16,12
"377","s00433",2020-06-13,"c00007","JQWPP","i00375",2020-05-16,16
"378","s00388",2020-05-29,"c00007","TQLMI","i00378",2020-05-17,16
"379","s00366",2020-05-22,"c00003","JQWPP","i00380",2020-05-18,17
"380","s00383",2020-05-28,"c00005","WBOEC","i00379",2020-05-18,13
"381","s00367",2020-05-22,"c00004","JRVPC","i00382",2020-05-19,11
"382","s00380",2020-05-27,"c00001","JQWPP","i00383",2020-05-19,14
"383","s00389",2020-05-29,"c00004","ETKQW","i00381",2020-05-19,14
"384","s00364",2020-05-21,"c00005","GEXDT","i00385",2020-05-20,16
"385","s00408",2020-06-04,"c00003","JRVPC","i00384",2020-05-20,12
"386","s00370",2020-05-23,"c00001","JRVPC","i00391",2020-05-21,17
"387","s00371",2020-05-23,"c00007","TQLMI","i00386",2020-05-21,11
"388","s00384",2020-05-28,"c00009","TQLMI","i00387",2020-05-21,18
"389","s00390",2020-05-29,"c00007","ZUBSA","i00389",2020-05-21,27
"390","s00393",2020-05-31,"c00009","TQLMI","i00388",2020-05-21,18
"391","s00394",2020-05-31,"c00008","ETKQW","i00390",2020-05-21,11
"392","s00381",2020-05-27,"c00005","GEXDT","i00394",2020-05-22,16
"393","s00382",2020-05-27,"c00004","WBOEC","i00392",2020-05-22,13
"394","s00413",2020-06-06,"c00007","WBOEC","i00393",2020-05-22,8
"395","s00372",2020-05-23,"c00003","GEXDT","i00397",2020-05-23,9
"396","s00375",2020-05-25,"c00006","ETKQW","i00400",2020-05-23,12
"397","s00376",2020-05-25,"c00004","JRVPC","i00398",2020-05-23,14
"398","s00379",2020-05-26,"c00005","WBOEC","i00396",2020-05-23,24
"399","s00409",2020-06-04,"c00004","JQWPP","i00395",2020-05-23,9
"400","s00416",2020-06-07,"c00004","WBOEC","i00399",2020-05-23,10
"401","s00385",2020-05-28,"c00009","SLNEL","i00401",2020-05-24,17
"402","s00391",2020-05-29,"c00007","SLNEL","i00403",2020-05-24,19
"403","s00445",2020-06-18,"c00007","TQLMI","i00402",2020-05-24,19
"404","s00418",2020-06-08,"c00005","SSBIT","i00404",2020-05-25,11
"405","s00419",2020-06-08,"c00008","ZUBSA","i00405",2020-05-25,17
"406","s00386",2020-05-28,"c00004","TQLMI","i00409",2020-05-26,10
"407","s00387",2020-05-28,"c00005","ZUBSA","i00407",2020-05-26,13
"408","s00398",2020-06-01,"c00009","ZUBSA","i00410",2020-05-26,18
"409","s00404",2020-06-03,"c00008","TQLMI","i00406",2020-05-26,8
"410","s00414",2020-06-06,"c00008","JRVPC","i00408",2020-05-26,20
"411","s00392",2020-05-29,"c00004","QWBPM","i00411",2020-05-27,19
"412","s00400",2020-06-02,"c00010","GEXDT","i00413",2020-05-27,24
"413","s00424",2020-06-09,"c00008","ETKQW","i00412",2020-05-27,12
"414","s00401",2020-06-02,"c00004","QWBPM","i00414",2020-05-28,18
"415","s00470",2020-06-28,"c00005","SLNEL","i00415",2020-05-28,13
"416","s00399",2020-06-01,"c00004","JQWPP","i00418",2020-05-29,12
"417","s00405",2020-06-03,"c00008","JQWPP","i00417",2020-05-29,16
"418","s00425",2020-06-09,"c00005","ETKQW","i00416",2020-05-29,15
"419","s00395",2020-05-31,"c00004","QWBPM","i00419",2020-05-30,15
"420","s00410",2020-06-04,"c00010","ZUBSA","i00421",2020-05-30,17
"421","s00420",2020-06-08,"c00009","TQLMI","i00422",2020-05-30,14
"422","s00421",2020-06-08,"c00007","JQWPP","i00420",2020-05-30,18
"423","s00406",2020-06-03,"c00007","QWBPM","i00423",2020-05-31,19
"424","s00411",2020-06-05,"c00007","ZUBSA","i00426",2020-05-31,21
"425","s00412",2020-06-05,"c00007","TQLMI","i00425",2020-05-31,11
"426","s00446",2020-06-18,"c00003","TQLMI","i00424",2020-05-31,10
"427","s00417",2020-06-07,"c00009","ETKQW","i00430",2020-06-01,16
"428","s00422",2020-06-08,"c00008","QWBPM","i00428",2020-06-01,13
"429","s00429",2020-06-12,"c00005","QWBPM","i00427",2020-06-01,11
"430","s00458",2020-06-23,"c00004","JRVPC","i00429",2020-06-01,13
"431","s00415",2020-06-06,"c00009","SLNEL","i00432",2020-06-03,15
"432","s00436",2020-06-15,"c00003","WBOEC","i00431",2020-06-03,13
"433","s00426",2020-06-09,"c00007","TQLMI","i00435",2020-06-05,10
"434","s00428",2020-06-11,"c00007","TQLMI","i00436",2020-06-05,7
"435","s00430",2020-06-12,"c00004","ZUBSA","i00433",2020-06-05,16
"436","s00450",2020-06-21,"c00009","JQWPP","i00434",2020-06-05,12
"437","s00431",2020-06-12,"c00008","JRVPC","i00438",2020-06-06,14
"438","s00437",2020-06-15,"c00005","WBOEC","i00437",2020-06-06,18
"439","s00423",2020-06-08,"c00004","WBOEC","i00439",2020-06-07,16
"440","s00432",2020-06-12,"c00009","SLNEL","i00440",2020-06-07,16
"441","s00427",2020-06-10,"c00009","ETKQW","i00441",2020-06-09,13
"442","s00438",2020-06-16,"c00008","WBOEC","i00443",2020-06-09,7
"443","s00439",2020-06-16,"c00004","GEXDT","i00442",2020-06-09,13
"444","s00434",2020-06-13,"c00007","GEXDT","i00444",2020-06-10,18
"445","s00496",2020-07-09,"c00008","SLNEL","i00445",2020-06-10,14
"446","s00435",2020-06-13,"c00004","GEXDT","i00446",2020-06-11,12
"447","s00440",2020-06-16,"c00001","SLNEL","i00447",2020-06-11,19
"448","s00442",2020-06-17,"c00008","JQWPP","i00448",2020-06-11,13
"449","s00443",2020-06-17,"c00007","JRVPC","i00449",2020-06-12,12
"450","s00441",2020-06-16,"c00009","SSBIT","i00450",2020-06-13,20
"451","s00460",2020-06-24,"c00004","GEXDT","i00451",2020-06-13,14
"452","s00451",2020-06-21,"c00005","SLNEL","i00453",2020-06-14,12
"453","s00473",2020-06-29,"c00009","SLNEL","i00452",2020-06-14,22
"454","s00452",2020-06-21,"c00007","JRVPC","i00455",2020-06-15,14
"455","s00455",2020-06-22,"c00008","WBOEC","i00454",2020-06-15,13
"456","s00466",2020-06-26,"c00002","TQLMI","i00458",2020-06-15,18
"457","s00469",2020-06-27,"c00007","SSBIT","i00457",2020-06-15,10
"458","s00480",2020-07-01,"c00007","SSBIT","i00456",2020-06-15,13
"459","s00448",2020-06-20,"c00003","JRVPC","i00460",2020-06-16,17
"460","s00456",2020-06-22,"c00007","GEXDT","i00462",2020-06-16,17
"461","s00463",2020-06-25,"c00009","ETKQW","i00459",2020-06-16,19
"462","s00481",2020-07-01,"c00005","SLNEL","i00461",2020-06-16,14
"463","s00447",2020-06-19,"c00009","WBOEC","i00463",2020-06-18,16
"464","s00457",2020-06-22,"c00005","SSBIT","i00467",2020-06-18,6
"465","s00461",2020-06-24,"c00004","GEXDT","i00465",2020-06-18,13
"466","s00471",2020-06-28,"c00004","JRVPC","i00466",2020-06-18,17
"467","s00478",2020-06-30,"c00006","SSBIT","i00464",2020-06-18,9
"468","s00449",2020-06-20,"c00008","SLNEL","i00468",2020-06-19,11
"469","s00453",2020-06-21,"c00007","ZUBSA","i00470",2020-06-19,16
"470","s00462",2020-06-24,"c00010","ZUBSA","i00469",2020-06-19,13
"471","s00472",2020-06-28,"c00003","QWBPM","i00471",2020-06-19,16
"472","s00454",2020-06-21,"c00009","JQWPP","i00475",2020-06-21,13
"473","s00482",2020-07-01,"c00005","QWBPM","i00473",2020-06-21,18
"474","s00488",2020-07-05,"c00003","TQLMI","i00472",2020-06-21,10
"475","s00500",2020-07-10,"c00007","JQWPP","i00474",2020-06-21,10
"476","s00464",2020-06-25,"c00010","JQWPP","i00477",2020-06-22,6
"477","s00479",2020-06-30,"c00005","ZUBSA","i00476",2020-06-22,17
"478","s00459",2020-06-23,"c00009","QWBPM","i00478",2020-06-23,11
"479","s00467",2020-06-26,"c00001","TQLMI","i00479",2020-06-23,18
"480","s00465",2020-06-25,"c00009","WBOEC","i00484",2020-06-24,8
"481","s00474",2020-06-29,"c00001","SSBIT","i00482",2020-06-24,15
"482","s00484",2020-07-02,"c00006","WBOEC","i00481",2020-06-24,20
"483","s00508",2020-07-13,"c00009","SSBIT","i00480",2020-06-24,16
"484","s00541",2020-07-28,"c00006","GEXDT","i00483",2020-06-24,15
"485","s00497",2020-07-09,"c00009","GEXDT","i00485",2020-06-25,21
"486","s00468",2020-06-26,"c00004","SLNEL","i00487",2020-06-26,7
"487","s00485",2020-07-03,"c00004","ETKQW","i00486",2020-06-26,16
"488","s00475",2020-06-29,"c00004","GEXDT","i00488",2020-06-27,16
"489","s00476",2020-06-29,"c00009","TQLMI","i00491",2020-06-28,12
"490","s00477",2020-06-29,"c00010","TQLMI","i00490",2020-06-28,17
"491","s00489",2020-07-05,"c00005","QWBPM","i00492",2020-06-28,15
"492","s00529",2020-07-24,"c00006","TQLMI","i00489",2020-06-28,15
"493","s00498",2020-07-09,"c00006","SLNEL","i00494",2020-06-29,13
"494","s00503",2020-07-11,"c00006","ETKQW","i00493",2020-06-29,14
"495","s00557",2020-08-04,"c00008","JQWPP","i00495",2020-06-29,22
"496","s00487",2020-07-04,"c00008","TQLMI","i00497",2020-06-30,10
"497","s00491",2020-07-07,"c00008","JQWPP","i00496",2020-06-30,19
"498","s00509",2020-07-13,"c00008","SSBIT","i00498",2020-06-30,19
"499","s00483",2020-07-01,"c00003","ZUBSA","i00499",2020-07-01,16
"500","s00492",2020-07-07,"c00006","GEXDT","i00502",2020-07-01,12
"501","s00499",2020-07-09,"c00008","ETKQW","i00503",2020-07-01,14
"502","s00536",2020-07-27,"c00003","QWBPM","i00500",2020-07-01,17
"503","s00545",2020-07-30,"c00004","ZUBSA","i00501",2020-07-01,14
"504","s00486",2020-07-03,"c00005","ETKQW","i00504",2020-07-02,10
"505","s00493",2020-07-08,"c00009","JRVPC","i00505",2020-07-02,14
"506","s00522",2020-07-20,"c00008","QWBPM","i00506",2020-07-02,20
"507","s00512",2020-07-16,"c00004","GEXDT","i00507",2020-07-03,14
"508","s00490",2020-07-05,"c00005","QWBPM","i00512",2020-07-04,13
"509","s00513",2020-07-16,"c00003","TQLMI","i00511",2020-07-04,18
"510","s00516",2020-07-17,"c00009","QWBPM","i00508",2020-07-04,14
"511","s00527",2020-07-23,"c00003","GEXDT","i00510",2020-07-04,16
"512","s00537",2020-07-27,"c00004","ETKQW","i00509",2020-07-04,14
"513","s00494",2020-07-08,"c00007","SSBIT","i00514",2020-07-05,14
"514","s00538",2020-07-27,"c00009","JRVPC","i00513",2020-07-05,16
"515","s00495",2020-07-08,"c00005","ZUBSA","i00515",2020-07-06,16
"516","s00501",2020-07-10,"c00008","GEXDT","i00519",2020-07-07,12
"517","s00502",2020-07-10,"c00009","TQLMI","i00517",2020-07-07,14
"518","s00504",2020-07-11,"c00004","ETKQW","i00516",2020-07-07,17
"519","s00517",2020-07-18,"c00007","WBOEC","i00518",2020-07-07,8
"520","s00531",2020-07-25,"c00005","ETKQW","i00520",2020-07-08,9
"521","s00505",2020-07-11,"c00010","WBOEC","i00522",2020-07-09,15
"522","s00519",2020-07-19,"c00005","ETKQW","i00521",2020-07-09,19
"523","s00532",2020-07-26,"c00004","WBOEC","i00523",2020-07-10,9
"524","s00506",2020-07-12,"c00007","SLNEL","i00525",2020-07-11,13
"525","s00511",2020-07-15,"c00005","JRVPC","i00524",2020-07-11,20
"526","s00514",2020-07-16,"c00004","QWBPM","i00526",2020-07-11,17
"527","s00507",2020-07-12,"c00006","ZUBSA","i00529",2020-07-12,11
"528","s00520",2020-07-19,"c00004","ZUBSA","i00527",2020-07-12,21
"529","s00533",2020-07-26,"c00007","QWBPM","i00528",2020-07-12,19
"530","s00510",2020-07-14,"c00009","JQWPP","i00530",2020-07-13,11
"531","s00558",2020-08-04,"c00007","ZUBSA","i00531",2020-07-13,21
"532","s00521",2020-07-19,"c00008","QWBPM","i00533",2020-07-14,11
"533","s00525",2020-07-21,"c00008","ETKQW","i00534",2020-07-14,17
"534","s00563",2020-08-06,"c00008","WBOEC","i00535",2020-07-14,14
"535","s00579",2020-08-12,"c00005","JQWPP","i00536",2020-07-14,12
"536","s00726",2020-10-05,"c00007","SLNEL","i00532",2020-07-14,10
"537","s00515",2020-07-16,"c00008","ETKQW","i00538",2020-07-15,14
"538","s00518",2020-07-18,"c00008","GEXDT","i00537",2020-07-15,11
"539","s00546",2020-07-30,"c00008","QWBPM","i00539",2020-07-15,17
"540","s00539",2020-07-27,"c00007","ZUBSA","i00540",2020-07-16,15
"541","s00523",2020-07-20,"c00009","SLNEL","i00542",2020-07-17,16
"542","s00528",2020-07-23,"c00005","ETKQW","i00543",2020-07-17,13
"543","s00550",2020-08-01,"c00004","SSBIT","i00541",2020-07-17,18
"544","s00534",2020-07-26,"c00007","ZUBSA","i00544",2020-07-18,14
"545","s00524",2020-07-20,"c00005","ETKQW","i00546",2020-07-19,26
"546","s00551",2020-08-01,"c00007","QWBPM","i00545",2020-07-19,19
"547","s00526",2020-07-22,"c00007","QWBPM","i00547",2020-07-20,9
"548","s00552",2020-08-03,"c00006","WBOEC","i00548",2020-07-20,18
"549","s00564",2020-08-06,"c00005","JRVPC","i00549",2020-07-21,18
"550","s00530",2020-07-24,"c00004","JQWPP","i00551",2020-07-22,13
"551","s00547",2020-07-30,"c00008","WBOEC","i00552",2020-07-22,14
"552","s00565",2020-08-06,"c00005","ETKQW","i00550",2020-07-22,12
"553","s00548",2020-07-30,"c00010","JQWPP","i00553",2020-07-23,8
"554","s00642",2020-09-04,"c00004","SLNEL","i00554",2020-07-23,19
"555","s00535",2020-07-26,"c00005","ZUBSA","i00556",2020-07-24,24
"556","s00542",2020-07-28,"c00003","SLNEL","i00555",2020-07-24,16
"557","s00561",2020-08-05,"c00003","JQWPP","i00557",2020-07-24,13
"558","s00553",2020-08-03,"c00005","TQLMI","i00558",2020-07-25,12
"559","s00540",2020-07-27,"c00004","WBOEC","i00560",2020-07-26,18
"560","s00554",2020-08-03,"c00005","QWBPM","i00561",2020-07-26,12
"561","s00566",2020-08-07,"c00006","GEXDT","i00559",2020-07-26,19
"562","s00562",2020-08-05,"c00006","WBOEC","i00562",2020-07-27,12
"563","s00543",2020-07-29,"c00005","JQWPP","i00568",2020-07-28,21
"564","s00544",2020-07-29,"c00006","ZUBSA","i00566",2020-07-28,18
"565","s00549",2020-07-30,"c00010","ZUBSA","i00564",2020-07-28,9
"566","s00559",2020-08-04,"c00003","SSBIT","i00565",2020-07-28,15
"567","s00567",2020-08-07,"c00008","ETKQW","i00567",2020-07-28,17
"568","s00568",2020-08-07,"c00003","WBOEC","i00563",2020-07-28,14
"569","s00584",2020-08-13,"c00004","SSBIT","i00569",2020-07-28,18
"570","s00593",2020-08-16,"c00006","SLNEL","i00570",2020-07-29,14
"571","s00569",2020-08-07,"c00008","JQWPP","i00571",2020-07-30,18
"572","s00594",2020-08-16,"c00005","JRVPC","i00572",2020-07-31,9
"573","s00555",2020-08-03,"c00002","QWBPM","i00575",2020-08-01,16
"574","s00580",2020-08-12,"c00004","SSBIT","i00574",2020-08-01,15
"575","s00606",2020-08-21,"c00006","ZUBSA","i00573",2020-08-01,17
"576","s00556",2020-08-03,"c00009","SSBIT","i00578",2020-08-02,11
"577","s00560",2020-08-04,"c00009","WBOEC","i00576",2020-08-02,12
"578","s00570",2020-08-07,"c00010","QWBPM","i00577",2020-08-02,19
"579","s00575",2020-08-10,"c00007","ETKQW","i00580",2020-08-03,11
"580","s00670",2020-09-15,"c00008","SSBIT","i00579",2020-08-03,17
"581","s00679",2020-09-17,"c00009","JQWPP","i00581",2020-08-04,14
"582","s00571",2020-08-08,"c00001","QWBPM","i00586",2020-08-05,15
"583","s00573",2020-08-09,"c00004","TQLMI","i00583",2020-08-05,14
"584","s00581",2020-08-12,"c00007","ETKQW","i00582",2020-08-05,15
"585","s00589",2020-08-15,"c00006","JRVPC","i00584",2020-08-05,16
"586","s00599",2020-08-18,"c00010","SSBIT","i00585",2020-08-05,19
"587","s00576",2020-08-10,"c00004","SSBIT","i00589",2020-08-06,17
"588","s00582",2020-08-12,"c00009","QWBPM","i00587",2020-08-06,18
"589","s00585",2020-08-13,"c00003","JQWPP","i00588",2020-08-06,12
"590","s00572",2020-08-08,"c00007","JRVPC","i00590",2020-08-07,17
"591","s00577",2020-08-10,"c00004","SLNEL","i00591",2020-08-07,14
"592","s00574",2020-08-09,"c00007","ZUBSA","i00593",2020-08-08,14
"593","s00586",2020-08-13,"c00006","SLNEL","i00592",2020-08-08,13
"594","s00621",2020-08-28,"c00006","TQLMI","i00594",2020-08-08,14
"595","s00590",2020-08-15,"c00008","WBOEC","i00595",2020-08-10,11
"596","s00591",2020-08-15,"c00009","SLNEL","i00597",2020-08-10,10
"597","s00595",2020-08-16,"c00008","SSBIT","i00596",2020-08-10,18
"598","s00578",2020-08-11,"c00004","WBOEC","i00598",2020-08-11,18
"599","s00600",2020-08-18,"c00004","GEXDT","i00600",2020-08-11,12
"600","s00617",2020-08-27,"c00009","GEXDT","i00599",2020-08-11,14
"601","s00583",2020-08-12,"c00007","TQLMI","i00602",2020-08-12,7
"602","s00587",2020-08-14,"c00009","ZUBSA","i00603",2020-08-12,14
"603","s00604",2020-08-20,"c00009","ZUBSA","i00601",2020-08-12,16
"604","s00588",2020-08-14,"c00009","ETKQW","i00605",2020-08-13,11
"605","s00592",2020-08-15,"c00007","JQWPP","i00604",2020-08-13,19
"606","s00598",2020-08-17,"c00007","SSBIT","i00606",2020-08-14,15
"607","s00607",2020-08-21,"c00006","QWBPM","i00607",2020-08-14,14
"608","s00615",2020-08-26,"c00008","ZUBSA","i00608",2020-08-14,17
"609","s00596",2020-08-16,"c00004","SLNEL","i00611",2020-08-15,15
"610","s00601",2020-08-18,"c00005","QWBPM","i00612",2020-08-15,22
"611","s00602",2020-08-19,"c00003","ETKQW","i00610",2020-08-15,14
"612","s00603",2020-08-19,"c00005","SLNEL","i00609",2020-08-15,16
"613","s00605",2020-08-20,"c00005","ETKQW","i00613",2020-08-15,19
"614","s00597",2020-08-16,"c00009","JRVPC","i00614",2020-08-16,19
"615","s00609",2020-08-23,"c00007","JRVPC","i00615",2020-08-16,18
"616","s00608",2020-08-21,"c00009","ZUBSA","i00617",2020-08-17,18
"617","s00610",2020-08-23,"c00003","SSBIT","i00618",2020-08-17,17
"618","s00628",2020-08-31,"c00009","ETKQW","i00616",2020-08-17,11
"619","s00611",2020-08-23,"c00007","WBOEC","i00619",2020-08-18,13
"620","s00627",2020-08-30,"c00007","ETKQW","i00621",2020-08-18,13
"621","s00629",2020-08-31,"c00005","JRVPC","i00620",2020-08-18,14
"622","s00631",2020-09-01,"c00004","TQLMI","i00622",2020-08-20,23
"623","s00618",2020-08-27,"c00003","GEXDT","i00623",2020-08-21,12
"624","s00667",2020-09-13,"c00006","JQWPP","i00624",2020-08-21,16
"625","s00688",2020-09-23,"c00006","JQWPP","i00625",2020-08-21,11
"626","s00616",2020-08-26,"c00006","QWBPM","i00626",2020-08-22,9
"627","s00619",2020-08-27,"c00004","ETKQW","i00627",2020-08-22,14
"628","s00640",2020-09-03,"c00010","SSBIT","i00628",2020-08-22,17
"629","s00612",2020-08-24,"c00004","GEXDT","i00631",2020-08-23,17
"630","s00613",2020-08-24,"c00010","JRVPC","i00630",2020-08-23,17
"631","s00649",2020-09-06,"c00005","QWBPM","i00633",2020-08-23,18
"632","s00655",2020-09-08,"c00005","JRVPC","i00632",2020-08-23,16
"633","s00760",2020-10-17,"c00006","SLNEL","i00629",2020-08-23,20
"634","s00614",2020-08-25,"c00007","ETKQW","i00638",2020-08-24,18
"635","s00624",2020-08-29,"c00007","JQWPP","i00635",2020-08-24,18
"636","s00632",2020-09-01,"c00004","QWBPM","i00634",2020-08-24,13
"637","s00633",2020-09-01,"c00004","TQLMI","i00637",2020-08-24,16
"638","s00636",2020-09-02,"c00010","TQLMI","i00636",2020-08-24,17
"639","s00620",2020-08-27,"c00009","QWBPM","i00641",2020-08-25,12
"640","s00662",2020-09-10,"c00008","SSBIT","i00639",2020-08-25,12
"641","s00676",2020-09-16,"c00005","JRVPC","i00640",2020-08-25,17
"642","s00622",2020-08-28,"c00005","QWBPM","i00642",2020-08-26,15
"643","s00625",2020-08-29,"c00005","SSBIT","i00645",2020-08-26,11
"644","s00630",2020-08-31,"c00003","JRVPC","i00647",2020-08-26,17
"645","s00637",2020-09-02,"c00004","WBOEC","i00646",2020-08-26,16
"646","s00682",2020-09-21,"c00003","ETKQW","i00643",2020-08-26,13
"647","s00689",2020-09-23,"c00007","WBOEC","i00644",2020-08-26,13
"648","s00623",2020-08-28,"c00005","WBOEC","i00649",2020-08-27,18
"649","s00698",2020-09-26,"c00005","TQLMI","i00648",2020-08-27,11
"650","s00626",2020-08-29,"c00004","WBOEC","i00651",2020-08-29,11
"651","s00634",2020-09-01,"c00006","SSBIT","i00655",2020-08-29,18
"652","s00635",2020-09-01,"c00007","SSBIT","i00650",2020-08-29,25
"653","s00638",2020-09-02,"c00001","ETKQW","i00654",2020-08-29,15
"654","s00639",2020-09-02,"c00009","SSBIT","i00653",2020-08-29,21
"655","s00704",2020-09-28,"c00008","ZUBSA","i00652",2020-08-29,19
"656","s00643",2020-09-04,"c00009","ETKQW","i00656",2020-08-30,18
"657","s00651",2020-09-07,"c00006","ZUBSA","i00658",2020-08-30,20
"658","s00656",2020-09-08,"c00005","TQLMI","i00657",2020-08-30,21
"659","s00659",2020-09-09,"c00006","ETKQW","i00660",2020-08-30,13
"660","s00668",2020-09-14,"c00007","QWBPM","i00659",2020-08-30,12
"661","s00644",2020-09-04,"c00004","SSBIT","i00662",2020-08-31,11
"662","s00652",2020-09-07,"c00004","WBOEC","i00663",2020-08-31,15
"663","s00660",2020-09-09,"c00007","JRVPC","i00661",2020-08-31,13
"664","s00647",2020-09-05,"c00002","ETKQW","i00664",2020-09-01,10
"665","s00657",2020-09-08,"c00007","JRVPC","i00665",2020-09-02,9
"666","s00641",2020-09-03,"c00004","SSBIT","i00667",2020-09-03,16
"667","s00648",2020-09-05,"c00008","ZUBSA","i00669",2020-09-03,11
"668","s00653",2020-09-07,"c00009","ETKQW","i00666",2020-09-03,17
"669","s00654",2020-09-07,"c00009","JQWPP","i00670",2020-09-03,13
"670","s00761",2020-10-17,"c00004","TQLMI","i00668",2020-09-03,22
"671","s00645",2020-09-04,"c00009","QWBPM","i00672",2020-09-04,13
"672","s00646",2020-09-04,"c00010","WBOEC","i00674",2020-09-04,23
"673","s00671",2020-09-15,"c00009","WBOEC","i00673",2020-09-04,29
"674","s00672",2020-09-15,"c00008","JRVPC","i00675",2020-09-04,12
"675","s00727",2020-10-05,"c00010","ETKQW","i00671",2020-09-04,16
"676","s00650",2020-09-06,"c00005","GEXDT","i00678",2020-09-05,14
"677","s00663",2020-09-11,"c00003","SSBIT","i00679",2020-09-05,15
"678","s00664",2020-09-11,"c00004","WBOEC","i00677",2020-09-05,17
"679","s00711",2020-09-30,"c00007","TQLMI","i00676",2020-09-05,21
"680","s00658",2020-09-08,"c00008","QWBPM","i00682",2020-09-07,10
"681","s00661",2020-09-09,"c00006","TQLMI","i00681",2020-09-07,16
"682","s00677",2020-09-16,"c00008","ETKQW","i00680",2020-09-07,11
"683","s00666",2020-09-12,"c00004","SSBIT","i00683",2020-09-08,16
"684","s00669",2020-09-14,"c00004","ZUBSA","i00685",2020-09-08,17
"685","s00691",2020-09-24,"c00010","JRVPC","i00684",2020-09-08,23
"686","s00665",2020-09-11,"c00004","ZUBSA","i00686",2020-09-10,11
"687","s00680",2020-09-17,"c00007","ZUBSA","i00687",2020-09-10,19
"688","s00673",2020-09-15,"c00007","TQLMI","i00688",2020-09-11,15
"689","s00674",2020-09-15,"c00009","JRVPC","i00691",2020-09-12,11
"690","s00675",2020-09-15,"c00001","QWBPM","i00690",2020-09-12,19
"691","s00690",2020-09-23,"c00010","ZUBSA","i00689",2020-09-12,16
"692","s00715",2020-10-02,"c00003","JRVPC","i00692",2020-09-12,15
"693","s00681",2020-09-19,"c00009","SSBIT","i00693",2020-09-13,16
"694","s00683",2020-09-21,"c00005","GEXDT","i00697",2020-09-15,14
"695","s00712",2020-09-30,"c00004","JQWPP","i00696",2020-09-15,10
"696","s00721",2020-10-04,"c00010","ZUBSA","i00694",2020-09-15,12
"697","s00728",2020-10-05,"c00001","ETKQW","i00695",2020-09-15,18
"698","s00733",2020-10-08,"c00008","SLNEL","i00698",2020-09-15,20
"699","s00678",2020-09-16,"c00007","GEXDT","i00700",2020-09-16,9
"700","s00684",2020-09-21,"c00005","WBOEC","i00702",2020-09-16,12
"701","s00713",2020-10-01,"c00006","ZUBSA","i00699",2020-09-16,15
"702","s00738",2020-10-10,"c00009","JRVPC","i00701",2020-09-16,14
"703","s00699",2020-09-26,"c00008","ETKQW","i00703",2020-09-17,8
"704","s00776",2020-10-23,"c00005","ETKQW","i00704",2020-09-17,6
"705","s00692",2020-09-24,"c00009","JQWPP","i00706",2020-09-18,14
"706","s00700",2020-09-26,"c00003","JQWPP","i00705",2020-09-18,8
"707","s00693",2020-09-24,"c00009","SSBIT","i00707",2020-09-19,12
"708","s00694",2020-09-25,"c00009","SSBIT","i00708",2020-09-19,14
"709","s00701",2020-09-27,"c00008","SSBIT","i00709",2020-09-19,10
"710","s00685",2020-09-22,"c00006","JRVPC","i00712",2020-09-20,7
"711","s00686",2020-09-22,"c00004","ZUBSA","i00713",2020-09-20,8
"712","s00718",2020-10-03,"c00007","QWBPM","i00710",2020-09-20,18
"713","s00753",2020-10-15,"c00006","WBOEC","i00711",2020-09-20,11
"714","s00708",2020-09-29,"c00006","GEXDT","i00714",2020-09-21,20
"715","s00687",2020-09-22,"c00003","SSBIT","i00716",2020-09-22,10
"716","s00695",2020-09-25,"c00009","ZUBSA","i00715",2020-09-22,19
"717","s00696",2020-09-25,"c00009","JQWPP","i00718",2020-09-22,19
"718","s00709",2020-09-29,"c00001","WBOEC","i00717",2020-09-22,16
"719","s00702",2020-09-27,"c00009","ZUBSA","i00720",2020-09-23,14
"720","s00705",2020-09-28,"c00005","JRVPC","i00719",2020-09-23,13
"721","s00716",2020-10-02,"c00006","ETKQW","i00721",2020-09-23,19
"722","s00719",2020-10-03,"c00007","TQLMI","i00722",2020-09-24,19
"723","s00697",2020-09-25,"c00008","WBOEC","i00724",2020-09-25,12
"724","s00703",2020-09-27,"c00009","SSBIT","i00723",2020-09-25,17
"725","s00706",2020-09-28,"c00003","ETKQW","i00725",2020-09-25,14
"726","s00717",2020-10-02,"c00007","WBOEC","i00726",2020-09-25,15
"727","s00729",2020-10-05,"c00005","GEXDT","i00727",2020-09-25,12
"728","s00785",2020-10-26,"c00010","ZUBSA","i00728",2020-09-26,16
"729","s00707",2020-09-28,"c00003","TQLMI","i00729",2020-09-27,9
"730","s00710",2020-09-29,"c00003","SLNEL","i00730",2020-09-27,18
"731","s00765",2020-10-19,"c00007","ETKQW","i00731",2020-09-28,15
"732","s00786",2020-10-26,"c00004","ETKQW","i00732",2020-09-28,16
"733","s00722",2020-10-04,"c00005","ZUBSA","i00733",2020-09-29,19
"734","s00734",2020-10-08,"c00008","ETKQW","i00734",2020-09-29,16
"735","s00730",2020-10-06,"c00010","WBOEC","i00736",2020-09-30,15
"736","s00736",2020-10-09,"c00009","ZUBSA","i00735",2020-09-30,18
"737","s00714",2020-10-01,"c00008","TQLMI","i00737",2020-10-01,17
"738","s00723",2020-10-04,"c00007","SLNEL","i00738",2020-10-01,16
"739","s00720",2020-10-03,"c00005","WBOEC","i00739",2020-10-02,11
"740","s00724",2020-10-04,"c00005","JRVPC","i00744",2020-10-03,14
"741","s00732",2020-10-07,"c00009","ZUBSA","i00743",2020-10-03,15
"742","s00739",2020-10-10,"c00003","ETKQW","i00747",2020-10-03,11
"743","s00745",2020-10-13,"c00009","JQWPP","i00742",2020-10-03,14
"744","s00746",2020-10-13,"c00007","ETKQW","i00745",2020-10-03,15
"745","s00791",2020-10-27,"c00008","GEXDT","i00741",2020-10-03,19
"746","s00798",2020-10-30,"c00009","ZUBSA","i00746",2020-10-03,15
"747","s00804",2020-11-01,"c00004","JQWPP","i00740",2020-10-03,20
"748","s00725",2020-10-04,"c00005","JQWPP","i00749",2020-10-04,16
"749","s00743",2020-10-12,"c00009","ETKQW","i00751",2020-10-04,8
"750","s00751",2020-10-14,"c00005","JRVPC","i00748",2020-10-04,19
"751","s00799",2020-10-31,"c00008","TQLMI","i00750",2020-10-04,17
"752","s00847",2020-11-17,"c00003","ETKQW","i00752",2020-10-05,7
"753","s00731",2020-10-06,"c00004","SLNEL","i00756",2020-10-06,10
"754","s00735",2020-10-08,"c00006","GEXDT","i00759",2020-10-06,14
"755","s00740",2020-10-10,"c00005","ETKQW","i00754",2020-10-06,18
"756","s00742",2020-10-11,"c00003","GEXDT","i00757",2020-10-06,20
"757","s00754",2020-10-15,"c00007","JQWPP","i00758",2020-10-06,12
"758","s00755",2020-10-15,"c00005","JQWPP","i00753",2020-10-06,14
"759","s00757",2020-10-16,"c00009","JQWPP","i00760",2020-10-06,10
"760","s00762",2020-10-18,"c00009","GEXDT","i00761",2020-10-06,14
"761","s00793",2020-10-28,"c00008","JRVPC","i00755",2020-10-06,14
"762","s00737",2020-10-09,"c00007","ZUBSA","i00764",2020-10-07,18
"763","s00747",2020-10-13,"c00005","JQWPP","i00763",2020-10-07,16
"764","s00748",2020-10-13,"c00005","JRVPC","i00766",2020-10-07,12
"765","s00766",2020-10-19,"c00009","JQWPP","i00765",2020-10-07,18
"766","s00767",2020-10-20,"c00004","TQLMI","i00767",2020-10-07,20
"767","s00769",2020-10-21,"c00008","GEXDT","i00762",2020-10-07,19
"768","s00756",2020-10-15,"c00007","ETKQW","i00768",2020-10-08,13
"769","s00777",2020-10-23,"c00005","ETKQW","i00769",2020-10-08,18
"770","s00800",2020-10-31,"c00009","SLNEL","i00770",2020-10-08,7
"771","s00749",2020-10-13,"c00003","JRVPC","i00771",2020-10-09,19
"772","s00752",2020-10-14,"c00004","QWBPM","i00772",2020-10-09,18
"773","s00774",2020-10-22,"c00009","QWBPM","i00773",2020-10-09,10
"774","s00780",2020-10-25,"c00009","ETKQW","i00774",2020-10-09,14
"775","s00741",2020-10-10,"c00010","JRVPC","i00779",2020-10-10,10
"776","s00744",2020-10-12,"c00008","TQLMI","i00776",2020-10-10,14
"777","s00750",2020-10-13,"c00004","WBOEC","i00778",2020-10-10,9
"778","s00758",2020-10-16,"c00004","SLNEL","i00775",2020-10-10,15
"779","s00779",2020-10-24,"c00005","TQLMI","i00777",2020-10-10,18
"780","s00768",2020-10-20,"c00006","ZUBSA","i00781",2020-10-11,13
"781","s00848",2020-11-17,"c00010","GEXDT","i00780",2020-10-11,17
"782","s00759",2020-10-16,"c00009","JQWPP","i00783",2020-10-12,7
"783","s00787",2020-10-26,"c00005","ZUBSA","i00782",2020-10-12,15
"784","s00770",2020-10-21,"c00005","WBOEC","i00784",2020-10-13,27
"785","s00763",2020-10-18,"c00006","TQLMI","i00785",2020-10-14,12
"786","s00781",2020-10-25,"c00004","TQLMI","i00787",2020-10-16,9
"787","s00816",2020-11-05,"c00009","JRVPC","i00786",2020-10-16,18
"788","s00764",2020-10-18,"c00007","GEXDT","i00788",2020-10-17,13
"789","s00771",2020-10-21,"c00007","ZUBSA","i00792",2020-10-17,19
"790","s00788",2020-10-26,"c00004","JRVPC","i00791",2020-10-17,27
"791","s00789",2020-10-26,"c00008","JQWPP","i00789",2020-10-17,15
"792","s00805",2020-11-01,"c00003","JQWPP","i00790",2020-10-17,13
"793","s00782",2020-10-25,"c00006","WBOEC","i00795",2020-10-18,19
"794","s00792",2020-10-27,"c00003","ZUBSA","i00797",2020-10-18,28
"795","s00794",2020-10-28,"c00007","JQWPP","i00794",2020-10-18,15
"796","s00809",2020-11-02,"c00005","JRVPC","i00796",2020-10-18,16
"797","s00813",2020-11-03,"c00007","GEXDT","i00793",2020-10-18,19
"798","s00772",2020-10-21,"c00008","QWBPM","i00798",2020-10-19,14
"799","s00775",2020-10-22,"c00005","WBOEC","i00802",2020-10-19,15
"800","s00806",2020-11-01,"c00005","ETKQW","i00801",2020-10-19,14
"801","s00834",2020-11-12,"c00005","SSBIT","i00799",2020-10-19,8
"802","s00858",2020-11-20,"c00009","GEXDT","i00800",2020-10-19,6
"803","s00773",2020-10-21,"c00008","ZUBSA","i00803",2020-10-20,13
"804","s00783",2020-10-25,"c00009","ZUBSA","i00804",2020-10-20,16
"805","s00784",2020-10-25,"c00007","SLNEL","i00805",2020-10-21,11
"806","s00795",2020-10-28,"c00005","GEXDT","i00808",2020-10-21,10
"807","s00828",2020-11-08,"c00007","ETKQW","i00806",2020-10-21,16
"808","s00829",2020-11-08,"c00007","WBOEC","i00807",2020-10-21,23
"809","s00824",2020-11-07,"c00004","SSBIT","i00809",2020-10-22,17
"810","s00778",2020-10-23,"c00005","QWBPM","i00810",2020-10-23,14
"811","s00810",2020-11-02,"c00009","QWBPM","i00811",2020-10-23,18
"812","s00811",2020-11-02,"c00007","SSBIT","i00813",2020-10-24,16
"813","s00817",2020-11-05,"c00004","SLNEL","i00812",2020-10-24,21
"814","s00830",2020-11-08,"c00007","SLNEL","i00814",2020-10-24,18
"815","s00790",2020-10-26,"c00008","GEXDT","i00815",2020-10-25,15
"816","s00801",2020-10-31,"c00009","JQWPP","i00816",2020-10-25,12
"817","s00802",2020-10-31,"c00004","JQWPP","i00819",2020-10-26,16
"818","s00831",2020-11-09,"c00005","SSBIT","i00817",2020-10-26,16
"819","s00862",2020-11-22,"c00004","SSBIT","i00818",2020-10-26,9
"820","s00814",2020-11-03,"c00007","ETKQW","i00822",2020-10-27,13
"821","s00815",2020-11-04,"c00003","SLNEL","i00821",2020-10-27,16
"822","s00818",2020-11-05,"c00005","JQWPP","i00820",2020-10-27,15
"823","s00796",2020-10-28,"c00003","ETKQW","i00824",2020-10-28,17
"824","s00807",2020-11-01,"c00003","ETKQW","i00823",2020-10-28,20
"825","s00797",2020-10-29,"c00005","ZUBSA","i00827",2020-10-29,12
"826","s00823",2020-11-06,"c00004","QWBPM","i00825",2020-10-29,16
"827","s00877",2020-11-28,"c00003","SSBIT","i00826",2020-10-29,21
"828","s00803",2020-10-31,"c00003","GEXDT","i00831",2020-10-30,10
"829","s00819",2020-11-05,"c00007","ZUBSA","i00829",2020-10-30,18
"830","s00825",2020-11-07,"c00005","JRVPC","i00832",2020-10-30,14
"831","s00832",2020-11-11,"c00009","ZUBSA","i00828",2020-10-30,18
"832","s00840",2020-11-14,"c00006","TQLMI","i00830",2020-10-30,18
"833","s00812",2020-11-02,"c00008","SLNEL","i00833",2020-10-31,9
"834","s00838",2020-11-13,"c00005","QWBPM","i00834",2020-10-31,22
"835","s00808",2020-11-01,"c00010","SLNEL","i00835",2020-11-01,18
"836","s00835",2020-11-12,"c00009","JQWPP","i00836",2020-11-02,13
"837","s00841",2020-11-14,"c00004","GEXDT","i00837",2020-11-02,16
"838","s00820",2020-11-05,"c00010","SSBIT","i00838",2020-11-03,18
"839","s00821",2020-11-05,"c00009","ZUBSA","i00839",2020-11-04,8
"840","s00822",2020-11-05,"c00007","TQLMI","i00840",2020-11-04,17
"841","s00836",2020-11-12,"c00005","ETKQW","i00841",2020-11-05,9
"842","s00844",2020-11-16,"c00005","QWBPM","i00843",2020-11-05,21
"843","s00866",2020-11-24,"c00009","GEXDT","i00842",2020-11-05,7
"844","s00839",2020-11-13,"c00005","SLNEL","i00844",2020-11-06,8
"845","s00875",2020-11-26,"c00006","ZUBSA","i00845",2020-11-06,7
"846","s00826",2020-11-07,"c00006","JQWPP","i00847",2020-11-07,10
"847","s00827",2020-11-07,"c00004","JQWPP","i00846",2020-11-07,13
"848","s00845",2020-11-16,"c00010","WBOEC","i00849",2020-11-08,18
"849","s00854",2020-11-19,"c00005","WBOEC","i00848",2020-11-08,18
"850","s00833",2020-11-11,"c00004","SLNEL","i00851",2020-11-09,14
"851","s00855",2020-11-19,"c00010","SSBIT","i00850",2020-11-09,19
"852","s00842",2020-11-14,"c00003","TQLMI","i00852",2020-11-10,14
"853","s00868",2020-11-25,"c00009","QWBPM","i00853",2020-11-10,17
"854","s00883",2020-11-30,"c00003","SLNEL","i00854",2020-11-10,10
"855","s00884",2020-11-30,"c00001","SLNEL","i00855",2020-11-11,14
"856","s00837",2020-11-12,"c00010","SLNEL","i00856",2020-11-12,19
"857","s00843",2020-11-15,"c00004","TQLMI","i00859",2020-11-13,13
"858","s00849",2020-11-17,"c00010","ETKQW","i00857",2020-11-13,16
"859","s00897",2020-12-06,"c00004","TQLMI","i00858",2020-11-13,13
"860","s00846",2020-11-16,"c00002","SLNEL","i00861",2020-11-14,10
"861","s00850",2020-11-17,"c00005","GEXDT","i00860",2020-11-14,15
"862","s00876",2020-11-26,"c00006","JQWPP","i00863",2020-11-15,13
"863","s00879",2020-11-29,"c00010","ZUBSA","i00862",2020-11-15,16
"864","s00906",2020-12-09,"c00008","ZUBSA","i00864",2020-11-15,14
"865","s00851",2020-11-18,"c00004","SLNEL","i00867",2020-11-16,11
"866","s00861",2020-11-21,"c00004","GEXDT","i00866",2020-11-16,17
"867","s00864",2020-11-23,"c00010","JRVPC","i00865",2020-11-16,15
"868","s00865",2020-11-23,"c00009","SLNEL","i00868",2020-11-16,10
"869","s00891",2020-12-03,"c00005","GEXDT","i00869",2020-11-16,14
"870","s00852",2020-11-18,"c00005","TQLMI","i00871",2020-11-17,17
"871","s00856",2020-11-19,"c00004","TQLMI","i00872",2020-11-17,17
"872","s00857",2020-11-19,"c00010","ZUBSA","i00870",2020-11-17,27
"873","s00853",2020-11-18,"c00009","JQWPP","i00873",2020-11-18,18
"874","s00859",2020-11-20,"c00004","WBOEC","i00874",2020-11-18,10
"875","s00896",2020-12-05,"c00003","TQLMI","i00875",2020-11-18,15
"876","s00860",2020-11-20,"c00009","SLNEL","i00877",2020-11-19,13
"877","s00887",2020-12-01,"c00008","SSBIT","i00876",2020-11-19,20
"878","s00901",2020-12-07,"c00008","WBOEC","i00878",2020-11-20,23
"879","s00863",2020-11-22,"c00009","TQLMI","i00881",2020-11-21,19
"880","s00898",2020-12-06,"c00007","SLNEL","i00879",2020-11-21,14
"881","s00949",2020-12-24,"c00009","GEXDT","i00880",2020-11-21,14
"882","s00869",2020-11-25,"c00003","ETKQW","i00888",2020-11-22,13
"883","s00870",2020-11-25,"c00007","TQLMI","i00884",2020-11-22,15
"884","s00871",2020-11-25,"c00009","ZUBSA","i00883",2020-11-22,15
"885","s00880",2020-11-29,"c00004","TQLMI","i00886",2020-11-22,25
"886","s00885",2020-11-30,"c00007","GEXDT","i00882",2020-11-22,9
"887","s00894",2020-12-04,"c00007","SLNEL","i00885",2020-11-22,12
"888","s00902",2020-12-07,"c00006","JQWPP","i00887",2020-11-22,14
"889","s00872",2020-11-25,"c00004","QWBPM","i00890",2020-11-23,14
"890","s00873",2020-11-25,"c00004","ETKQW","i00889",2020-11-23,14
"891","s00867",2020-11-24,"c00009","JRVPC","i00892",2020-11-24,18
"892","s00874",2020-11-25,"c00005","SLNEL","i00891",2020-11-24,14
"893","s00911",2020-12-11,"c00007","WBOEC","i00894",2020-11-25,14
"894","s00921",2020-12-14,"c00007","SLNEL","i00893",2020-11-25,14
"895","s00881",2020-11-29,"c00008","ETKQW","i00895",2020-11-26,14
"896","s00922",2020-12-14,"c00005","WBOEC","i00896",2020-11-26,13
"897","s00878",2020-11-28,"c00008","GEXDT","i00899",2020-11-27,13
"898","s00882",2020-11-29,"c00005","GEXDT","i00898",2020-11-27,19
"899","s00888",2020-12-01,"c00004","WBOEC","i00897",2020-11-27,12
"900","s00889",2020-12-02,"c00005","ETKQW","i00901",2020-11-27,20
"901","s00904",2020-12-08,"c00004","SLNEL","i00900",2020-11-27,14
"902","s00923",2020-12-14,"c00007","QWBPM","i00902",2020-11-27,12
"903","s00899",2020-12-06,"c00009","JQWPP","i00903",2020-11-28,19
"904","s00886",2020-11-30,"c00009","JRVPC","i00909",2020-11-30,16
"905","s00890",2020-12-02,"c00010","SLNEL","i00905",2020-11-30,23
"906","s00895",2020-12-04,"c00005","QWBPM","i00908",2020-11-30,17
"907","s00903",2020-12-07,"c00006","JQWPP","i00906",2020-11-30,10
"908","s00916",2020-12-12,"c00003","ETKQW","i00907",2020-11-30,13
"909","s00931",2020-12-17,"c00005","SSBIT","i00904",2020-11-30,14
"910","s00892",2020-12-03,"c00009","JRVPC","i00910",2020-12-02,13
"911","s00917",2020-12-12,"c00008","ETKQW","i00913",2020-12-02,18
"912","s00924",2020-12-14,"c00006","WBOEC","i00911",2020-12-02,13
"913","s00950",2020-12-24,"c00003","SLNEL","i00912",2020-12-02,12
"914","s00893",2020-12-03,"c00009","WBOEC","i00914",2020-12-03,16
"915","s00958",2020-12-27,"c00008","TQLMI","i00915",2020-12-03,14
"916","s00957",2020-12-26,"c00008","GEXDT","i00916",2020-12-04,11
"917","s00900",2020-12-06,"c00006","WBOEC","i00917",2020-12-05,10
"918","s00912",2020-12-11,"c00009","JQWPP","i00920",2020-12-05,18
"919","s00919",2020-12-13,"c00007","TQLMI","i00918",2020-12-05,14
"920","s00927",2020-12-16,"c00005","JQWPP","i00919",2020-12-05,14
"921","s00905",2020-12-08,"c00004","GEXDT","i00924",2020-12-06,21
"922","s00907",2020-12-09,"c00006","GEXDT","i00921",2020-12-06,15
"923","s00913",2020-12-11,"c00005","JQWPP","i00922",2020-12-06,9
"924","s00914",2020-12-11,"c00005","SLNEL","i00926",2020-12-06,18
"925","s00918",2020-12-12,"c00005","GEXDT","i00925",2020-12-06,15
"926","s00959",2020-12-27,"c00003","JRVPC","i00923",2020-12-06,19
"927","s00909",2020-12-10,"c00010","SSBIT","i00928",2020-12-07,17
"928","s00937",2020-12-19,"c00003","TQLMI","i00927",2020-12-07,21
"929","s00920",2020-12-13,"c00005","GEXDT","i00929",2020-12-08,10
"930","s00951",2020-12-24,"c00004","ZUBSA","i00930",2020-12-08,16
"931","s00908",2020-12-09,"c00007","SLNEL","i00933",2020-12-09,12
"932","s00934",2020-12-18,"c00010","WBOEC","i00931",2020-12-09,17
"933","s00943",2020-12-21,"c00005","GEXDT","i00934",2020-12-09,11
"934","s00963",2020-12-28,"c00005","JRVPC","i00932",2020-12-09,11
"935","s00910",2020-12-10,"c00001","GEXDT","i00935",2020-12-10,10
"936","s00915",2020-12-11,"c00007","ZUBSA","i00936",2020-12-10,20
"937","s00942",2020-12-20,"c00008","SSBIT","i00937",2020-12-10,11
"938","s00945",2020-12-22,"c00008","SSBIT","i00938",2020-12-11,17
"939","s00932",2020-12-17,"c00008","ETKQW","i00941",2020-12-12,11
"940","s00935",2020-12-18,"c00004","TQLMI","i00940",2020-12-12,14
"941","s00944",2020-12-21,"c00006","SSBIT","i00939",2020-12-12,17
"942","s00999",2021-01-24,"c00009","ETKQW","i00942",2020-12-12,26
"943","s00925",2020-12-14,"c00009","SSBIT","i00946",2020-12-13,15
"944","s00926",2020-12-14,"c00008","SSBIT","i00944",2020-12-13,16
"945","s00946",2020-12-22,"c00009","SLNEL","i00943",2020-12-13,18
"946","s00981",2021-01-04,"c00004","GEXDT","i00945",2020-12-13,12
"947","s00936",2020-12-18,"c00010","JQWPP","i00947",2020-12-14,16
"948","s00938",2020-12-19,"c00004","JRVPC","i00948",2020-12-14,15
"949","s00928",2020-12-16,"c00007","JRVPC","i00951",2020-12-15,5
"950","s00929",2020-12-16,"c00005","TQLMI","i00950",2020-12-15,18
"951","s00930",2020-12-16,"c00006","WBOEC","i00949",2020-12-15,21
"952","s00960",2020-12-27,"c00009","GEXDT","i00952",2020-12-15,11
"953","s00939",2020-12-19,"c00007","JRVPC","i00954",2020-12-16,17
"954","s00985",2021-01-06,"c00008","WBOEC","i00953",2020-12-16,10
"955","s00933",2020-12-17,"c00007","JRVPC","i00957",2020-12-17,9
"956","s00940",2020-12-19,"c00005","SLNEL","i00960",2020-12-17,17
"957","s00947",2020-12-22,"c00007","GEXDT","i00958",2020-12-17,12
"958","s00956",2020-12-25,"c00008","JQWPP","i00956",2020-12-17,12
"959","s00968",2020-12-31,"c00007","WBOEC","i00955",2020-12-17,22
"960","s00983",2021-01-05,"c00004","JQWPP","i00959",2020-12-17,13
"961","s00941",2020-12-19,"c00006","ETKQW","i00962",2020-12-18,13
"962","s00952",2020-12-24,"c00008","TQLMI","i00964",2020-12-18,13
"963","s00953",2020-12-24,"c00004","ZUBSA","i00965",2020-12-18,13
"964","s00961",2020-12-27,"c00004","GEXDT","i00963",2020-12-18,17
"965","s00976",2021-01-03,"c00006","TQLMI","i00961",2020-12-18,16
"966","s00964",2020-12-28,"c00006","SSBIT","i00966",2020-12-19,19
"967","s00986",2021-01-07,"c00008","SLNEL","i00968",2020-12-19,12
"968","s00994",2021-01-15,"c00008","WBOEC","i00967",2020-12-19,17
"969","s00954",2020-12-24,"c00008","JQWPP","i00970",2020-12-21,12
"970","s00969",2020-12-31,"c00006","ZUBSA","i00969",2020-12-21,15
"971","s00955",2020-12-24,"c00009","JQWPP","i00973",2020-12-22,10
"972","s00962",2020-12-27,"c00005","ETKQW","i00972",2020-12-22,14
"973","s00977",2021-01-03,"c00006","TQLMI","i00971",2020-12-22,25
"974","s00996",2021-01-20,"c00007","SLNEL","i00974",2020-12-22,16
"975","s00948",2020-12-23,"c00003","JRVPC","i00975",2020-12-23,19
"976","s00965",2020-12-28,"c00007","ZUBSA","i00977",2020-12-24,19
"977","s00970",2020-12-31,"c00007","JRVPC","i00976",2020-12-24,12
"978","s00989",2021-01-10,"c00005","JRVPC","i00978",2020-12-24,17
"979","s00993",2021-01-13,"c00007","SSBIT","i00979",2020-12-26,16
"980","s00997",2021-01-21,"c00009","QWBPM","i00980",2020-12-26,14
"981","s00973",2021-01-01,"c00007","SSBIT","i00981",2020-12-27,10
"982","s00974",2021-01-02,"c00005","JQWPP","i00983",2020-12-27,15
"983","s00990",2021-01-11,"c00009","ZUBSA","i00982",2020-12-27,13
"984","s00966",2020-12-29,"c00007","TQLMI","i00984",2020-12-28,14
"985","s00967",2020-12-30,"c00008","ZUBSA","i00987",2020-12-28,8
"986","s00975",2021-01-02,"c00005","JQWPP","i00985",2020-12-28,16
"987","s00978",2021-01-03,"c00005","SLNEL","i00986",2020-12-28,15
"988","s00971",2020-12-31,"c00007","ETKQW","i00988",2020-12-29,17
"989","s00982",2021-01-04,"c00006","ETKQW","i00990",2020-12-29,18
"990","s01000",2021-02-15,"c00004","ZUBSA","i00989",2020-12-29,16
"991","s00972",2020-12-31,"c00006","GEXDT","i00997",2020-12-30,17
"992","s00979",2021-01-03,"c00006","SLNEL","i00992",2020-12-30,13
"993","s00984",2021-01-05,"c00009","ZUBSA","i00995",2020-12-30,13
"994","s00987",2021-01-08,"c00008","TQLMI","i00993",2020-12-30,19
"995","s00991",2021-01-12,"c00007","WBOEC","i00994",2020-12-30,21
"996","s00992",2021-01-12,"c00007","TQLMI","i00996",2020-12-30,16
"997","s00995",2021-01-16,"c00006","JQWPP","i00991",2020-12-30,13
"998","s00980",2021-01-03,"c00006","ZUBSA","i00999",2020-12-31,10
"999","s00988",2021-01-08,"c00004","JQWPP","i01000",2020-12-31,6
"1000","s00998",2021-01-21,"c00003","TQLMI","i00998",2020-12-31,11
